"condition","font","baseline_miles","updated_miles","miles_driven","baseline_last_digit","updated_last_digit"
"Sign Top","Cambria",896,39198,38302,6,8
"Sign Bottom","Cambria",21396,63511,42115,6,1
"Sign Bottom","Cambria",21340,37460,16120,0,0
"Sign Bottom","Cambria",23912,59136,35224,2,6
"Sign Bottom","Calibri",16862,59292,42430,2,2
"Sign Top","Calibri",147738,167895,20157,8,5
"Sign Bottom","Calibri",18780,49811,31031,0,1
"Sign Top","Calibri",41930,80323,38393,0,3
"Sign Top","Cambria",28993,63707,34714,3,7
"Sign Bottom","Calibri",78382,127817,49435,2,7
"Sign Top","Calibri",58500,81081,22581,0,1
"Sign Bottom","Cambria",99417,149211,49794,7,1
"Sign Bottom","Calibri",93231,98047,4816,1,7
"Sign Bottom","Cambria",83443,105094,21651,3,4
"Sign Bottom","Cambria",22008,26486,4478,8,6
"Sign Bottom","Calibri",27950,59514,31564,0,4
"Sign Bottom","Cambria",67589,100475,32886,9,5
"Sign Bottom","Calibri",32753,76724,43971,3,4
"Sign Top","Calibri",33044,70775,37731,4,5
"Sign Bottom","Cambria",104857,109961,5104,7,1
"Sign Bottom","Calibri",121699,137849,16150,9,9
"Sign Top","Calibri",16094,45489,29395,4,9
"Sign Top","Cambria",78182,122739,44557,2,9
"Sign Bottom","Cambria",21735,58693,36958,5,3
"Sign Top","Calibri",47473,68971,21498,3,1
"Sign Bottom","Calibri",121416,123661,2245,6,1
"Sign Bottom","Cambria",4616,30597,25981,6,7
"Sign Bottom","Cambria",13604,31750,18146,4,0
"Sign Bottom","Calibri",125000,139801,14801,0,1
"Sign Top","Calibri",40463,70095,29632,3,5
"Sign Top","Calibri",34823,78262,43439,3,2
"Sign Top","Cambria",120296,137162,16866,6,2
"Sign Top","Calibri",79173,125933,46760,3,3
"Sign Bottom","Cambria",110372,142100,31728,2,0
"Sign Bottom","Cambria",3586,41419,37833,6,9
"Sign Top","Cambria",26017,60347,34330,7,7
"Sign Top","Calibri",149000,177873,28873,0,3
"Sign Top","Cambria",15939,17025,1086,9,5
"Sign Bottom","Cambria",23949,27990,4041,9,0
"Sign Bottom","Cambria",119260,143890,24630,0,0
"Sign Top","Calibri",31600,33172,1572,0,2
"Sign Top","Calibri",80000,96440,16440,0,0
"Sign Bottom","Cambria",119420,162182,42762,0,2
"Sign Bottom","Cambria",91532,119830,28298,2,0
"Sign Bottom","Cambria",120927,130538,9611,7,8
"Sign Top","Calibri",116843,143167,26324,3,7
"Sign Bottom","Cambria",53962,98112,44150,2,2
"Sign Top","Cambria",67059,105702,38643,9,2
"Sign Top","Cambria",117216,118351,1135,6,1
"Sign Top","Cambria",43792,91238,47446,2,8
"Sign Bottom","Cambria",13781,54459,40678,1,9
"Sign Top","Cambria",42064,49235,7171,4,5
"Sign Bottom","Calibri",145271,167129,21858,1,9
"Sign Top","Calibri",58545,95608,37063,5,8
"Sign Top","Calibri",26545,52377,25832,5,7
"Sign Top","Calibri",50388,98369,47981,8,9
"Sign Top","Calibri",108263,132557,24294,3,7
"Sign Top","Cambria",40711,82311,41600,1,1
"Sign Top","Cambria",105099,139843,34744,9,3
"Sign Top","Calibri",37776,51717,13941,6,7
"Sign Bottom","Calibri",189000,197565,8565,0,5
"Sign Top","Cambria",144593,174019,29426,3,9
"Sign Top","Calibri",94162,112348,18186,2,8
"Sign Top","Cambria",78704,109065,30361,4,5
"Sign Bottom","Calibri",59970,89440,29470,0,0
"Sign Bottom","Calibri",86465,123221,36756,5,1
"Sign Top","Calibri",15,5037,5022,5,7
"Sign Bottom","Cambria",61791,94082,32291,1,2
"Sign Bottom","Cambria",73000,90287,17287,0,7
"Sign Bottom","Calibri",125683,163995,38312,3,5
"Sign Bottom","Cambria",194677,198762,4085,7,2
"Sign Bottom","Cambria",23929,30565,6636,9,5
"Sign Bottom","Cambria",5551,12902,7351,1,2
"Sign Top","Calibri",23,9378,9355,3,8
"Sign Top","Calibri",140000,150928,10928,0,8
"Sign Top","Calibri",45000,65534,20534,0,4
"Sign Bottom","Calibri",14418,28096,13678,8,6
"Sign Top","Cambria",15643,60317,44674,3,7
"Sign Bottom","Calibri",73166,103756,30590,6,6
"Sign Top","Calibri",62500,90815,28315,0,5
"Sign Bottom","Cambria",42537,82832,40295,7,2
"Sign Bottom","Cambria",49732,87637,37905,2,7
"Sign Top","Calibri",4225,11848,7623,5,8
"Sign Top","Cambria",68511,108435,39924,1,5
"Sign Bottom","Cambria",121183,133548,12365,3,8
"Sign Top","Cambria",108698,152103,43405,8,3
"Sign Top","Cambria",29783,64198,34415,3,8
"Sign Top","Calibri",96000,131817,35817,0,7
"Sign Top","Calibri",24091,28451,4360,1,1
"Sign Bottom","Calibri",55733,70102,14369,3,2
"Sign Top","Calibri",127000,165152,38152,0,2
"Sign Top","Calibri",130000,137606,7606,0,6
"Sign Top","Cambria",75409,81093,5684,9,3
"Sign Top","Cambria",39,35190,35151,9,0
"Sign Top","Cambria",815,9489,8674,5,9
"Sign Bottom","Cambria",61099,89389,28290,9,9
"Sign Bottom","Calibri",101658,136696,35038,8,6
"Sign Top","Cambria",140184,170694,30510,4,4
"Sign Bottom","Cambria",36169,59997,23828,9,7
"Sign Bottom","Cambria",41684,83436,41752,4,6
"Sign Top","Calibri",65359,81621,16262,9,1
"Sign Top","Cambria",167566,181690,14124,6,0
"Sign Bottom","Cambria",276481,294755,18274,1,5
"Sign Bottom","Calibri",5831,36253,30422,1,3
"Sign Bottom","Calibri",186740,207838,21098,0,8
"Sign Top","Calibri",25000,64152,39152,0,2
"Sign Top","Calibri",87892,126909,39017,2,9
"Sign Bottom","Cambria",69946,115257,45311,6,7
"Sign Bottom","Calibri",56136,96505,40369,6,5
"Sign Top","Cambria",50468,99285,48817,8,5
"Sign Top","Cambria",601,6240,5639,1,0
"Sign Top","Cambria",44668,67176,22508,8,6
"Sign Top","Cambria",57316,76622,19306,6,2
"Sign Top","Calibri",61424,97120,35696,4,0
"Sign Bottom","Calibri",111069,155135,44066,9,5
"Sign Top","Calibri",91258,103454,12196,8,4
"Sign Bottom","Calibri",160251,166627,6376,1,7
"Sign Bottom","Calibri",20500,36127,15627,0,7
"Sign Top","Calibri",0,20345,20345,0,5
"Sign Bottom","Cambria",271738,281573,9835,8,3
"Sign Top","Calibri",11241,38298,27057,1,8
"Sign Bottom","Calibri",43191,56235,13044,1,5
"Sign Bottom","Calibri",16588,48888,32300,8,8
"Sign Bottom","Calibri",54860,66734,11874,0,4
"Sign Bottom","Cambria",209713,213965,4252,3,5
"Sign Top","Calibri",96985,141240,44255,5,0
"Sign Top","Cambria",73811,116476,42665,1,6
"Sign Top","Calibri",94000,139018,45018,0,8
"Sign Top","Calibri",59179,67495,8316,9,5
"Sign Top","Calibri",0,19287,19287,0,7
"Sign Top","Calibri",6830,8069,1239,0,9
"Sign Top","Cambria",88737,103166,14429,7,6
"Sign Bottom","Cambria",15883,53595,37712,3,5
"Sign Bottom","Calibri",288120,297908,9788,0,8
"Sign Bottom","Cambria",85430,102716,17286,0,6
"Sign Bottom","Calibri",79651,115410,35759,1,0
"Sign Bottom","Calibri",94055,111152,17097,5,2
"Sign Top","Cambria",87122,106098,18976,2,8
"Sign Top","Calibri",88030,137644,49614,0,4
"Sign Top","Calibri",106250,121128,14878,0,8
"Sign Bottom","Cambria",85754,94842,9088,4,2
"Sign Bottom","Cambria",177719,212591,34872,9,1
"Sign Bottom","Calibri",49013,68209,19196,3,9
"Sign Top","Cambria",88658,99301,10643,8,1
"Sign Bottom","Calibri",27229,34091,6862,9,1
"Sign Bottom","Cambria",51767,89619,37852,7,9
"Sign Bottom","Cambria",37638,70445,32807,8,5
"Sign Top","Calibri",23701,55902,32201,1,2
"Sign Bottom","Calibri",56800,65906,9106,0,6
"Sign Top","Cambria",396,38222,37826,6,2
"Sign Bottom","Calibri",398,18161,17763,8,1
"Sign Top","Calibri",252045,273571,21526,5,1
"Sign Top","Cambria",112557,127465,14908,7,5
"Sign Bottom","Cambria",24130,34746,10616,0,6
"Sign Bottom","Calibri",97695,122888,25193,5,8
"Sign Bottom","Cambria",45443,85022,39579,3,2
"Sign Top","Calibri",2,15341,15339,2,1
"Sign Top","Cambria",153379,156774,3395,9,4
"Sign Top","Calibri",80000,91432,11432,0,2
"Sign Top","Calibri",94000,108311,14311,0,1
"Sign Top","Cambria",228964,260720,31756,4,0
"Sign Bottom","Calibri",17851,37494,19643,1,4
"Sign Bottom","Calibri",109111,112790,3679,1,0
"Sign Top","Cambria",38409,73694,35285,9,4
"Sign Top","Cambria",2820,19033,16213,0,3
"Sign Bottom","Cambria",89927,106207,16280,7,7
"Sign Top","Calibri",54000,87917,33917,0,7
"Sign Top","Calibri",36200,84843,48643,0,3
"Sign Bottom","Cambria",50112,91739,41627,2,9
"Sign Bottom","Calibri",75340,122725,47385,0,5
"Sign Top","Cambria",8133,11912,3779,3,2
"Sign Bottom","Cambria",17259,20872,3613,9,2
"Sign Top","Calibri",26400,59788,33388,0,8
"Sign Bottom","Calibri",94678,106982,12304,8,2
"Sign Top","Cambria",68336,69348,1012,6,8
"Sign Bottom","Calibri",74956,106491,31535,6,1
"Sign Top","Calibri",36631,74814,38183,1,4
"Sign Bottom","Calibri",7871,41050,33179,1,0
"Sign Bottom","Cambria",28047,37187,9140,7,7
"Sign Bottom","Cambria",124622,163215,38593,2,5
"Sign Bottom","Cambria",75919,105895,29976,9,5
"Sign Top","Calibri",33800,56736,22936,0,6
"Sign Bottom","Calibri",60085,74514,14429,5,4
"Sign Top","Cambria",180729,203634,22905,9,4
"Sign Top","Calibri",15138,29016,13878,8,6
"Sign Top","Cambria",17284,32912,15628,4,2
"Sign Top","Calibri",62315,96245,33930,5,5
"Sign Top","Cambria",441,20768,20327,1,8
"Sign Top","Calibri",14,42134,42120,4,4
"Sign Bottom","Calibri",37600,73833,36233,0,3
"Sign Top","Calibri",40000,45721,5721,0,1
"Sign Top","Cambria",10196,39044,28848,6,4
"Sign Top","Calibri",18953,37064,18111,3,4
"Sign Bottom","Calibri",63602,97404,33802,2,4
"Sign Top","Calibri",63600,110370,46770,0,0
"Sign Top","Cambria",67507,87153,19646,7,3
"Sign Top","Cambria",308,29500,29192,8,0
"Sign Top","Calibri",10000,15081,5081,0,1
"Sign Top","Cambria",65980,104295,38315,0,5
"Sign Top","Cambria",9063,40947,31884,3,7
"Sign Top","Cambria",590,19316,18726,0,6
"Sign Bottom","Cambria",50646,86640,35994,6,0
"Sign Top","Cambria",23213,49047,25834,3,7
"Sign Bottom","Calibri",88797,97380,8583,7,0
"Sign Top","Calibri",61415,83697,22282,5,7
"Sign Bottom","Calibri",32663,48844,16181,3,4
"Sign Top","Cambria",126994,141997,15003,4,7
"Sign Bottom","Calibri",51205,98064,46859,5,4
"Sign Bottom","Calibri",82291,119431,37140,1,1
"Sign Bottom","Cambria",185718,195924,10206,8,4
"Sign Bottom","Cambria",75642,94148,18506,2,8
"Sign Top","Cambria",63275,72883,9608,5,3
"Sign Top","Calibri",5,31002,30997,5,2
"Sign Bottom","Calibri",84780,110838,26058,0,8
"Sign Bottom","Cambria",74007,77015,3008,7,5
"Sign Bottom","Cambria",66782,112613,45831,2,3
"Sign Top","Cambria",128503,165168,36665,3,8
"Sign Bottom","Cambria",16910,31340,14430,0,0
"Sign Top","Calibri",75813,95068,19255,3,8
"Sign Top","Cambria",689,11841,11152,9,1
"Sign Bottom","Cambria",55170,99166,43996,0,6
"Sign Bottom","Calibri",81000,127399,46399,0,9
"Sign Top","Cambria",101313,105928,4615,3,8
"Sign Top","Cambria",79771,115333,35562,1,3
"Sign Top","Calibri",18834,35961,17127,4,1
"Sign Top","Cambria",98319,147607,49288,9,7
"Sign Top","Calibri",12,49085,49073,2,5
"Sign Top","Cambria",258934,288802,29868,4,2
"Sign Bottom","Cambria",91289,112307,21018,9,7
"Sign Bottom","Cambria",78946,109800,30854,6,0
"Sign Bottom","Calibri",126940,151587,24647,0,7
"Sign Top","Cambria",119373,151859,32486,3,9
"Sign Bottom","Cambria",181507,192554,11047,7,4
"Sign Bottom","Calibri",40538,74941,34403,8,1
"Sign Bottom","Cambria",118309,134879,16570,9,9
"Sign Bottom","Cambria",130248,154030,23782,8,0
"Sign Bottom","Cambria",160578,178701,18123,8,1
"Sign Top","Cambria",70810,109296,38486,0,6
"Sign Top","Calibri",55000,93963,38963,0,3
"Sign Bottom","Cambria",96944,109908,12964,4,8
"Sign Top","Cambria",51843,52074,231,3,4
"Sign Top","Cambria",67114,71020,3906,4,0
"Sign Top","Cambria",52878,100716,47838,8,6
"Sign Bottom","Calibri",53635,88337,34702,5,7
"Sign Bottom","Calibri",103548,106436,2888,8,6
"Sign Bottom","Calibri",124399,127841,3442,9,1
"Sign Top","Calibri",23000,36643,13643,0,3
"Sign Bottom","Calibri",15033,39732,24699,3,2
"Sign Bottom","Calibri",153619,197589,43970,9,9
"Sign Top","Calibri",61501,69975,8474,1,5
"Sign Bottom","Cambria",6053,40964,34911,3,4
"Sign Top","Cambria",125832,132087,6255,2,7
"Sign Bottom","Calibri",33092,52002,18910,2,2
"Sign Top","Cambria",83573,108301,24728,3,1
"Sign Top","Cambria",32518,77697,45179,8,7
"Sign Top","Cambria",516,21437,20921,6,7
"Sign Bottom","Cambria",5645,16666,11021,5,6
"Sign Top","Calibri",74650,91119,16469,0,9
"Sign Bottom","Cambria",25070,42994,17924,0,4
"Sign Bottom","Calibri",15490,18116,2626,0,6
"Sign Top","Calibri",36000,80431,44431,0,1
"Sign Bottom","Cambria",87831,90183,2352,1,3
"Sign Top","Calibri",12000,16762,4762,0,2
"Sign Bottom","Calibri",16287,42941,26654,7,1
"Sign Bottom","Cambria",63949,110881,46932,9,1
"Sign Top","Cambria",22552,63768,41216,2,8
"Sign Bottom","Calibri",85833,132736,46903,3,6
"Sign Bottom","Cambria",29466,50665,21199,6,5
"Sign Bottom","Cambria",19525,19720,195,5,0
"Sign Top","Calibri",95000,128625,33625,0,5
"Sign Top","Calibri",49340,74498,25158,0,8
"Sign Top","Cambria",86052,105313,19261,2,3
"Sign Bottom","Calibri",70000,118465,48465,0,5
"Sign Top","Calibri",180000,206797,26797,0,7
"Sign Bottom","Cambria",15031,43239,28208,1,9
"Sign Bottom","Cambria",69438,76270,6832,8,0
"Sign Top","Calibri",95000,114444,19444,0,4
"Sign Bottom","Cambria",22009,44787,22778,9,7
"Sign Top","Cambria",37573,55850,18277,3,0
"Sign Top","Calibri",111013,120209,9196,3,9
"Sign Top","Cambria",133556,144897,11341,6,7
"Sign Top","Cambria",88149,124474,36325,9,4
"Sign Bottom","Calibri",92264,92710,446,4,0
"Sign Top","Cambria",6722,23878,17156,2,8
"Sign Bottom","Cambria",48795,95386,46591,5,6
"Sign Top","Calibri",74000,76766,2766,0,6
"Sign Top","Cambria",17042,35653,18611,2,3
"Sign Top","Cambria",122909,163225,40316,9,5
"Sign Bottom","Cambria",85472,132388,46916,2,8
"Sign Bottom","Cambria",68601,83651,15050,1,1
"Sign Bottom","Cambria",58701,91946,33245,1,6
"Sign Bottom","Cambria",57658,88770,31112,8,0
"Sign Bottom","Calibri",51352,85295,33943,2,5
"Sign Bottom","Calibri",53764,70606,16842,4,6
"Sign Top","Calibri",33417,59752,26335,7,2
"Sign Bottom","Cambria",80223,112940,32717,3,0
"Sign Top","Cambria",524,28298,27774,4,8
"Sign Bottom","Cambria",93216,118199,24983,6,9
"Sign Bottom","Calibri",51054,80935,29881,4,5
"Sign Top","Calibri",112484,154782,42298,4,2
"Sign Bottom","Calibri",86000,131981,45981,0,1
"Sign Bottom","Cambria",28916,43113,14197,6,3
"Sign Bottom","Calibri",67000,72551,5551,0,1
"Sign Top","Cambria",417,2062,1645,7,2
"Sign Bottom","Cambria",28410,30072,1662,0,2
"Sign Top","Calibri",39203,41527,2324,3,7
"Sign Top","Cambria",130081,146239,16158,1,9
"Sign Top","Calibri",79158,103979,24821,8,9
"Sign Bottom","Cambria",13405,30197,16792,5,7
"Sign Bottom","Cambria",50880,90723,39843,0,3
"Sign Bottom","Cambria",10738,60577,49839,8,7
"Sign Bottom","Calibri",103136,109084,5948,6,4
"Sign Bottom","Calibri",13401,13435,34,1,5
"Sign Bottom","Calibri",57734,80781,23047,4,1
"Sign Bottom","Cambria",30687,60837,30150,7,7
"Sign Bottom","Calibri",50751,76259,25508,1,9
"Sign Top","Calibri",15,41852,41837,5,2
"Sign Top","Calibri",62508,91575,29067,8,5
"Sign Top","Cambria",86943,132888,45945,3,8
"Sign Top","Calibri",59220,83592,24372,0,2
"Sign Top","Calibri",27000,49976,22976,0,6
"Sign Top","Cambria",110,13479,13369,0,9
"Sign Top","Cambria",19303,51884,32581,3,4
"Sign Bottom","Calibri",55091,100462,45371,1,2
"Sign Bottom","Calibri",49352,85870,36518,2,0
"Sign Bottom","Calibri",60081,98846,38765,1,6
"Sign Top","Calibri",3372,17833,14461,2,3
"Sign Top","Calibri",45000,64047,19047,0,7
"Sign Top","Cambria",7055,51813,44758,5,3
"Sign Top","Cambria",81877,109837,27960,7,7
"Sign Top","Calibri",5000,10214,5214,0,4
"Sign Bottom","Cambria",1721,30093,28372,1,3
"Sign Top","Calibri",126451,176134,49683,1,4
"Sign Top","Calibri",105663,137021,31358,3,1
"Sign Top","Calibri",194770,232729,37959,0,9
"Sign Top","Cambria",59230,80215,20985,0,5
"Sign Bottom","Calibri",164132,202271,38139,2,1
"Sign Bottom","Cambria",5920,52594,46674,0,4
"Sign Top","Cambria",142471,172366,29895,1,6
"Sign Top","Cambria",188688,197094,8406,8,4
"Sign Bottom","Cambria",106629,109234,2605,9,4
"Sign Top","Calibri",66000,80338,14338,0,8
"Sign Top","Cambria",54778,90188,35410,8,8
"Sign Bottom","Cambria",68826,113082,44256,6,2
"Sign Top","Cambria",55152,97142,41990,2,2
"Sign Top","Calibri",73507,75575,2068,7,5
"Sign Top","Cambria",16140,58117,41977,0,7
"Sign Bottom","Cambria",140694,143900,3206,4,0
"Sign Top","Calibri",74000,100732,26732,0,2
"Sign Top","Calibri",1500,31422,29922,0,2
"Sign Top","Calibri",41203,87570,46367,3,0
"Sign Top","Cambria",150792,170680,19888,2,0
"Sign Bottom","Calibri",84920,87973,3053,0,3
"Sign Top","Calibri",230,22353,22123,0,3
"Sign Bottom","Cambria",29325,67441,38116,5,1
"Sign Bottom","Cambria",163538,212114,48576,8,4
"Sign Top","Cambria",40366,64559,24193,6,9
"Sign Bottom","Calibri",31500,32896,1396,0,6
"Sign Top","Calibri",10307,19790,9483,7,0
"Sign Top","Cambria",76674,84503,7829,4,3
"Sign Bottom","Cambria",388,10410,10022,8,0
"Sign Top","Calibri",6966,18936,11970,6,6
"Sign Top","Calibri",34000,45366,11366,0,6
"Sign Bottom","Calibri",155750,169405,13655,0,5
"Sign Top","Calibri",57000,106260,49260,0,0
"Sign Top","Calibri",8460,39733,31273,0,3
"Sign Top","Calibri",5,40044,40039,5,4
"Sign Top","Cambria",116140,145201,29061,0,1
"Sign Top","Calibri",112000,129079,17079,0,9
"Sign Top","Calibri",83436,121126,37690,6,6
"Sign Top","Cambria",29530,52362,22832,0,2
"Sign Top","Cambria",8973,40030,31057,3,0
"Sign Top","Cambria",135741,158572,22831,1,2
"Sign Top","Cambria",700,2824,2124,0,4
"Sign Bottom","Cambria",78706,115809,37103,6,9
"Sign Top","Cambria",140581,167764,27183,1,4
"Sign Top","Cambria",40727,47378,6651,7,8
"Sign Top","Cambria",31094,52408,21314,4,8
"Sign Bottom","Calibri",67544,70788,3244,4,8
"Sign Top","Cambria",119547,124356,4809,7,6
"Sign Bottom","Calibri",30521,74420,43899,1,0
"Sign Top","Cambria",19884,45284,25400,4,4
"Sign Bottom","Calibri",28482,62784,34302,2,4
"Sign Top","Cambria",12817,31278,18461,7,8
"Sign Bottom","Cambria",35293,41122,5829,3,2
"Sign Bottom","Cambria",184251,207277,23026,1,7
"Sign Bottom","Calibri",74624,105254,30630,4,4
"Sign Top","Calibri",4000,13063,9063,0,3
"Sign Top","Calibri",60049,62124,2075,9,4
"Sign Top","Calibri",17000,39480,22480,0,0
"Sign Top","Calibri",103000,118672,15672,0,2
"Sign Bottom","Cambria",24712,63922,39210,2,2
"Sign Top","Cambria",98980,120776,21796,0,6
"Sign Bottom","Cambria",52312,56689,4377,2,9
"Sign Bottom","Cambria",124771,160453,35682,1,3
"Sign Top","Calibri",60000,90971,30971,0,1
"Sign Bottom","Calibri",83118,110667,27549,8,7
"Sign Top","Cambria",135514,183033,47519,4,3
"Sign Top","Calibri",56000,95261,39261,0,1
"Sign Bottom","Cambria",63640,73813,10173,0,3
"Sign Top","Cambria",70807,102624,31817,7,4
"Sign Top","Cambria",43935,79123,35188,5,3
"Sign Bottom","Cambria",57471,83206,25735,1,6
"Sign Top","Calibri",57343,105126,47783,3,6
"Sign Top","Cambria",86024,121354,35330,4,4
"Sign Bottom","Cambria",111023,126050,15027,3,0
"Sign Bottom","Calibri",55619,61204,5585,9,4
"Sign Bottom","Cambria",70619,75232,4613,9,2
"Sign Bottom","Calibri",83866,112668,28802,6,8
"Sign Top","Cambria",31026,53379,22353,6,9
"Sign Top","Cambria",50451,52603,2152,1,3
"Sign Bottom","Cambria",149040,173350,24310,0,0
"Sign Bottom","Cambria",92255,127196,34941,5,6
"Sign Bottom","Cambria",16665,47710,31045,5,0
"Sign Top","Calibri",50,37785,37735,0,5
"Sign Bottom","Cambria",37914,40800,2886,4,0
"Sign Bottom","Cambria",64063,111737,47674,3,7
"Sign Bottom","Calibri",174000,190309,16309,0,9
"Sign Top","Calibri",30078,68431,38353,8,1
"Sign Top","Calibri",22668,60776,38108,8,6
"Sign Top","Cambria",49520,63203,13683,0,3
"Sign Top","Cambria",65641,99294,33653,1,4
"Sign Top","Cambria",50206,66021,15815,6,1
"Sign Top","Calibri",28500,55046,26546,0,6
"Sign Bottom","Cambria",108668,126066,17398,8,6
"Sign Top","Calibri",121446,134330,12884,6,0
"Sign Top","Cambria",46356,55026,8670,6,6
"Sign Top","Calibri",65000,85462,20462,0,2
"Sign Bottom","Calibri",37562,46841,9279,2,1
"Sign Bottom","Cambria",51442,101127,49685,2,7
"Sign Bottom","Cambria",132352,158088,25736,2,8
"Sign Top","Calibri",79448,84471,5023,8,1
"Sign Bottom","Cambria",7912,57607,49695,2,7
"Sign Bottom","Cambria",119160,167842,48682,0,2
"Sign Top","Calibri",76724,114698,37974,4,8
"Sign Bottom","Calibri",163325,196484,33159,5,4
"Sign Top","Calibri",47900,82509,34609,0,9
"Sign Top","Cambria",4144,24066,19922,4,6
"Sign Bottom","Cambria",64885,84589,19704,5,9
"Sign Top","Calibri",10553,26214,15661,3,4
"Sign Top","Cambria",100131,118517,18386,1,7
"Sign Bottom","Calibri",114503,121297,6794,3,7
"Sign Top","Cambria",40681,49036,8355,1,6
"Sign Bottom","Calibri",60829,66243,5414,9,3
"Sign Bottom","Cambria",49620,59504,9884,0,4
"Sign Bottom","Calibri",226651,257155,30504,1,5
"Sign Bottom","Calibri",160242,198831,38589,2,1
"Sign Top","Calibri",19000,32088,13088,0,8
"Sign Bottom","Cambria",17934,37904,19970,4,4
"Sign Bottom","Cambria",113091,127912,14821,1,2
"Sign Top","Cambria",127039,144415,17376,9,5
"Sign Top","Calibri",59000,85230,26230,0,0
"Sign Top","Cambria",170095,175156,5061,5,6
"Sign Bottom","Cambria",27281,38224,10943,1,4
"Sign Bottom","Cambria",3616,38043,34427,6,3
"Sign Bottom","Calibri",94367,131333,36966,7,3
"Sign Top","Calibri",30200,67726,37526,0,6
"Sign Bottom","Calibri",43699,47174,3475,9,4
"Sign Bottom","Cambria",167289,193307,26018,9,7
"Sign Bottom","Calibri",36428,60667,24239,8,7
"Sign Bottom","Cambria",11183,58342,47159,3,2
"Sign Bottom","Cambria",46625,65756,19131,5,6
"Sign Bottom","Cambria",128922,133045,4123,2,5
"Sign Bottom","Calibri",29358,45645,16287,8,5
"Sign Top","Cambria",28528,72313,43785,8,3
"Sign Bottom","Cambria",12987,47768,34781,7,8
"Sign Top","Cambria",20630,66498,45868,0,8
"Sign Bottom","Calibri",22106,27210,5104,6,0
"Sign Bottom","Cambria",69226,94767,25541,6,7
"Sign Bottom","Cambria",10155,16855,6700,5,5
"Sign Top","Calibri",165670,200555,34885,0,5
"Sign Top","Calibri",35000,77533,42533,0,3
"Sign Bottom","Cambria",33923,53765,19842,3,5
"Sign Bottom","Cambria",44836,53984,9148,6,4
"Sign Top","Cambria",11640,56518,44878,0,8
"Sign Bottom","Cambria",2469,26902,24433,9,2
"Sign Top","Calibri",89000,126481,37481,0,1
"Sign Bottom","Calibri",21353,61527,40174,3,7
"Sign Top","Cambria",58858,68684,9826,8,4
"Sign Bottom","Cambria",35213,48925,13712,3,5
"Sign Bottom","Calibri",136355,140915,4560,5,5
"Sign Top","Calibri",125000,134563,9563,0,3
"Sign Bottom","Cambria",72805,99513,26708,5,3
"Sign Top","Cambria",155755,161873,6118,5,3
"Sign Bottom","Calibri",25300,46929,21629,0,9
"Sign Bottom","Cambria",69443,115999,46556,3,9
"Sign Top","Cambria",584,46218,45634,4,8
"Sign Top","Calibri",60767,87891,27124,7,1
"Sign Bottom","Calibri",12339,48554,36215,9,4
"Sign Top","Cambria",91085,103576,12491,5,6
"Sign Bottom","Calibri",80019,125767,45748,9,7
"Sign Bottom","Cambria",5711,27167,21456,1,7
"Sign Top","Calibri",196,4612,4416,6,2
"Sign Top","Calibri",64882,108122,43240,2,2
"Sign Top","Calibri",0,13975,13975,0,5
"Sign Bottom","Calibri",44465,74060,29595,5,0
"Sign Top","Cambria",20649,31329,10680,9,9
"Sign Top","Calibri",25000,54206,29206,0,6
"Sign Bottom","Cambria",32876,74944,42068,6,4
"Sign Top","Cambria",100462,119060,18598,2,0
"Sign Top","Calibri",46180,75462,29282,0,2
"Sign Top","Cambria",85099,117159,32060,9,9
"Sign Top","Calibri",6000,42577,36577,0,7
"Sign Top","Calibri",22079,57179,35100,9,9
"Sign Bottom","Calibri",240388,247257,6869,8,7
"Sign Bottom","Calibri",46763,63089,16326,3,9
"Sign Bottom","Cambria",61406,76405,14999,6,5
"Sign Bottom","Calibri",80350,85612,5262,0,2
"Sign Bottom","Cambria",108683,111819,3136,3,9
"Sign Bottom","Calibri",156325,197836,41511,5,6
"Sign Top","Cambria",31212,71663,40451,2,3
"Sign Top","Calibri",17982,61435,43453,2,5
"Sign Bottom","Calibri",0,6482,6482,0,2
"Sign Bottom","Calibri",37256,51441,14185,6,1
"Sign Top","Calibri",15000,19135,4135,0,5
"Sign Top","Calibri",44000,72988,28988,0,8
"Sign Bottom","Cambria",69691,80587,10896,1,7
"Sign Bottom","Calibri",38572,48322,9750,2,2
"Sign Bottom","Calibri",109145,124647,15502,5,7
"Sign Top","Cambria",39931,42992,3061,1,2
"Sign Top","Calibri",38000,71754,33754,0,4
"Sign Bottom","Calibri",37251,75495,38244,1,5
"Sign Bottom","Calibri",20810,48081,27271,0,1
"Sign Top","Cambria",106747,121788,15041,7,8
"Sign Top","Cambria",18520,64606,46086,0,6
"Sign Bottom","Calibri",69971,84704,14733,1,4
"Sign Top","Calibri",25,1882,1857,5,2
"Sign Top","Cambria",68470,110099,41629,0,9
"Sign Bottom","Calibri",76227,113656,37429,7,6
"Sign Bottom","Cambria",66426,113584,47158,6,4
"Sign Top","Cambria",78984,92713,13729,4,3
"Sign Top","Cambria",117184,149819,32635,4,9
"Sign Top","Cambria",1040,22252,21212,0,2
"Sign Top","Calibri",110000,148923,38923,0,3
"Sign Bottom","Cambria",96055,123653,27598,5,3
"Sign Top","Calibri",24561,26201,1640,1,1
"Sign Top","Cambria",139673,179679,40006,3,9
"Sign Bottom","Calibri",33300,82080,48780,0,0
"Sign Top","Cambria",147426,193377,45951,6,7
"Sign Top","Calibri",81500,125886,44386,0,6
"Sign Bottom","Calibri",132367,173972,41605,7,2
"Sign Top","Cambria",12014,33649,21635,4,9
"Sign Bottom","Calibri",11569,39444,27875,9,4
"Sign Bottom","Cambria",91833,115105,23272,3,5
"Sign Bottom","Calibri",4244,32529,28285,4,9
"Sign Top","Calibri",64972,67097,2125,2,7
"Sign Top","Calibri",82139,112827,30688,9,7
"Sign Bottom","Cambria",34107,57071,22964,7,1
"Sign Bottom","Calibri",17868,40476,22608,8,6
"Sign Bottom","Calibri",29030,50419,21389,0,9
"Sign Bottom","Cambria",43343,70262,26919,3,2
"Sign Bottom","Calibri",27132,73738,46606,2,8
"Sign Bottom","Cambria",56229,91356,35127,9,6
"Sign Top","Calibri",22054,25074,3020,4,4
"Sign Top","Cambria",525,2116,1591,5,6
"Sign Top","Calibri",43000,75672,32672,0,2
"Sign Bottom","Calibri",9761,57597,47836,1,7
"Sign Bottom","Cambria",30825,43184,12359,5,4
"Sign Top","Calibri",35000,63599,28599,0,9
"Sign Bottom","Calibri",135517,164118,28601,7,8
"Sign Bottom","Cambria",14133,21506,7373,3,6
"Sign Top","Calibri",31948,66744,34796,8,4
"Sign Top","Calibri",70000,112112,42112,0,2
"Sign Top","Cambria",141395,165486,24091,5,6
"Sign Bottom","Calibri",81031,115035,34004,1,5
"Sign Top","Cambria",38036,39109,1073,6,9
"Sign Bottom","Calibri",58895,85567,26672,5,7
"Sign Bottom","Cambria",70155,89265,19110,5,5
"Sign Bottom","Cambria",120099,126592,6493,9,2
"Sign Bottom","Cambria",65134,110175,45041,4,5
"Sign Bottom","Calibri",51305,56027,4722,5,7
"Sign Bottom","Calibri",53676,54319,643,6,9
"Sign Bottom","Cambria",65662,83466,17804,2,6
"Sign Bottom","Cambria",132352,148363,16011,2,3
"Sign Bottom","Calibri",76191,117339,41148,1,9
"Sign Top","Calibri",133000,163394,30394,0,4
"Sign Top","Cambria",6726,13538,6812,6,8
"Sign Top","Cambria",45110,88130,43020,0,0
"Sign Bottom","Calibri",16874,66794,49920,4,4
"Sign Top","Calibri",37000,56508,19508,0,8
"Sign Bottom","Calibri",21596,39227,17631,6,7
"Sign Top","Calibri",34656,69803,35147,6,3
"Sign Bottom","Cambria",10042,31985,21943,2,5
"Sign Top","Cambria",9540,19835,10295,0,5
"Sign Bottom","Cambria",70214,115329,45115,4,9
"Sign Bottom","Calibri",71000,71250,250,0,0
"Sign Bottom","Cambria",31523,54123,22600,3,3
"Sign Bottom","Cambria",120183,133105,12922,3,5
"Sign Bottom","Cambria",80873,104130,23257,3,0
"Sign Bottom","Calibri",56000,84416,28416,0,6
"Sign Top","Calibri",8,40574,40566,8,4
"Sign Bottom","Calibri",153540,176514,22974,0,4
"Sign Bottom","Cambria",44608,50318,5710,8,8
"Sign Top","Cambria",32168,47138,14970,8,8
"Sign Top","Calibri",50000,97950,47950,0,0
"Sign Bottom","Calibri",67563,75570,8007,3,0
"Sign Top","Cambria",27232,49183,21951,2,3
"Sign Top","Cambria",141362,186709,45347,2,9
"Sign Top","Calibri",84808,128717,43909,8,7
"Sign Bottom","Cambria",117565,130569,13004,5,9
"Sign Bottom","Cambria",102483,105998,3515,3,8
"Sign Top","Calibri",24732,66971,42239,2,1
"Sign Top","Cambria",962,28850,27888,2,0
"Sign Bottom","Calibri",50687,53634,2947,7,4
"Sign Top","Calibri",67500,88070,20570,0,0
"Sign Top","Calibri",75601,124924,49323,1,4
"Sign Bottom","Cambria",110034,140801,30767,4,1
"Sign Top","Cambria",44669,45104,435,9,4
"Sign Top","Cambria",137455,147947,10492,5,7
"Sign Top","Calibri",275995,294018,18023,5,8
"Sign Bottom","Cambria",145956,157408,11452,6,8
"Sign Bottom","Calibri",186700,211285,24585,0,5
"Sign Bottom","Cambria",76721,95633,18912,1,3
"Sign Bottom","Calibri",132000,171255,39255,0,5
"Sign Bottom","Cambria",163473,207062,43589,3,2
"Sign Bottom","Cambria",42643,43347,704,3,7
"Sign Top","Calibri",84707,110388,25681,7,8
"Sign Bottom","Cambria",197077,197221,144,7,1
"Sign Top","Cambria",13484,17177,3693,4,7
"Sign Top","Cambria",56594,66112,9518,4,2
"Sign Bottom","Calibri",64740,90116,25376,0,6
"Sign Bottom","Cambria",12295,21467,9172,5,7
"Sign Top","Cambria",180423,198864,18441,3,4
"Sign Bottom","Calibri",48572,84652,36080,2,2
"Sign Bottom","Cambria",128625,146914,18289,5,4
"Sign Bottom","Cambria",43033,79987,36954,3,7
"Sign Bottom","Cambria",49086,74417,25331,6,7
"Sign Top","Cambria",65924,111787,45863,4,7
"Sign Bottom","Cambria",49198,52146,2948,8,6
"Sign Bottom","Calibri",54000,102877,48877,0,7
"Sign Top","Cambria",105153,123932,18779,3,2
"Sign Bottom","Calibri",91611,134032,42421,1,2
"Sign Bottom","Calibri",90198,121919,31721,8,9
"Sign Bottom","Calibri",118813,136671,17858,3,1
"Sign Bottom","Calibri",67346,112256,44910,6,6
"Sign Bottom","Calibri",138455,148952,10497,5,2
"Sign Top","Cambria",75246,80511,5265,6,1
"Sign Top","Calibri",138000,158964,20964,0,4
"Sign Bottom","Cambria",14967,62502,47535,7,2
"Sign Bottom","Cambria",112780,160241,47461,0,1
"Sign Bottom","Cambria",29213,39416,10203,3,6
"Sign Bottom","Cambria",48316,89958,41642,6,8
"Sign Top","Calibri",101604,130982,29378,4,2
"Sign Top","Calibri",7500,31464,23964,0,4
"Sign Top","Calibri",168296,205475,37179,6,5
"Sign Top","Calibri",80000,100252,20252,0,2
"Sign Top","Calibri",0,18350,18350,0,0
"Sign Bottom","Cambria",60422,98810,38388,2,0
"Sign Top","Cambria",26543,40077,13534,3,7
"Sign Top","Cambria",18368,47458,29090,8,8
"Sign Top","Calibri",82231,97040,14809,1,0
"Sign Top","Calibri",177548,210393,32845,8,3
"Sign Bottom","Calibri",91893,100780,8887,3,0
"Sign Bottom","Cambria",88426,101910,13484,6,0
"Sign Bottom","Calibri",60991,76898,15907,1,8
"Sign Bottom","Calibri",63672,71383,7711,2,3
"Sign Top","Cambria",58087,89178,31091,7,8
"Sign Top","Cambria",155557,183243,27686,7,3
"Sign Bottom","Cambria",129933,174090,44157,3,0
"Sign Top","Cambria",45172,94767,49595,2,7
"Sign Bottom","Calibri",116891,159254,42363,1,4
"Sign Bottom","Calibri",99600,116146,16546,0,6
"Sign Bottom","Cambria",102937,151137,48200,7,7
"Sign Top","Calibri",12452,21986,9534,2,6
"Sign Bottom","Calibri",4968,17680,12712,8,0
"Sign Bottom","Calibri",58826,73695,14869,6,5
"Sign Bottom","Calibri",35740,56039,20299,0,9
"Sign Bottom","Calibri",16938,34262,17324,8,2
"Sign Top","Calibri",98000,105296,7296,0,6
"Sign Top","Calibri",103000,107907,4907,0,7
"Sign Bottom","Cambria",56787,95429,38642,7,9
"Sign Bottom","Calibri",129995,172078,42083,5,8
"Sign Top","Calibri",30000,76754,46754,0,4
"Sign Top","Calibri",97000,146547,49547,0,7
"Sign Top","Calibri",29000,62200,33200,0,0
"Sign Bottom","Calibri",45352,50963,5611,2,3
"Sign Top","Cambria",614,17538,16924,4,8
"Sign Top","Calibri",50000,85950,35950,0,0
"Sign Top","Calibri",37000,48482,11482,0,2
"Sign Top","Cambria",16505,53178,36673,5,8
"Sign Top","Calibri",147000,149275,2275,0,5
"Sign Top","Calibri",87300,125035,37735,0,5
"Sign Top","Cambria",118836,146019,27183,6,9
"Sign Top","Calibri",52635,91350,38715,5,0
"Sign Top","Calibri",167146,198150,31004,6,0
"Sign Bottom","Calibri",16877,62522,45645,7,2
"Sign Top","Calibri",91950,120041,28091,0,1
"Sign Top","Cambria",170477,212541,42064,7,1
"Sign Top","Calibri",49604,97674,48070,4,4
"Sign Bottom","Cambria",79989,101095,21106,9,5
"Sign Bottom","Cambria",125806,174628,48822,6,8
"Sign Bottom","Calibri",143000,190072,47072,0,2
"Sign Bottom","Cambria",54708,71764,17056,8,4
"Sign Top","Calibri",73595,95209,21614,5,9
"Sign Bottom","Calibri",126497,173748,47251,7,8
"Sign Top","Cambria",179,24739,24560,9,9
"Sign Bottom","Cambria",16779,54749,37970,9,9
"Sign Bottom","Cambria",49464,96647,47183,4,7
"Sign Bottom","Calibri",51798,93420,41622,8,0
"Sign Top","Calibri",11308,37039,25731,8,9
"Sign Bottom","Calibri",47100,82388,35288,0,8
"Sign Bottom","Calibri",119000,134205,15205,0,5
"Sign Bottom","Calibri",9224,49738,40514,4,8
"Sign Top","Calibri",24326,32061,7735,6,1
"Sign Bottom","Cambria",48803,73810,25007,3,0
"Sign Top","Calibri",34000,38375,4375,0,5
"Sign Bottom","Calibri",66939,74524,7585,9,4
"Sign Bottom","Cambria",126274,173857,47583,4,7
"Sign Top","Cambria",60598,82048,21450,8,8
"Sign Top","Calibri",68,16159,16091,8,9
"Sign Top","Cambria",51777,63826,12049,7,6
"Sign Top","Calibri",18023,55771,37748,3,1
"Sign Bottom","Calibri",87939,106298,18359,9,8
"Sign Bottom","Cambria",67950,97822,29872,0,2
"Sign Top","Cambria",544,19656,19112,4,6
"Sign Top","Calibri",28770,60142,31372,0,2
"Sign Bottom","Cambria",41327,67172,25845,7,2
"Sign Top","Calibri",8270,24056,15786,0,6
"Sign Top","Cambria",125124,156586,31462,4,6
"Sign Bottom","Calibri",58337,100107,41770,7,7
"Sign Top","Cambria",151932,154854,2922,2,4
"Sign Top","Cambria",27300,64590,37290,0,0
"Sign Top","Cambria",34191,67498,33307,1,8
"Sign Bottom","Calibri",101763,148711,46948,3,1
"Sign Bottom","Cambria",96874,136614,39740,4,4
"Sign Top","Cambria",88744,125159,36415,4,9
"Sign Bottom","Calibri",54374,61251,6877,4,1
"Sign Top","Cambria",30309,78637,48328,9,7
"Sign Bottom","Calibri",115793,163484,47691,3,4
"Sign Bottom","Cambria",81054,104748,23694,4,8
"Sign Bottom","Cambria",44179,92589,48410,9,9
"Sign Bottom","Calibri",7463,10864,3401,3,4
"Sign Bottom","Cambria",55585,65357,9772,5,7
"Sign Top","Calibri",0,33233,33233,0,3
"Sign Bottom","Calibri",125733,155883,30150,3,3
"Sign Top","Calibri",16000,26129,10129,0,9
"Sign Top","Cambria",147993,177380,29387,3,0
"Sign Bottom","Calibri",69268,83068,13800,8,8
"Sign Bottom","Calibri",177314,208386,31072,4,6
"Sign Bottom","Calibri",89658,105114,15456,8,4
"Sign Bottom","Calibri",148800,153727,4927,0,7
"Sign Bottom","Calibri",4590,37997,33407,0,7
"Sign Bottom","Cambria",4398,14499,10101,8,9
"Sign Top","Calibri",164830,184518,19688,0,8
"Sign Bottom","Calibri",107877,146944,39067,7,4
"Sign Bottom","Cambria",217114,253434,36320,4,4
"Sign Top","Calibri",35400,52054,16654,0,4
"Sign Top","Calibri",79120,86479,7359,0,9
"Sign Top","Cambria",101625,148134,46509,5,4
"Sign Top","Calibri",51108,54145,3037,8,5
"Sign Bottom","Cambria",48238,49987,1749,8,7
"Sign Bottom","Calibri",53376,77999,24623,6,9
"Sign Bottom","Calibri",80216,125872,45656,6,2
"Sign Top","Calibri",98000,113416,15416,0,6
"Sign Top","Cambria",14231,37341,23110,1,1
"Sign Bottom","Calibri",70199,94847,24648,9,7
"Sign Bottom","Cambria",143856,153355,9499,6,5
"Sign Top","Calibri",28898,75563,46665,8,3
"Sign Bottom","Calibri",150245,158190,7945,5,0
"Sign Bottom","Calibri",53000,96755,43755,0,5
"Sign Top","Cambria",22187,59104,36917,7,4
"Sign Top","Calibri",39421,86447,47026,1,7
"Sign Top","Calibri",17483,43374,25891,3,4
"Sign Top","Calibri",42850,53297,10447,0,7
"Sign Bottom","Calibri",12077,45705,33628,7,5
"Sign Top","Calibri",91915,116493,24578,5,3
"Sign Bottom","Cambria",463284,511887,48603,4,7
"Sign Bottom","Cambria",145060,174237,29177,0,7
"Sign Bottom","Cambria",10638,43801,33163,8,1
"Sign Top","Calibri",23544,63384,39840,4,4
"Sign Top","Calibri",138339,168282,29943,9,2
"Sign Top","Cambria",36411,67575,31164,1,5
"Sign Bottom","Calibri",63168,88734,25566,8,4
"Sign Bottom","Calibri",34406,37998,3592,6,8
"Sign Top","Cambria",77,40799,40722,7,9
"Sign Top","Cambria",3091,45274,42183,1,4
"Sign Bottom","Calibri",14419,48890,34471,9,0
"Sign Top","Calibri",77800,120010,42210,0,0
"Sign Bottom","Calibri",112458,151857,39399,8,7
"Sign Bottom","Cambria",104668,114241,9573,8,1
"Sign Bottom","Cambria",28222,61418,33196,2,8
"Sign Bottom","Calibri",58053,72028,13975,3,8
"Sign Top","Cambria",32164,61017,28853,4,7
"Sign Top","Cambria",101710,131910,30200,0,0
"Sign Top","Calibri",42000,52355,10355,0,5
"Sign Top","Cambria",69938,92817,22879,8,7
"Sign Top","Calibri",31116,31460,344,6,0
"Sign Top","Cambria",100770,107802,7032,0,2
"Sign Top","Cambria",140087,155246,15159,7,6
"Sign Top","Calibri",121978,164568,42590,8,8
"Sign Top","Calibri",190200,206440,16240,0,0
"Sign Bottom","Calibri",84673,109415,24742,3,5
"Sign Bottom","Cambria",102934,135617,32683,4,7
"Sign Bottom","Cambria",37247,48737,11490,7,7
"Sign Bottom","Cambria",80904,109481,28577,4,1
"Sign Bottom","Calibri",65148,74203,9055,8,3
"Sign Bottom","Cambria",142095,181669,39574,5,9
"Sign Top","Cambria",19921,60392,40471,1,2
"Sign Top","Cambria",97390,144709,47319,0,9
"Sign Top","Calibri",48000,91803,43803,0,3
"Sign Top","Cambria",27098,64287,37189,8,7
"Sign Top","Calibri",34000,80594,46594,0,4
"Sign Top","Calibri",6191,34932,28741,1,2
"Sign Top","Cambria",8695,21730,13035,5,0
"Sign Bottom","Cambria",45483,58735,13252,3,5
"Sign Bottom","Cambria",10991,54484,43493,1,4
"Sign Top","Calibri",24000,65047,41047,0,7
"Sign Bottom","Cambria",25254,58214,32960,4,4
"Sign Bottom","Calibri",8653,28897,20244,3,7
"Sign Top","Calibri",102584,113854,11270,4,4
"Sign Bottom","Calibri",38000,60559,22559,0,9
"Sign Bottom","Calibri",27930,41209,13279,0,9
"Sign Bottom","Cambria",28979,36025,7046,9,5
"Sign Top","Cambria",84351,101023,16672,1,3
"Sign Top","Cambria",83656,133219,49563,6,9
"Sign Bottom","Calibri",35325,46850,11525,5,0
"Sign Bottom","Calibri",101841,137488,35647,1,8
"Sign Bottom","Cambria",66956,101441,34485,6,1
"Sign Top","Calibri",69250,88233,18983,0,3
"Sign Top","Calibri",30807,63127,32320,7,7
"Sign Bottom","Cambria",1168,2820,1652,8,0
"Sign Bottom","Calibri",91512,111211,19699,2,1
"Sign Bottom","Cambria",75529,108517,32988,9,7
"Sign Top","Cambria",505,46230,45725,5,0
"Sign Top","Calibri",145315,161342,16027,5,2
"Sign Bottom","Calibri",32659,78615,45956,9,5
"Sign Top","Calibri",129000,172496,43496,0,6
"Sign Bottom","Cambria",81662,103469,21807,2,9
"Sign Top","Calibri",400,1257,857,0,7
"Sign Top","Cambria",17107,44948,27841,7,8
"Sign Bottom","Cambria",59795,63083,3288,5,3
"Sign Bottom","Calibri",49789,84347,34558,9,7
"Sign Bottom","Cambria",13281,48498,35217,1,8
"Sign Bottom","Cambria",146050,176373,30323,0,3
"Sign Top","Calibri",88000,97542,9542,0,2
"Sign Bottom","Calibri",108851,132323,23472,1,3
"Sign Top","Calibri",54043,88716,34673,3,6
"Sign Top","Calibri",94016,123820,29804,6,0
"Sign Top","Cambria",35207,47209,12002,7,9
"Sign Bottom","Calibri",33845,59233,25388,5,3
"Sign Top","Cambria",63765,99045,35280,5,5
"Sign Bottom","Calibri",30179,41131,10952,9,1
"Sign Top","Cambria",9587,46298,36711,7,8
"Sign Bottom","Calibri",67949,109584,41635,9,4
"Sign Bottom","Cambria",159390,178119,18729,0,9
"Sign Bottom","Calibri",90918,128650,37732,8,0
"Sign Bottom","Calibri",69084,111877,42793,4,7
"Sign Bottom","Cambria",66158,89254,23096,8,4
"Sign Bottom","Cambria",15809,45184,29375,9,4
"Sign Bottom","Calibri",23376,71200,47824,6,0
"Sign Top","Calibri",43249,86956,43707,9,6
"Sign Top","Cambria",116884,143301,26417,4,1
"Sign Top","Calibri",36500,61396,24896,0,6
"Sign Top","Calibri",99056,103546,4490,6,6
"Sign Top","Calibri",86500,114872,28372,0,2
"Sign Top","Cambria",29872,63146,33274,2,6
"Sign Top","Calibri",20000,69245,49245,0,5
"Sign Top","Cambria",55542,101550,46008,2,0
"Sign Top","Cambria",224607,247465,22858,7,5
"Sign Bottom","Cambria",11354,19794,8440,4,4
"Sign Top","Cambria",94216,106469,12253,6,9
"Sign Top","Calibri",70106,100691,30585,6,1
"Sign Top","Cambria",67776,107579,39803,6,9
"Sign Top","Cambria",80683,128464,47781,3,4
"Sign Bottom","Cambria",71534,94985,23451,4,5
"Sign Top","Cambria",40792,42574,1782,2,4
"Sign Top","Cambria",62756,108714,45958,6,4
"Sign Top","Cambria",112837,119603,6766,7,3
"Sign Top","Cambria",8222,47995,39773,2,5
"Sign Top","Cambria",45325,62914,17589,5,4
"Sign Bottom","Cambria",24845,40275,15430,5,5
"Sign Bottom","Cambria",47700,50203,2503,0,3
"Sign Bottom","Cambria",30437,70421,39984,7,1
"Sign Top","Calibri",50000,88857,38857,0,7
"Sign Top","Calibri",90800,124459,33659,0,9
"Sign Top","Calibri",157013,190877,33864,3,7
"Sign Top","Cambria",792,24295,23503,2,5
"Sign Bottom","Calibri",238710,241668,2958,0,8
"Sign Top","Cambria",43688,69788,26100,8,8
"Sign Top","Calibri",77631,114259,36628,1,9
"Sign Top","Cambria",68758,116427,47669,8,7
"Sign Bottom","Cambria",18022,43719,25697,2,9
"Sign Bottom","Calibri",78920,90020,11100,0,0
"Sign Bottom","Cambria",133594,159960,26366,4,0
"Sign Bottom","Calibri",8300,8873,573,0,3
"Sign Top","Cambria",132084,132689,605,4,9
"Sign Top","Calibri",62000,83388,21388,0,8
"Sign Bottom","Cambria",9421,25024,15603,1,4
"Sign Top","Calibri",72000,119425,47425,0,5
"Sign Top","Cambria",40158,89628,49470,8,8
"Sign Bottom","Calibri",103010,112472,9462,0,2
"Sign Bottom","Cambria",42588,63932,21344,8,2
"Sign Bottom","Calibri",35000,51803,16803,0,3
"Sign Bottom","Cambria",4301,7135,2834,1,5
"Sign Bottom","Cambria",88391,136860,48469,1,0
"Sign Bottom","Cambria",19709,56829,37120,9,9
"Sign Top","Cambria",73506,88294,14788,6,4
"Sign Bottom","Cambria",74397,82749,8352,7,9
"Sign Bottom","Cambria",136278,163419,27141,8,9
"Sign Bottom","Cambria",66210,87575,21365,0,5
"Sign Top","Cambria",210044,233380,23336,4,0
"Sign Bottom","Calibri",132801,136641,3840,1,1
"Sign Bottom","Cambria",109711,133692,23981,1,2
"Sign Top","Calibri",83909,131587,47678,9,7
"Sign Top","Calibri",28350,49114,20764,0,4
"Sign Bottom","Calibri",43958,61421,17463,8,1
"Sign Top","Calibri",5,23188,23183,5,8
"Sign Top","Calibri",148000,186206,38206,0,6
"Sign Bottom","Cambria",163138,197851,34713,8,1
"Sign Bottom","Calibri",59113,83748,24635,3,8
"Sign Top","Calibri",12200,22755,10555,0,5
"Sign Top","Calibri",60000,102828,42828,0,8
"Sign Bottom","Calibri",92859,113147,20288,9,7
"Sign Bottom","Calibri",135273,182819,47546,3,9
"Sign Bottom","Cambria",39517,53246,13729,7,6
"Sign Bottom","Cambria",10859,45378,34519,9,8
"Sign Top","Calibri",38347,42286,3939,7,6
"Sign Bottom","Cambria",183399,228101,44702,9,1
"Sign Top","Calibri",0,43824,43824,0,4
"Sign Bottom","Calibri",161904,169336,7432,4,6
"Sign Bottom","Cambria",110693,114637,3944,3,7
"Sign Top","Calibri",1400,26345,24945,0,5
"Sign Bottom","Calibri",22463,42696,20233,3,6
"Sign Top","Cambria",918,19543,18625,8,3
"Sign Top","Calibri",137000,158779,21779,0,9
"Sign Top","Calibri",45000,89182,44182,0,2
"Sign Bottom","Cambria",40362,88628,48266,2,8
"Sign Bottom","Cambria",5885,21391,15506,5,1
"Sign Top","Cambria",15280,24024,8744,0,4
"Sign Top","Calibri",58000,88551,30551,0,1
"Sign Bottom","Cambria",35609,68357,32748,9,7
"Sign Bottom","Calibri",177924,208669,30745,4,9
"Sign Top","Cambria",324,35901,35577,4,1
"Sign Bottom","Calibri",76682,116307,39625,2,7
"Sign Top","Cambria",150215,154398,4183,5,8
"Sign Bottom","Calibri",54124,82902,28778,4,2
"Sign Bottom","Cambria",44048,62203,18155,8,3
"Sign Top","Calibri",50649,68060,17411,9,0
"Sign Bottom","Calibri",89822,135661,45839,2,1
"Sign Top","Calibri",10909,53868,42959,9,8
"Sign Bottom","Calibri",68339,99946,31607,9,6
"Sign Bottom","Calibri",48391,82353,33962,1,3
"Sign Bottom","Calibri",434,42588,42154,4,8
"Sign Bottom","Cambria",275451,316646,41195,1,6
"Sign Top","Calibri",167976,169590,1614,6,0
"Sign Bottom","Cambria",167136,170069,2933,6,9
"Sign Bottom","Cambria",14691,27718,13027,1,8
"Sign Bottom","Cambria",50353,97545,47192,3,5
"Sign Top","Cambria",4690,20456,15766,0,6
"Sign Bottom","Calibri",3276,11795,8519,6,5
"Sign Top","Cambria",91859,127243,35384,9,3
"Sign Bottom","Calibri",38206,83287,45081,6,7
"Sign Bottom","Calibri",66282,88314,22032,2,4
"Sign Top","Calibri",21000,26664,5664,0,4
"Sign Bottom","Cambria",81579,106153,24574,9,3
"Sign Bottom","Calibri",31091,34053,2962,1,3
"Sign Top","Cambria",906,44350,43444,6,0
"Sign Top","Calibri",23354,60750,37396,4,0
"Sign Top","Calibri",30600,34045,3445,0,5
"Sign Top","Calibri",0,26053,26053,0,3
"Sign Bottom","Calibri",41306,89486,48180,6,6
"Sign Top","Cambria",68374,110741,42367,4,1
"Sign Top","Calibri",79633,123044,43411,3,4
"Sign Top","Cambria",28130,47081,18951,0,1
"Sign Top","Cambria",9271,19811,10540,1,1
"Sign Top","Cambria",4734,53298,48564,4,8
"Sign Bottom","Calibri",37914,68965,31051,4,5
"Sign Top","Calibri",4,48759,48755,4,9
"Sign Bottom","Cambria",128048,175791,47743,8,1
"Sign Bottom","Calibri",101208,129896,28688,8,6
"Sign Bottom","Cambria",47929,78058,30129,9,8
"Sign Bottom","Cambria",96797,116614,19817,7,4
"Sign Top","Calibri",71389,77010,5621,9,0
"Sign Bottom","Cambria",131890,157899,26009,0,9
"Sign Top","Calibri",49632,81705,32073,2,5
"Sign Top","Cambria",68833,87830,18997,3,0
"Sign Top","Calibri",156070,189392,33322,0,2
"Sign Top","Calibri",10,2325,2315,0,5
"Sign Bottom","Cambria",22629,61311,38682,9,1
"Sign Top","Cambria",62973,101627,38654,3,7
"Sign Bottom","Calibri",196503,244948,48445,3,8
"Sign Top","Calibri",0,44538,44538,0,8
"Sign Top","Calibri",58900,86312,27412,0,2
"Sign Bottom","Calibri",23892,72709,48817,2,9
"Sign Bottom","Calibri",33760,53049,19289,0,9
"Sign Bottom","Cambria",31478,34021,2543,8,1
"Sign Bottom","Cambria",79096,111157,32061,6,7
"Sign Top","Cambria",565,43266,42701,5,6
"Sign Bottom","Cambria",99915,134142,34227,5,2
"Sign Bottom","Calibri",126000,149724,23724,0,4
"Sign Top","Calibri",37172,74306,37134,2,6
"Sign Top","Cambria",56385,89091,32706,5,1
"Sign Top","Cambria",54489,78755,24266,9,5
"Sign Top","Cambria",55419,99450,44031,9,0
"Sign Top","Calibri",120000,168446,48446,0,6
"Sign Bottom","Cambria",128534,153216,24682,4,6
"Sign Bottom","Calibri",241376,241777,401,6,7
"Sign Top","Cambria",602,42842,42240,2,2
"Sign Top","Calibri",71697,105393,33696,7,3
"Sign Bottom","Calibri",24589,47006,22417,9,6
"Sign Bottom","Cambria",36492,45840,9348,2,0
"Sign Bottom","Cambria",122198,138716,16518,8,6
"Sign Bottom","Cambria",8783,38460,29677,3,0
"Sign Bottom","Calibri",27071,67338,40267,1,8
"Sign Top","Calibri",23000,50109,27109,0,9
"Sign Bottom","Calibri",112367,149252,36885,7,2
"Sign Top","Calibri",64632,105880,41248,2,0
"Sign Bottom","Calibri",21335,49317,27982,5,7
"Sign Bottom","Calibri",138877,149902,11025,7,2
"Sign Top","Cambria",63810,83472,19662,0,2
"Sign Top","Cambria",73653,92317,18664,3,7
"Sign Top","Calibri",6068,13928,7860,8,8
"Sign Bottom","Calibri",124369,172018,47649,9,8
"Sign Bottom","Calibri",92887,129712,36825,7,2
"Sign Top","Calibri",47347,52408,5061,7,8
"Sign Top","Cambria",75714,119552,43838,4,2
"Sign Top","Calibri",80182,121994,41812,2,4
"Sign Top","Calibri",63678,67665,3987,8,5
"Sign Bottom","Cambria",5229,49240,44011,9,0
"Sign Bottom","Calibri",250146,258021,7875,6,1
"Sign Bottom","Calibri",17860,55376,37516,0,6
"Sign Top","Cambria",168594,208943,40349,4,3
"Sign Top","Calibri",40001,76149,36148,1,9
"Sign Top","Cambria",43188,54577,11389,8,7
"Sign Top","Calibri",82345,94705,12360,5,5
"Sign Top","Cambria",53036,79545,26509,6,5
"Sign Top","Cambria",19194,30390,11196,4,0
"Sign Top","Calibri",32418,37720,5302,8,0
"Sign Bottom","Calibri",61834,77913,16079,4,3
"Sign Top","Cambria",38287,86995,48708,7,5
"Sign Top","Cambria",64503,90685,26182,3,5
"Sign Top","Calibri",54302,82135,27833,2,5
"Sign Bottom","Cambria",758,47487,46729,8,7
"Sign Top","Cambria",162206,170451,8245,6,1
"Sign Bottom","Calibri",61447,107537,46090,7,7
"Sign Top","Cambria",16064,64404,48340,4,4
"Sign Bottom","Calibri",74757,107676,32919,7,6
"Sign Top","Calibri",58131,60435,2304,1,5
"Sign Bottom","Cambria",42829,54745,11916,9,5
"Sign Top","Cambria",21045,30985,9940,5,5
"Sign Bottom","Calibri",68794,104140,35346,4,0
"Sign Top","Cambria",40825,85717,44892,5,7
"Sign Bottom","Cambria",232672,266028,33356,2,8
"Sign Bottom","Calibri",37137,58732,21595,7,2
"Sign Bottom","Cambria",24641,72523,47882,1,3
"Sign Top","Cambria",95516,108080,12564,6,0
"Sign Top","Calibri",215,8586,8371,5,6
"Sign Bottom","Cambria",105505,155443,49938,5,3
"Sign Bottom","Calibri",16208,21361,5153,8,1
"Sign Top","Calibri",51002,90116,39114,2,6
"Sign Top","Calibri",88696,109766,21070,6,6
"Sign Bottom","Cambria",80663,95501,14838,3,1
"Sign Bottom","Cambria",23627,47761,24134,7,1
"Sign Bottom","Calibri",154312,199859,45547,2,9
"Sign Top","Cambria",43441,44799,1358,1,9
"Sign Top","Cambria",83489,130508,47019,9,8
"Sign Bottom","Cambria",88925,137658,48733,5,8
"Sign Top","Calibri",66539,99105,32566,9,5
"Sign Top","Cambria",74059,94130,20071,9,0
"Sign Bottom","Cambria",86017,121863,35846,7,3
"Sign Bottom","Cambria",60590,99749,39159,0,9
"Sign Bottom","Calibri",12078,33846,21768,8,6
"Sign Top","Cambria",11322,38863,27541,2,3
"Sign Top","Cambria",57268,93094,35826,8,4
"Sign Bottom","Cambria",94262,95409,1147,2,9
"Sign Bottom","Calibri",105097,141564,36467,7,4
"Sign Bottom","Calibri",73373,100468,27095,3,8
"Sign Top","Cambria",286,44605,44319,6,5
"Sign Bottom","Calibri",112750,156423,43673,0,3
"Sign Top","Cambria",119105,159373,40268,5,3
"Sign Bottom","Cambria",65010,102366,37356,0,6
"Sign Top","Cambria",67285,85941,18656,5,1
"Sign Top","Cambria",70912,95248,24336,2,8
"Sign Top","Calibri",41000,45519,4519,0,9
"Sign Top","Calibri",63000,96651,33651,0,1
"Sign Top","Calibri",0,39027,39027,0,7
"Sign Bottom","Cambria",67510,84756,17246,0,6
"Sign Top","Calibri",20000,64568,44568,0,8
"Sign Bottom","Cambria",122281,134543,12262,1,3
"Sign Bottom","Cambria",7756,41642,33886,6,2
"Sign Top","Cambria",12718,26578,13860,8,8
"Sign Bottom","Cambria",48630,72165,23535,0,5
"Sign Bottom","Calibri",73000,88439,15439,0,9
"Sign Bottom","Calibri",30173,36463,6290,3,3
"Sign Top","Calibri",54404,69749,15345,4,9
"Sign Top","Calibri",80299,90350,10051,9,0
"Sign Top","Calibri",49000,54101,5101,0,1
"Sign Top","Cambria",129620,141380,11760,0,0
"Sign Bottom","Calibri",36117,83607,47490,7,7
"Sign Top","Cambria",15714,59058,43344,4,8
"Sign Bottom","Cambria",102898,110040,7142,8,0
"Sign Bottom","Cambria",8425,57487,49062,5,7
"Sign Top","Calibri",41079,68357,27278,9,7
"Sign Bottom","Calibri",3567,16284,12717,7,4
"Sign Bottom","Calibri",21459,39114,17655,9,4
"Sign Top","Cambria",84,37973,37889,4,3
"Sign Top","Calibri",21783,23089,1306,3,9
"Sign Top","Calibri",53600,96196,42596,0,6
"Sign Bottom","Calibri",36057,36762,705,7,2
"Sign Bottom","Calibri",60000,64299,4299,0,9
"Sign Bottom","Calibri",35823,60145,24322,3,5
"Sign Bottom","Calibri",17176,60722,43546,6,2
"Sign Top","Cambria",35679,82375,46696,9,5
"Sign Bottom","Cambria",114740,146569,31829,0,9
"Sign Bottom","Calibri",109000,110896,1896,0,6
"Sign Top","Calibri",18,30947,30929,8,7
"Sign Bottom","Cambria",78870,84411,5541,0,1
"Sign Top","Calibri",62969,68139,5170,9,9
"Sign Top","Cambria",21006,51787,30781,6,7
"Sign Bottom","Cambria",182429,208990,26561,9,0
"Sign Top","Calibri",155840,161249,5409,0,9
"Sign Bottom","Cambria",21860,41678,19818,0,8
"Sign Bottom","Calibri",54475,87233,32758,5,3
"Sign Bottom","Cambria",50900,91988,41088,0,8
"Sign Top","Calibri",51655,71597,19942,5,7
"Sign Top","Calibri",42500,90782,48282,0,2
"Sign Bottom","Cambria",8275,29736,21461,5,6
"Sign Top","Calibri",102012,102041,29,2,1
"Sign Bottom","Cambria",132911,157287,24376,1,7
"Sign Bottom","Calibri",120900,143968,23068,0,8
"Sign Bottom","Calibri",18438,18718,280,8,8
"Sign Bottom","Calibri",60814,109365,48551,4,5
"Sign Top","Cambria",49864,70665,20801,4,5
"Sign Bottom","Calibri",94580,106437,11857,0,7
"Sign Top","Cambria",34041,64578,30537,1,8
"Sign Top","Cambria",72586,97310,24724,6,0
"Sign Top","Calibri",185000,195732,10732,0,2
"Sign Bottom","Calibri",60571,72611,12040,1,1
"Sign Bottom","Calibri",42562,62699,20137,2,9
"Sign Bottom","Cambria",130669,173560,42891,9,0
"Sign Bottom","Cambria",130579,161680,31101,9,0
"Sign Top","Calibri",225476,257223,31747,6,3
"Sign Top","Cambria",139249,165112,25863,9,2
"Sign Top","Cambria",114452,163448,48996,2,8
"Sign Bottom","Calibri",1100,11524,10424,0,4
"Sign Top","Calibri",48337,77532,29195,7,2
"Sign Bottom","Cambria",50350,56530,6180,0,0
"Sign Top","Calibri",5000,29860,24860,0,0
"Sign Top","Cambria",65294,106512,41218,4,2
"Sign Bottom","Cambria",284884,301799,16915,4,9
"Sign Top","Cambria",121165,169646,48481,5,6
"Sign Bottom","Cambria",57094,84436,27342,4,6
"Sign Bottom","Calibri",113995,131484,17489,5,4
"Sign Top","Calibri",8,24569,24561,8,9
"Sign Bottom","Cambria",67142,67604,462,2,4
"Sign Bottom","Cambria",150300,154181,3881,0,1
"Sign Top","Cambria",25999,72837,46838,9,7
"Sign Bottom","Cambria",175238,178202,2964,8,2
"Sign Top","Cambria",34094,63092,28998,4,2
"Sign Top","Cambria",80173,115992,35819,3,2
"Sign Bottom","Calibri",176805,178487,1682,5,7
"Sign Top","Calibri",17890,56584,38694,0,4
"Sign Top","Cambria",51781,64426,12645,1,6
"Sign Top","Calibri",18,11481,11463,8,1
"Sign Bottom","Calibri",58885,80929,22044,5,9
"Sign Bottom","Calibri",69697,89959,20262,7,9
"Sign Top","Calibri",82398,122405,40007,8,5
"Sign Top","Calibri",37000,52365,15365,0,5
"Sign Top","Calibri",41894,88357,46463,4,7
"Sign Top","Cambria",44109,79668,35559,9,8
"Sign Top","Cambria",90550,107924,17374,0,4
"Sign Bottom","Cambria",189764,226424,36660,4,4
"Sign Bottom","Cambria",76675,125679,49004,5,9
"Sign Top","Calibri",0,16019,16019,0,9
"Sign Top","Cambria",96421,144221,47800,1,1
"Sign Top","Calibri",302,35723,35421,2,3
"Sign Top","Calibri",28000,61555,33555,0,5
"Sign Bottom","Calibri",48300,77749,29449,0,9
"Sign Bottom","Cambria",74054,81142,7088,4,2
"Sign Top","Cambria",42820,45113,2293,0,3
"Sign Bottom","Cambria",200029,239872,39843,9,2
"Sign Top","Calibri",102,30911,30809,2,1
"Sign Top","Calibri",29500,64010,34510,0,0
"Sign Top","Calibri",52000,76269,24269,0,9
"Sign Bottom","Calibri",9496,48684,39188,6,4
"Sign Bottom","Cambria",164334,195366,31032,4,6
"Sign Bottom","Calibri",12200,22134,9934,0,4
"Sign Bottom","Calibri",19623,23794,4171,3,4
"Sign Bottom","Cambria",133895,179791,45896,5,1
"Sign Bottom","Cambria",57352,96274,38922,2,4
"Sign Top","Cambria",58918,75349,16431,8,9
"Sign Top","Calibri",130000,149248,19248,0,8
"Sign Bottom","Calibri",9550,42277,32727,0,7
"Sign Top","Calibri",63376,72859,9483,6,9
"Sign Bottom","Cambria",199508,224495,24987,8,5
"Sign Bottom","Calibri",178188,225749,47561,8,9
"Sign Bottom","Calibri",274843,292100,17257,3,0
"Sign Bottom","Calibri",73980,80861,6881,0,1
"Sign Top","Calibri",46000,66004,20004,0,4
"Sign Top","Cambria",100322,126216,25894,2,6
"Sign Bottom","Calibri",176849,226418,49569,9,8
"Sign Bottom","Calibri",129492,165696,36204,2,6
"Sign Bottom","Cambria",82263,125664,43401,3,4
"Sign Bottom","Calibri",207367,213521,6154,7,1
"Sign Top","Cambria",45582,79964,34382,2,4
"Sign Bottom","Cambria",158971,184491,25520,1,1
"Sign Top","Cambria",6779,10256,3477,9,6
"Sign Bottom","Cambria",50274,75029,24755,4,9
"Sign Bottom","Calibri",244297,277960,33663,7,0
"Sign Bottom","Cambria",63025,97519,34494,5,9
"Sign Top","Calibri",98075,117891,19816,5,1
"Sign Bottom","Calibri",15326,37817,22491,6,7
"Sign Top","Cambria",29451,48349,18898,1,9
"Sign Bottom","Cambria",152459,186337,33878,9,7
"Sign Top","Calibri",70000,83749,13749,0,9
"Sign Top","Cambria",83664,127645,43981,4,5
"Sign Top","Calibri",120000,153262,33262,0,2
"Sign Bottom","Cambria",119789,141358,21569,9,8
"Sign Top","Cambria",50020,62785,12765,0,5
"Sign Bottom","Cambria",35562,67937,32375,2,7
"Sign Bottom","Cambria",99603,116858,17255,3,8
"Sign Bottom","Calibri",33788,39801,6013,8,1
"Sign Bottom","Cambria",7924,30223,22299,4,3
"Sign Bottom","Cambria",197242,212848,15606,2,8
"Sign Bottom","Calibri",10646,21683,11037,6,3
"Sign Bottom","Calibri",127954,173673,45719,4,3
"Sign Bottom","Calibri",77726,103858,26132,6,8
"Sign Bottom","Calibri",27321,28094,773,1,4
"Sign Top","Calibri",76000,80753,4753,0,3
"Sign Bottom","Cambria",31015,65778,34763,5,8
"Sign Bottom","Calibri",36504,67822,31318,4,2
"Sign Bottom","Cambria",55738,76532,20794,8,2
"Sign Bottom","Cambria",2724,27876,25152,4,6
"Sign Bottom","Cambria",63038,108624,45586,8,4
"Sign Top","Calibri",132749,182310,49561,9,0
"Sign Top","Calibri",37000,51395,14395,0,5
"Sign Top","Cambria",73776,114880,41104,6,0
"Sign Top","Calibri",66067,86423,20356,7,3
"Sign Bottom","Cambria",127685,151363,23678,5,3
"Sign Bottom","Calibri",61635,86602,24967,5,2
"Sign Bottom","Cambria",56403,95019,38616,3,9
"Sign Top","Calibri",13000,13210,210,0,0
"Sign Top","Calibri",70000,100883,30883,0,3
"Sign Bottom","Cambria",73306,105238,31932,6,8
"Sign Bottom","Calibri",74756,85956,11200,6,6
"Sign Top","Cambria",70161,119119,48958,1,9
"Sign Top","Cambria",42075,69597,27522,5,7
"Sign Top","Cambria",5640,38218,32578,0,8
"Sign Bottom","Calibri",49035,52301,3266,5,1
"Sign Top","Calibri",76108,112553,36445,8,3
"Sign Bottom","Calibri",47670,87998,40328,0,8
"Sign Bottom","Calibri",14870,17292,2422,0,2
"Sign Bottom","Calibri",130426,166734,36308,6,4
"Sign Top","Calibri",72000,100763,28763,0,3
"Sign Bottom","Cambria",27764,62812,35048,4,2
"Sign Bottom","Cambria",65984,115004,49020,4,4
"Sign Top","Cambria",5637,55221,49584,7,1
"Sign Top","Calibri",44,29516,29472,4,6
"Sign Bottom","Calibri",148500,155598,7098,0,8
"Sign Top","Calibri",56000,104418,48418,0,8
"Sign Top","Calibri",49420,81842,32422,0,2
"Sign Bottom","Cambria",10429,22730,12301,9,0
"Sign Bottom","Calibri",55386,93401,38015,6,1
"Sign Bottom","Cambria",95233,135107,39874,3,7
"Sign Top","Calibri",11,4990,4979,1,0
"Sign Top","Calibri",80027,128643,48616,7,3
"Sign Top","Calibri",14000,62351,48351,0,1
"Sign Bottom","Cambria",2220,3450,1230,0,0
"Sign Bottom","Cambria",30890,31635,745,0,5
"Sign Top","Cambria",26765,34853,8088,5,3
"Sign Bottom","Calibri",7142,12260,5118,2,0
"Sign Top","Cambria",52454,97002,44548,4,2
"Sign Bottom","Cambria",140794,143642,2848,4,2
"Sign Top","Calibri",4000,21391,17391,0,1
"Sign Top","Cambria",52443,69516,17073,3,6
"Sign Top","Calibri",39414,47681,8267,4,1
"Sign Top","Cambria",70973,113596,42623,3,6
"Sign Top","Cambria",7767,34999,27232,7,9
"Sign Top","Cambria",6795,46820,40025,5,0
"Sign Top","Cambria",40084,51425,11341,4,5
"Sign Bottom","Cambria",124957,127178,2221,7,8
"Sign Top","Calibri",30000,74452,44452,0,2
"Sign Top","Calibri",9500,47219,37719,0,9
"Sign Top","Calibri",121000,158922,37922,0,2
"Sign Bottom","Cambria",84639,95261,10622,9,1
"Sign Bottom","Calibri",189075,227839,38764,5,9
"Sign Bottom","Calibri",46361,58343,11982,1,3
"Sign Top","Cambria",180683,202357,21674,3,7
"Sign Top","Calibri",74520,88440,13920,0,0
"Sign Top","Calibri",163937,190585,26648,7,5
"Sign Top","Cambria",31387,63556,32169,7,6
"Sign Top","Cambria",15632,46452,30820,2,2
"Sign Bottom","Calibri",0,2486,2486,0,6
"Sign Top","Cambria",62587,64811,2224,7,1
"Sign Bottom","Cambria",111531,144757,33226,1,7
"Sign Top","Calibri",31997,39903,7906,7,3
"Sign Top","Calibri",15000,60622,45622,0,2
"Sign Top","Calibri",0,7145,7145,0,5
"Sign Top","Calibri",14263,26873,12610,3,3
"Sign Top","Cambria",189,12585,12396,9,5
"Sign Bottom","Calibri",122258,122621,363,8,1
"Sign Bottom","Cambria",172524,206990,34466,4,0
"Sign Top","Calibri",34102,39741,5639,2,1
"Sign Bottom","Calibri",32140,62936,30796,0,6
"Sign Top","Cambria",468,22251,21783,8,1
"Sign Bottom","Calibri",35616,67154,31538,6,4
"Sign Bottom","Cambria",41003,49113,8110,3,3
"Sign Bottom","Calibri",5763,42967,37204,3,7
"Sign Top","Cambria",1577,30798,29221,7,8
"Sign Top","Calibri",56600,86856,30256,0,6
"Sign Bottom","Cambria",154361,196795,42434,1,5
"Sign Bottom","Cambria",124836,167832,42996,6,2
"Sign Top","Calibri",65543,69505,3962,3,5
"Sign Top","Calibri",25783,44134,18351,3,4
"Sign Bottom","Calibri",26132,27198,1066,2,8
"Sign Bottom","Cambria",713,18020,17307,3,0
"Sign Bottom","Cambria",72289,74085,1796,9,5
"Sign Top","Cambria",74786,93882,19096,6,2
"Sign Bottom","Cambria",112949,136010,23061,9,0
"Sign Top","Cambria",9006,49047,40041,6,7
"Sign Top","Cambria",38534,76217,37683,4,7
"Sign Bottom","Calibri",182235,208106,25871,5,6
"Sign Bottom","Cambria",35977,50297,14320,7,7
"Sign Bottom","Calibri",101872,131052,29180,2,2
"Sign Top","Calibri",42346,68892,26546,6,2
"Sign Top","Calibri",22000,59291,37291,0,1
"Sign Bottom","Calibri",74336,77221,2885,6,1
"Sign Top","Calibri",47500,94129,46629,0,9
"Sign Bottom","Cambria",141960,180014,38054,0,4
"Sign Bottom","Calibri",87330,114786,27456,0,6
"Sign Bottom","Calibri",47778,69358,21580,8,8
"Sign Top","Calibri",114000,149139,35139,0,9
"Sign Top","Cambria",131140,149502,18362,0,2
"Sign Bottom","Cambria",340638,367467,26829,8,7
"Sign Top","Cambria",48847,61034,12187,7,4
"Sign Bottom","Calibri",42978,49895,6917,8,5
"Sign Bottom","Cambria",76993,79867,2874,3,7
"Sign Top","Cambria",6906,25495,18589,6,5
"Sign Top","Calibri",34,24034,24000,4,4
"Sign Bottom","Calibri",10000,12421,2421,0,1
"Sign Bottom","Cambria",83346,129330,45984,6,0
"Sign Top","Cambria",47252,81341,34089,2,1
"Sign Bottom","Calibri",57378,97044,39666,8,4
"Sign Bottom","Calibri",12200,20557,8357,0,7
"Sign Bottom","Calibri",15025,39009,23984,5,9
"Sign Top","Calibri",41728,81409,39681,8,9
"Sign Top","Calibri",121000,164278,43278,0,8
"Sign Bottom","Calibri",32128,56261,24133,8,1
"Sign Bottom","Cambria",74408,104941,30533,8,1
"Sign Top","Cambria",18258,66989,48731,8,9
"Sign Top","Cambria",54298,57655,3357,8,5
"Sign Bottom","Cambria",137424,167582,30158,4,2
"Sign Top","Calibri",65000,93706,28706,0,6
"Sign Top","Cambria",575,41100,40525,5,0
"Sign Top","Calibri",69526,91144,21618,6,4
"Sign Bottom","Cambria",66520,74887,8367,0,7
"Sign Top","Cambria",2377,26966,24589,7,6
"Sign Top","Calibri",42000,64569,22569,0,9
"Sign Bottom","Calibri",76000,106727,30727,0,7
"Sign Top","Cambria",886,17479,16593,6,9
"Sign Top","Cambria",49975,64256,14281,5,6
"Sign Bottom","Calibri",161924,182991,21067,4,1
"Sign Bottom","Cambria",63678,83274,19596,8,4
"Sign Top","Calibri",44000,63450,19450,0,0
"Sign Bottom","Calibri",42123,63905,21782,3,5
"Sign Bottom","Cambria",131990,151687,19697,0,7
"Sign Bottom","Calibri",92175,133115,40940,5,5
"Sign Top","Cambria",66457,106165,39708,7,5
"Sign Top","Calibri",36739,63241,26502,9,1
"Sign Bottom","Calibri",80500,104906,24406,0,6
"Sign Bottom","Cambria",149331,197684,48353,1,4
"Sign Top","Calibri",4,34340,34336,4,0
"Sign Bottom","Cambria",129747,143662,13915,7,2
"Sign Top","Calibri",58625,89469,30844,5,9
"Sign Bottom","Calibri",0,44782,44782,0,2
"Sign Top","Calibri",33785,43817,10032,5,7
"Sign Bottom","Cambria",108949,137808,28859,9,8
"Sign Top","Calibri",20,10853,10833,0,3
"Sign Bottom","Calibri",125515,170132,44617,5,2
"Sign Top","Cambria",137112,145727,8615,2,7
"Sign Bottom","Calibri",284506,321783,37277,6,3
"Sign Top","Calibri",17000,25071,8071,0,1
"Sign Top","Calibri",60000,105961,45961,0,1
"Sign Top","Cambria",878,33701,32823,8,1
"Sign Top","Cambria",5372,18470,13098,2,0
"Sign Bottom","Calibri",46097,95235,49138,7,5
"Sign Bottom","Cambria",11481,22214,10733,1,4
"Sign Top","Calibri",128392,143297,14905,2,7
"Sign Bottom","Calibri",6927,49802,42875,7,2
"Sign Bottom","Calibri",26873,29205,2332,3,5
"Sign Top","Cambria",33955,50957,17002,5,7
"Sign Bottom","Calibri",48506,53653,5147,6,3
"Sign Top","Calibri",54850,83333,28483,0,3
"Sign Bottom","Calibri",36781,39591,2810,1,1
"Sign Bottom","Cambria",57199,77070,19871,9,0
"Sign Top","Cambria",47095,89390,42295,5,0
"Sign Bottom","Calibri",17358,32574,15216,8,4
"Sign Bottom","Cambria",102370,137175,34805,0,5
"Sign Top","Cambria",37570,46380,8810,0,0
"Sign Bottom","Calibri",56527,62173,5646,7,3
"Sign Top","Cambria",70188,93102,22914,8,2
"Sign Top","Calibri",30978,32301,1323,8,1
"Sign Bottom","Cambria",176439,211358,34919,9,8
"Sign Top","Calibri",89125,138860,49735,5,0
"Sign Top","Cambria",44106,77715,33609,6,5
"Sign Bottom","Cambria",38945,75684,36739,5,4
"Sign Top","Calibri",55000,80891,25891,0,1
"Sign Bottom","Cambria",13748,32157,18409,8,7
"Sign Bottom","Cambria",24369,45866,21497,9,6
"Sign Top","Cambria",60295,61504,1209,5,4
"Sign Top","Cambria",20800,26462,5662,0,2
"Sign Top","Cambria",30380,53992,23612,0,2
"Sign Bottom","Cambria",60195,107097,46902,5,7
"Sign Bottom","Cambria",32499,46449,13950,9,9
"Sign Top","Calibri",36000,57542,21542,0,2
"Sign Top","Calibri",60000,102755,42755,0,5
"Sign Bottom","Cambria",59289,100893,41604,9,3
"Sign Bottom","Calibri",21272,65652,44380,2,2
"Sign Top","Cambria",507,5315,4808,7,5
"Sign Bottom","Calibri",57500,103763,46263,0,3
"Sign Bottom","Calibri",52418,89746,37328,8,6
"Sign Top","Calibri",34970,48412,13442,0,2
"Sign Bottom","Cambria",11724,26375,14651,4,5
"Sign Top","Calibri",25845,34211,8366,5,1
"Sign Top","Cambria",107865,148318,40453,5,8
"Sign Top","Calibri",176999,203150,26151,9,0
"Sign Top","Calibri",75000,88106,13106,0,6
"Sign Bottom","Cambria",101595,149475,47880,5,5
"Sign Top","Calibri",175000,185183,10183,0,3
"Sign Bottom","Cambria",6270,20654,14384,0,4
"Sign Bottom","Calibri",147998,168644,20646,8,4
"Sign Bottom","Cambria",216665,246475,29810,5,5
"Sign Bottom","Calibri",1647,44219,42572,7,9
"Sign Top","Calibri",163985,173048,9063,5,8
"Sign Bottom","Calibri",86220,107213,20993,0,3
"Sign Bottom","Cambria",34795,80407,45612,5,7
"Sign Top","Calibri",282,28261,27979,2,1
"Sign Bottom","Cambria",46754,80255,33501,4,5
"Sign Top","Calibri",84039,129394,45355,9,4
"Sign Top","Cambria",1215,30958,29743,5,8
"Sign Top","Calibri",21902,51899,29997,2,9
"Sign Top","Cambria",112034,145931,33897,4,1
"Sign Top","Calibri",60948,82450,21502,8,0
"Sign Bottom","Cambria",129141,132328,3187,1,8
"Sign Top","Calibri",81411,93842,12431,1,2
"Sign Bottom","Calibri",66642,88970,22328,2,0
"Sign Top","Cambria",59213,72985,13772,3,5
"Sign Bottom","Calibri",30893,56891,25998,3,1
"Sign Bottom","Calibri",147231,177646,30415,1,6
"Sign Top","Calibri",45000,47540,2540,0,0
"Sign Top","Calibri",135000,136381,1381,0,1
"Sign Bottom","Calibri",47883,52560,4677,3,0
"Sign Top","Calibri",0,24785,24785,0,5
"Sign Top","Calibri",8,45014,45006,8,4
"Sign Top","Calibri",78504,94228,15724,4,8
"Sign Bottom","Cambria",190836,210222,19386,6,2
"Sign Bottom","Calibri",88901,132957,44056,1,7
"Sign Top","Calibri",89000,96581,7581,0,1
"Sign Bottom","Calibri",117375,127440,10065,5,0
"Sign Bottom","Cambria",23167,30634,7467,7,4
"Sign Bottom","Calibri",17363,55351,37988,3,1
"Sign Top","Cambria",80645,129152,48507,5,2
"Sign Top","Cambria",15933,35944,20011,3,4
"Sign Top","Cambria",33924,61079,27155,4,9
"Sign Top","Cambria",130010,141839,11829,0,9
"Sign Bottom","Calibri",42068,44912,2844,8,2
"Sign Bottom","Calibri",39968,72031,32063,8,1
"Sign Top","Cambria",153792,194845,41053,2,5
"Sign Top","Calibri",14180,62411,48231,0,1
"Sign Top","Calibri",65389,113314,47925,9,4
"Sign Top","Cambria",8605,57221,48616,5,1
"Sign Top","Calibri",18410,66554,48144,0,4
"Sign Top","Cambria",26937,71382,44445,7,2
"Sign Bottom","Calibri",38941,43559,4618,1,9
"Sign Top","Cambria",52749,54973,2224,9,3
"Sign Bottom","Calibri",41696,60321,18625,6,1
"Sign Top","Cambria",127094,161910,34816,4,0
"Sign Top","Calibri",0,10124,10124,0,4
"Sign Top","Cambria",4290,22167,17877,0,7
"Sign Top","Cambria",47817,79519,31702,7,9
"Sign Top","Calibri",45,23261,23216,5,1
"Sign Bottom","Calibri",46350,58115,11765,0,5
"Sign Bottom","Calibri",8000,19285,11285,0,5
"Sign Top","Calibri",42172,59737,17565,2,7
"Sign Bottom","Cambria",12157,47857,35700,7,7
"Sign Bottom","Calibri",188000,224367,36367,0,7
"Sign Top","Calibri",140000,151584,11584,0,4
"Sign Bottom","Cambria",8677,17191,8514,7,1
"Sign Top","Calibri",26903,51880,24977,3,0
"Sign Bottom","Cambria",100204,118995,18791,4,5
"Sign Bottom","Calibri",12017,37729,25712,7,9
"Sign Bottom","Calibri",142521,148142,5621,1,2
"Sign Bottom","Calibri",22789,44361,21572,9,1
"Sign Top","Cambria",81524,98321,16797,4,1
"Sign Top","Cambria",17055,59258,42203,5,8
"Sign Top","Calibri",7000,51776,44776,0,6
"Sign Bottom","Cambria",95122,117330,22208,2,0
"Sign Bottom","Cambria",79641,88662,9021,1,2
"Sign Bottom","Cambria",29106,47970,18864,6,0
"Sign Top","Calibri",208000,240386,32386,0,6
"Sign Top","Cambria",139584,160803,21219,4,3
"Sign Bottom","Calibri",120000,165615,45615,0,5
"Sign Top","Calibri",2900,19173,16273,0,3
"Sign Bottom","Calibri",16413,46025,29612,3,5
"Sign Bottom","Cambria",96144,130507,34363,4,7
"Sign Bottom","Cambria",142424,154095,11671,4,5
"Sign Top","Calibri",67796,97298,29502,6,8
"Sign Top","Calibri",150,11678,11528,0,8
"Sign Bottom","Cambria",9603,38349,28746,3,9
"Sign Bottom","Cambria",93247,95310,2063,7,0
"Sign Bottom","Cambria",2708,45102,42394,8,2
"Sign Bottom","Cambria",45356,86293,40937,6,3
"Sign Bottom","Calibri",45562,53673,8111,2,3
"Sign Bottom","Calibri",105100,151755,46655,0,5
"Sign Top","Calibri",119000,165169,46169,0,9
"Sign Bottom","Cambria",39908,83839,43931,8,9
"Sign Top","Cambria",42046,90974,48928,6,4
"Sign Bottom","Cambria",136875,151024,14149,5,4
"Sign Bottom","Cambria",103620,144834,41214,0,4
"Sign Top","Cambria",358544,391882,33338,4,2
"Sign Top","Cambria",38548,81884,43336,8,4
"Sign Top","Calibri",23642,31504,7862,2,4
"Sign Bottom","Cambria",44084,46195,2111,4,5
"Sign Top","Calibri",10,14259,14249,0,9
"Sign Top","Calibri",53384,68517,15133,4,7
"Sign Bottom","Calibri",24118,33838,9720,8,8
"Sign Bottom","Cambria",8283,25805,17522,3,5
"Sign Bottom","Calibri",116966,155520,38554,6,0
"Sign Bottom","Calibri",31117,45400,14283,7,0
"Sign Top","Cambria",54518,62793,8275,8,3
"Sign Bottom","Calibri",20141,25896,5755,1,6
"Sign Top","Cambria",8270,47885,39615,0,5
"Sign Top","Cambria",115280,127264,11984,0,4
"Sign Bottom","Cambria",100774,105011,4237,4,1
"Sign Bottom","Calibri",48144,74395,26251,4,5
"Sign Bottom","Calibri",63201,71566,8365,1,6
"Sign Bottom","Cambria",18223,65083,46860,3,3
"Sign Bottom","Cambria",184592,205610,21018,2,0
"Sign Top","Calibri",69999,86001,16002,9,1
"Sign Top","Calibri",68400,87184,18784,0,4
"Sign Bottom","Cambria",72973,116284,43311,3,4
"Sign Bottom","Calibri",158798,177531,18733,8,1
"Sign Bottom","Cambria",125989,161019,35030,9,9
"Sign Top","Cambria",110444,119571,9127,4,1
"Sign Top","Calibri",75000,88991,13991,0,1
"Sign Top","Calibri",124000,130918,6918,0,8
"Sign Bottom","Calibri",137137,157633,20496,7,3
"Sign Top","Cambria",56213,61762,5549,3,2
"Sign Top","Cambria",118597,133552,14955,7,2
"Sign Bottom","Calibri",138000,140093,2093,0,3
"Sign Top","Calibri",90000,91312,1312,0,2
"Sign Top","Calibri",40155,79218,39063,5,8
"Sign Top","Cambria",48998,72053,23055,8,3
"Sign Bottom","Cambria",8864,55175,46311,4,5
"Sign Bottom","Calibri",11399,14209,2810,9,9
"Sign Bottom","Cambria",83262,92155,8893,2,5
"Sign Bottom","Calibri",119498,124931,5433,8,1
"Sign Bottom","Cambria",40535,48522,7987,5,2
"Sign Bottom","Calibri",93201,99164,5963,1,4
"Sign Bottom","Calibri",177399,193685,16286,9,5
"Sign Bottom","Calibri",48678,72686,24008,8,6
"Sign Bottom","Calibri",86806,122980,36174,6,0
"Sign Bottom","Cambria",134160,143344,9184,0,4
"Sign Bottom","Calibri",1463,7549,6086,3,9
"Sign Top","Cambria",69401,103067,33666,1,7
"Sign Top","Calibri",27727,70503,42776,7,3
"Sign Bottom","Calibri",2008,48372,46364,8,2
"Sign Bottom","Calibri",110800,157587,46787,0,7
"Sign Top","Cambria",66219,103656,37437,9,6
"Sign Bottom","Cambria",96636,110220,13584,6,0
"Sign Top","Calibri",5,3088,3083,5,8
"Sign Top","Cambria",75646,89940,14294,6,0
"Sign Bottom","Calibri",26223,65102,38879,3,2
"Sign Bottom","Calibri",15229,31826,16597,9,6
"Sign Bottom","Calibri",11871,43825,31954,1,5
"Sign Top","Cambria",777,8865,8088,7,5
"Sign Top","Cambria",12668,62516,49848,8,6
"Sign Top","Calibri",6,27612,27606,6,2
"Sign Bottom","Calibri",180600,205471,24871,0,1
"Sign Bottom","Cambria",7953,34294,26341,3,4
"Sign Top","Calibri",11502,42237,30735,2,7
"Sign Bottom","Cambria",162828,180246,17418,8,6
"Sign Bottom","Calibri",42930,80428,37498,0,8
"Sign Top","Cambria",14701,54497,39796,1,7
"Sign Bottom","Cambria",6991,50472,43481,1,2
"Sign Bottom","Calibri",108452,127128,18676,2,8
"Sign Bottom","Cambria",54948,104466,49518,8,6
"Sign Top","Cambria",31775,49929,18154,5,9
"Sign Bottom","Cambria",95651,120154,24503,1,4
"Sign Top","Cambria",913,43732,42819,3,2
"Sign Top","Calibri",100222,120240,20018,2,0
"Sign Top","Cambria",39661,60807,21146,1,7
"Sign Top","Calibri",72485,116512,44027,5,2
"Sign Top","Calibri",79250,102814,23564,0,4
"Sign Top","Cambria",72305,88500,16195,5,0
"Sign Top","Cambria",73716,107099,33383,6,9
"Sign Top","Cambria",57697,62646,4949,7,6
"Sign Top","Cambria",23385,58990,35605,5,0
"Sign Bottom","Cambria",8959,19316,10357,9,6
"Sign Bottom","Cambria",32981,65529,32548,1,9
"Sign Bottom","Cambria",28039,34433,6394,9,3
"Sign Bottom","Calibri",90289,109580,19291,9,0
"Sign Bottom","Cambria",35927,49042,13115,7,2
"Sign Bottom","Calibri",90030,101540,11510,0,0
"Sign Top","Calibri",23000,64866,41866,0,6
"Sign Bottom","Calibri",19900,31376,11476,0,6
"Sign Bottom","Calibri",94625,138526,43901,5,6
"Sign Top","Calibri",0,38449,38449,0,9
"Sign Top","Calibri",45987,78960,32973,7,0
"Sign Bottom","Cambria",13395,35213,21818,5,3
"Sign Top","Calibri",3906,16115,12209,6,5
"Sign Bottom","Cambria",190841,202650,11809,1,0
"Sign Top","Calibri",98000,132428,34428,0,8
"Sign Bottom","Calibri",14313,16162,1849,3,2
"Sign Bottom","Calibri",59375,104592,45217,5,2
"Sign Top","Cambria",75357,86086,10729,7,6
"Sign Bottom","Cambria",299987,309101,9114,7,1
"Sign Bottom","Calibri",184693,220836,36143,3,6
"Sign Top","Cambria",620,34750,34130,0,0
"Sign Bottom","Cambria",540,4005,3465,0,5
"Sign Bottom","Calibri",104500,139205,34705,0,5
"Sign Top","Cambria",52408,54852,2444,8,2
"Sign Top","Calibri",60000,61392,1392,0,2
"Sign Top","Calibri",91000,137039,46039,0,9
"Sign Top","Calibri",33500,34033,533,0,3
"Sign Top","Cambria",50460,55763,5303,0,3
"Sign Bottom","Cambria",115797,129724,13927,7,4
"Sign Top","Cambria",33339,69558,36219,9,8
"Sign Top","Cambria",14732,59943,45211,2,3
"Sign Bottom","Cambria",103752,140260,36508,2,0
"Sign Top","Cambria",30,7127,7097,0,7
"Sign Bottom","Cambria",12500,34585,22085,0,5
"Sign Bottom","Calibri",56389,82966,26577,9,6
"Sign Bottom","Calibri",99722,135359,35637,2,9
"Sign Top","Cambria",673,36281,35608,3,1
"Sign Bottom","Calibri",51833,100533,48700,3,3
"Sign Bottom","Calibri",77681,85469,7788,1,9
"Sign Bottom","Calibri",111096,141632,30536,6,2
"Sign Bottom","Cambria",18255,19824,1569,5,4
"Sign Bottom","Calibri",214074,253753,39679,4,3
"Sign Top","Cambria",5548,19486,13938,8,6
"Sign Bottom","Calibri",5263,23104,17841,3,4
"Sign Bottom","Calibri",21245,58573,37328,5,3
"Sign Bottom","Cambria",41084,78227,37143,4,7
"Sign Bottom","Calibri",45496,64668,19172,6,8
"Sign Top","Cambria",44027,66993,22966,7,3
"Sign Top","Calibri",54000,85708,31708,0,8
"Sign Bottom","Cambria",12742,16921,4179,2,1
"Sign Bottom","Cambria",53300,58143,4843,0,3
"Sign Bottom","Cambria",185707,213235,27528,7,5
"Sign Top","Calibri",66212,76519,10307,2,9
"Sign Top","Calibri",14106,22280,8174,6,0
"Sign Top","Calibri",30000,36783,6783,0,3
"Sign Bottom","Cambria",2067,25306,23239,7,6
"Sign Top","Cambria",133775,182048,48273,5,8
"Sign Bottom","Cambria",107299,110905,3606,9,5
"Sign Top","Cambria",57343,82872,25529,3,2
"Sign Bottom","Calibri",123255,160958,37703,5,8
"Sign Bottom","Calibri",120829,136179,15350,9,9
"Sign Bottom","Calibri",149204,195536,46332,4,6
"Sign Top","Cambria",16433,38025,21592,3,5
"Sign Top","Calibri",44409,80458,36049,9,8
"Sign Top","Calibri",14130,53087,38957,0,7
"Sign Top","Cambria",98280,108795,10515,0,5
"Sign Top","Calibri",27753,42317,14564,3,7
"Sign Bottom","Cambria",81313,116695,35382,3,5
"Sign Bottom","Cambria",33124,63956,30832,4,6
"Sign Bottom","Calibri",84809,131802,46993,9,2
"Sign Bottom","Cambria",72832,93015,20183,2,5
"Sign Top","Cambria",12642,50923,38281,2,3
"Sign Top","Calibri",81000,105538,24538,0,8
"Sign Bottom","Cambria",2387,42306,39919,7,6
"Sign Top","Calibri",65987,87783,21796,7,3
"Sign Bottom","Cambria",17997,37989,19992,7,9
"Sign Bottom","Calibri",40139,74490,34351,9,0
"Sign Top","Calibri",229,27533,27304,9,3
"Sign Bottom","Calibri",69736,102641,32905,6,1
"Sign Bottom","Calibri",62210,63994,1784,0,4
"Sign Top","Calibri",119,13079,12960,9,9
"Sign Bottom","Calibri",23608,32230,8622,8,0
"Sign Bottom","Calibri",12759,21653,8894,9,3
"Sign Top","Cambria",62512,84623,22111,2,3
"Sign Bottom","Calibri",107800,118027,10227,0,7
"Sign Top","Cambria",9465,25413,15948,5,3
"Sign Top","Cambria",5226,38111,32885,6,1
"Sign Bottom","Cambria",14166,29022,14856,6,2
"Sign Bottom","Cambria",13444,61816,48372,4,6
"Sign Top","Cambria",107122,109016,1894,2,6
"Sign Top","Cambria",100319,122801,22482,9,1
"Sign Bottom","Cambria",150720,168141,17421,0,1
"Sign Top","Cambria",65508,92532,27024,8,2
"Sign Top","Cambria",39373,48189,8816,3,9
"Sign Top","Cambria",67617,88505,20888,7,5
"Sign Bottom","Cambria",162240,179341,17101,0,1
"Sign Top","Cambria",81426,96491,15065,6,1
"Sign Bottom","Calibri",78451,100718,22267,1,8
"Sign Bottom","Calibri",121762,137652,15890,2,2
"Sign Top","Calibri",112487,152980,40493,7,0
"Sign Bottom","Calibri",50868,87973,37105,8,3
"Sign Bottom","Cambria",40806,85977,45171,6,7
"Sign Top","Calibri",0,2498,2498,0,8
"Sign Top","Cambria",69980,84743,14763,0,3
"Sign Top","Calibri",166000,191417,25417,0,7
"Sign Top","Cambria",22665,40970,18305,5,0
"Sign Bottom","Cambria",31313,31583,270,3,3
"Sign Bottom","Cambria",44312,58977,14665,2,7
"Sign Bottom","Cambria",20181,52157,31976,1,7
"Sign Top","Cambria",120052,168381,48329,2,1
"Sign Top","Calibri",94235,140908,46673,5,8
"Sign Bottom","Calibri",151195,160370,9175,5,0
"Sign Bottom","Cambria",13304,31940,18636,4,0
"Sign Top","Calibri",126394,128022,1628,4,2
"Sign Top","Calibri",60000,82712,22712,0,2
"Sign Bottom","Calibri",83715,95819,12104,5,9
"Sign Top","Calibri",265,4024,3759,5,4
"Sign Bottom","Calibri",154019,200727,46708,9,7
"Sign Bottom","Calibri",127241,171700,44459,1,0
"Sign Bottom","Calibri",140952,155247,14295,2,7
"Sign Bottom","Calibri",45296,68837,23541,6,7
"Sign Top","Calibri",90000,132472,42472,0,2
"Sign Top","Cambria",5318,16411,11093,8,1
"Sign Top","Calibri",100,40937,40837,0,7
"Sign Bottom","Calibri",17884,55997,38113,4,7
"Sign Bottom","Calibri",39412,80682,41270,2,2
"Sign Bottom","Calibri",54200,101044,46844,0,4
"Sign Top","Cambria",7688,31461,23773,8,1
"Sign Top","Cambria",52158,67704,15546,8,4
"Sign Top","Calibri",101000,140542,39542,0,2
"Sign Bottom","Cambria",118955,122221,3266,5,1
"Sign Bottom","Cambria",62338,63327,989,8,7
"Sign Top","Calibri",57,1354,1297,7,4
"Sign Top","Calibri",4393,24435,20042,3,5
"Sign Bottom","Calibri",124756,132510,7754,6,0
"Sign Bottom","Cambria",114284,126745,12461,4,5
"Sign Top","Cambria",154242,177649,23407,2,9
"Sign Top","Calibri",93965,141616,47651,5,6
"Sign Top","Calibri",71640,95033,23393,0,3
"Sign Top","Calibri",5100,29820,24720,0,0
"Sign Bottom","Cambria",128199,138355,10156,9,5
"Sign Top","Cambria",24790,52050,27260,0,0
"Sign Bottom","Cambria",229717,231985,2268,7,5
"Sign Top","Calibri",68123,107096,38973,3,6
"Sign Bottom","Cambria",29873,66165,36292,3,5
"Sign Top","Cambria",53501,92765,39264,1,5
"Sign Top","Cambria",104345,110620,6275,5,0
"Sign Top","Cambria",56857,92069,35212,7,9
"Sign Top","Cambria",673,11687,11014,3,7
"Sign Bottom","Calibri",188259,200761,12502,9,1
"Sign Top","Calibri",31000,51989,20989,0,9
"Sign Top","Calibri",15872,40586,24714,2,6
"Sign Top","Cambria",116703,146106,29403,3,6
"Sign Bottom","Cambria",47438,69672,22234,8,2
"Sign Bottom","Cambria",24164,40088,15924,4,8
"Sign Top","Cambria",60985,96715,35730,5,5
"Sign Top","Cambria",39,31774,31735,9,4
"Sign Bottom","Calibri",188763,216467,27704,3,7
"Sign Bottom","Cambria",38675,74953,36278,5,3
"Sign Bottom","Cambria",90813,91318,505,3,8
"Sign Top","Calibri",20001,58074,38073,1,4
"Sign Bottom","Calibri",52961,84040,31079,1,0
"Sign Top","Cambria",111807,131452,19645,7,2
"Sign Top","Calibri",21499,42357,20858,9,7
"Sign Bottom","Cambria",39501,63582,24081,1,2
"Sign Bottom","Cambria",140898,167283,26385,8,3
"Sign Top","Calibri",1600,29637,28037,0,7
"Sign Top","Calibri",95097,142041,46944,7,1
"Sign Bottom","Cambria",59323,66057,6734,3,7
"Sign Bottom","Cambria",129966,157685,27719,6,5
"Sign Top","Cambria",42706,72939,30233,6,9
"Sign Top","Calibri",405,45810,45405,5,0
"Sign Top","Cambria",3668,22655,18987,8,5
"Sign Top","Cambria",47161,82155,34994,1,5
"Sign Top","Calibri",69797,118941,49144,7,1
"Sign Bottom","Cambria",44668,71056,26388,8,6
"Sign Top","Calibri",39049,50423,11374,9,3
"Sign Bottom","Cambria",2206,4716,2510,6,6
"Sign Top","Calibri",8500,39731,31231,0,1
"Sign Bottom","Cambria",17510,52258,34748,0,8
"Sign Bottom","Cambria",129129,153492,24363,9,2
"Sign Top","Calibri",50,18748,18698,0,8
"Sign Top","Calibri",14,47149,47135,4,9
"Sign Bottom","Cambria",73988,92952,18964,8,2
"Sign Bottom","Cambria",53609,61806,8197,9,6
"Sign Top","Calibri",21000,70058,49058,0,8
"Sign Bottom","Calibri",83346,97418,14072,6,8
"Sign Bottom","Calibri",4827,26819,21992,7,9
"Sign Top","Cambria",932,2522,1590,2,2
"Sign Top","Cambria",31756,78445,46689,6,5
"Sign Bottom","Cambria",43489,73963,30474,9,3
"Sign Top","Calibri",10000,52400,42400,0,0
"Sign Top","Calibri",4,46556,46552,4,6
"Sign Bottom","Calibri",104827,139753,34926,7,3
"Sign Bottom","Cambria",23400,28876,5476,0,6
"Sign Bottom","Cambria",18824,39179,20355,4,9
"Sign Top","Calibri",30000,48986,18986,0,6
"Sign Bottom","Cambria",63810,104527,40717,0,7
"Sign Bottom","Calibri",30242,53288,23046,2,8
"Sign Top","Cambria",60755,65782,5027,5,2
"Sign Top","Cambria",8046,11566,3520,6,6
"Sign Top","Calibri",41371,74065,32694,1,5
"Sign Bottom","Calibri",38992,48435,9443,2,5
"Sign Bottom","Cambria",163704,209750,46046,4,0
"Sign Bottom","Cambria",57465,77891,20426,5,1
"Sign Bottom","Cambria",169684,191295,21611,4,5
"Sign Top","Calibri",108700,129991,21291,0,1
"Sign Bottom","Cambria",19384,25086,5702,4,6
"Sign Top","Cambria",5733,21444,15711,3,4
"Sign Top","Cambria",46847,55955,9108,7,5
"Sign Top","Cambria",37218,79666,42448,8,6
"Sign Top","Calibri",7800,10835,3035,0,5
"Sign Bottom","Calibri",3436,34440,31004,6,0
"Sign Bottom","Calibri",54593,103517,48924,3,7
"Sign Bottom","Cambria",60768,69369,8601,8,9
"Sign Bottom","Cambria",38149,85190,47041,9,0
"Sign Bottom","Calibri",135000,145193,10193,0,3
"Sign Bottom","Calibri",23141,52585,29444,1,5
"Sign Bottom","Cambria",50170,83736,33566,0,6
"Sign Bottom","Cambria",22955,53701,30746,5,1
"Sign Top","Cambria",964,27543,26579,4,3
"Sign Top","Cambria",34853,72545,37692,3,5
"Sign Bottom","Calibri",100011,116297,16286,1,7
"Sign Bottom","Calibri",1800,40423,38623,0,3
"Sign Top","Cambria",90300,98886,8586,0,6
"Sign Top","Cambria",22524,48385,25861,4,5
"Sign Top","Calibri",56000,79127,23127,0,7
"Sign Bottom","Calibri",14395,48252,33857,5,2
"Sign Top","Calibri",76577,101006,24429,7,6
"Sign Top","Cambria",163124,179382,16258,4,2
"Sign Top","Cambria",46395,57575,11180,5,5
"Sign Bottom","Calibri",191940,230964,39024,0,4
"Sign Top","Calibri",6000,52966,46966,0,6
"Sign Top","Cambria",51280,99847,48567,0,7
"Sign Top","Calibri",18000,46141,28141,0,1
"Sign Bottom","Calibri",66339,74875,8536,9,5
"Sign Top","Calibri",35861,64697,28836,1,7
"Sign Top","Cambria",180274,214882,34608,4,2
"Sign Bottom","Cambria",124613,129732,5119,3,2
"Sign Bottom","Cambria",79633,97269,17636,3,9
"Sign Top","Cambria",47266,63755,16489,6,5
"Sign Bottom","Cambria",50812,96866,46054,2,6
"Sign Bottom","Calibri",170000,188966,18966,0,6
"Sign Bottom","Cambria",117515,152976,35461,5,6
"Sign Top","Cambria",70215,73099,2884,5,9
"Sign Bottom","Calibri",89446,95325,5879,6,5
"Sign Top","Calibri",109000,125186,16186,0,6
"Sign Top","Calibri",147000,158172,11172,0,2
"Sign Top","Calibri",81000,113775,32775,0,5
"Sign Bottom","Cambria",288767,296207,7440,7,7
"Sign Bottom","Calibri",106072,115474,9402,2,4
"Sign Bottom","Cambria",110706,152538,41832,6,8
"Sign Top","Calibri",18984,64454,45470,4,4
"Sign Bottom","Cambria",33336,57828,24492,6,8
"Sign Top","Cambria",133007,175621,42614,7,1
"Sign Top","Cambria",40019,62297,22278,9,7
"Sign Top","Cambria",998,19692,18694,8,2
"Sign Top","Cambria",243470,248747,5277,0,7
"Sign Bottom","Cambria",117017,137833,20816,7,3
"Sign Top","Cambria",37141,84919,47778,1,9
"Sign Bottom","Calibri",71642,112747,41105,2,7
"Sign Bottom","Cambria",108553,116931,8378,3,1
"Sign Top","Calibri",29997,47554,17557,7,4
"Sign Bottom","Calibri",77836,120258,42422,6,8
"Sign Bottom","Cambria",106149,145656,39507,9,6
"Sign Top","Calibri",80000,106072,26072,0,2
"Sign Top","Calibri",109000,113352,4352,0,2
"Sign Bottom","Cambria",97516,122924,25408,6,4
"Sign Bottom","Calibri",15727,60926,45199,7,6
"Sign Top","Cambria",36258,76723,40465,8,3
"Sign Top","Calibri",96779,101052,4273,9,2
"Sign Top","Calibri",196000,245951,49951,0,1
"Sign Bottom","Calibri",7236,37503,30267,6,3
"Sign Bottom","Cambria",32309,67543,35234,9,3
"Sign Bottom","Calibri",100060,147683,47623,0,3
"Sign Bottom","Calibri",17505,54595,37090,5,5
"Sign Top","Cambria",32322,54746,22424,2,6
"Sign Bottom","Calibri",15600,27847,12247,0,7
"Sign Bottom","Calibri",37613,64160,26547,3,0
"Sign Top","Cambria",60341,64391,4050,1,1
"Sign Bottom","Cambria",71786,83225,11439,6,5
"Sign Bottom","Calibri",27561,54546,26985,1,6
"Sign Top","Cambria",13285,51870,38585,5,0
"Sign Bottom","Cambria",163161,208355,45194,1,5
"Sign Top","Cambria",50635,64802,14167,5,2
"Sign Top","Calibri",0,10155,10155,0,5
"Sign Bottom","Cambria",18828,41262,22434,8,2
"Sign Top","Calibri",111695,135919,24224,5,9
"Sign Bottom","Calibri",50815,75291,24476,5,1
"Sign Bottom","Calibri",29555,33803,4248,5,3
"Sign Bottom","Calibri",131703,171435,39732,3,5
"Sign Bottom","Cambria",152118,192730,40612,8,0
"Sign Top","Calibri",4642,47288,42646,2,8
"Sign Bottom","Cambria",14239,31429,17190,9,9
"Sign Bottom","Calibri",95382,104827,9445,2,7
"Sign Top","Cambria",31174,37698,6524,4,8
"Sign Bottom","Cambria",38392,64229,25837,2,9
"Sign Bottom","Calibri",196428,237580,41152,8,0
"Sign Top","Calibri",71379,98769,27390,9,9
"Sign Bottom","Cambria",39681,46749,7068,1,9
"Sign Bottom","Calibri",24549,64053,39504,9,3
"Sign Bottom","Calibri",72619,78855,6236,9,5
"Sign Top","Cambria",42044,69736,27692,4,6
"Sign Top","Calibri",80593,98974,18381,3,4
"Sign Top","Cambria",22449,27785,5336,9,5
"Sign Bottom","Cambria",345,5010,4665,5,0
"Sign Top","Cambria",409663,458972,49309,3,2
"Sign Top","Cambria",33377,58803,25426,7,3
"Sign Bottom","Calibri",69394,79559,10165,4,9
"Sign Bottom","Cambria",133248,137711,4463,8,1
"Sign Bottom","Calibri",52627,62201,9574,7,1
"Sign Top","Cambria",12884,14403,1519,4,3
"Sign Bottom","Cambria",38310,55613,17303,0,3
"Sign Bottom","Cambria",9796,29263,19467,6,3
"Sign Top","Cambria",5769,54818,49049,9,8
"Sign Top","Cambria",133,4953,4820,3,3
"Sign Bottom","Cambria",46209,82470,36261,9,0
"Sign Bottom","Calibri",53487,64506,11019,7,6
"Sign Top","Calibri",17687,43833,26146,7,3
"Sign Bottom","Cambria",166920,169275,2355,0,5
"Sign Bottom","Cambria",111104,138545,27441,4,5
"Sign Bottom","Calibri",56496,70595,14099,6,5
"Sign Bottom","Cambria",94282,121472,27190,2,2
"Sign Bottom","Calibri",189910,217162,27252,0,2
"Sign Bottom","Cambria",127409,148846,21437,9,6
"Sign Bottom","Cambria",93655,96399,2744,5,9
"Sign Top","Cambria",60775,70062,9287,5,2
"Sign Top","Calibri",118267,124251,5984,7,1
"Sign Bottom","Cambria",60074,63084,3010,4,4
"Sign Bottom","Calibri",162896,183822,20926,6,2
"Sign Top","Calibri",9520,31613,22093,0,3
"Sign Bottom","Cambria",132079,134327,2248,9,7
"Sign Bottom","Calibri",42000,67130,25130,0,0
"Sign Top","Calibri",35000,36850,1850,0,0
"Sign Bottom","Calibri",114803,159835,45032,3,5
"Sign Top","Cambria",14502,63547,49045,2,7
"Sign Top","Calibri",34653,69143,34490,3,3
"Sign Top","Cambria",6667,51733,45066,7,3
"Sign Bottom","Cambria",129477,142257,12780,7,7
"Sign Top","Cambria",105388,150651,45263,8,1
"Sign Bottom","Cambria",64016,83546,19530,6,6
"Sign Bottom","Calibri",111642,126034,14392,2,4
"Sign Bottom","Calibri",86067,105449,19382,7,9
"Sign Top","Cambria",68568,116707,48139,8,7
"Sign Top","Calibri",34093,36981,2888,3,1
"Sign Bottom","Cambria",110184,118242,8058,4,2
"Sign Top","Cambria",365,45191,44826,5,1
"Sign Top","Cambria",42875,52287,9412,5,7
"Sign Top","Cambria",98479,111669,13190,9,9
"Sign Bottom","Calibri",108155,141677,33522,5,7
"Sign Bottom","Calibri",81415,99801,18386,5,1
"Sign Bottom","Calibri",141590,169204,27614,0,4
"Sign Top","Cambria",100644,105234,4590,4,4
"Sign Top","Cambria",52660,55460,2800,0,0
"Sign Top","Calibri",38773,82652,43879,3,2
"Sign Bottom","Calibri",8063,19288,11225,3,8
"Sign Top","Calibri",4500,52344,47844,0,4
"Sign Top","Calibri",8000,8385,385,0,5
"Sign Top","Calibri",34500,66224,31724,0,4
"Sign Top","Calibri",151000,186280,35280,0,0
"Sign Bottom","Cambria",51802,77700,25898,2,0
"Sign Bottom","Calibri",86731,123327,36596,1,7
"Sign Top","Calibri",131058,133603,2545,8,3
"Sign Top","Cambria",25335,50291,24956,5,1
"Sign Top","Calibri",58000,58041,41,0,1
"Sign Top","Cambria",188503,212083,23580,3,3
"Sign Bottom","Cambria",62967,76498,13531,7,8
"Sign Bottom","Cambria",37388,79375,41987,8,5
"Sign Bottom","Cambria",33688,65518,31830,8,8
"Sign Bottom","Calibri",51834,76255,24421,4,5
"Sign Top","Cambria",37519,40506,2987,9,6
"Sign Bottom","Cambria",502,37504,37002,2,4
"Sign Top","Calibri",4500,20195,15695,0,5
"Sign Bottom","Cambria",29525,30569,1044,5,9
"Sign Top","Calibri",18500,45517,27017,0,7
"Sign Top","Calibri",78143,125913,47770,3,3
"Sign Bottom","Cambria",150920,177166,26246,0,6
"Sign Top","Calibri",10,35291,35281,0,1
"Sign Top","Calibri",57835,104083,46248,5,3
"Sign Bottom","Cambria",125627,134840,9213,7,0
"Sign Top","Cambria",82098,122974,40876,8,4
"Sign Bottom","Calibri",13889,41447,27558,9,7
"Sign Bottom","Calibri",163202,192823,29621,2,3
"Sign Bottom","Cambria",20025,45719,25694,5,9
"Sign Bottom","Cambria",146236,187035,40799,6,5
"Sign Bottom","Cambria",164405,195961,31556,5,1
"Sign Top","Cambria",35394,49406,14012,4,6
"Sign Top","Cambria",39748,43111,3363,8,1
"Sign Top","Cambria",896,38926,38030,6,6
"Sign Bottom","Cambria",18793,19925,1132,3,5
"Sign Top","Cambria",2683,37089,34406,3,9
"Sign Bottom","Calibri",80251,89920,9669,1,0
"Sign Bottom","Cambria",91467,95699,4232,7,9
"Sign Bottom","Cambria",64408,69346,4938,8,6
"Sign Top","Calibri",0,22342,22342,0,2
"Sign Top","Calibri",43736,83022,39286,6,2
"Sign Bottom","Calibri",82145,92486,10341,5,6
"Sign Top","Calibri",40236,42897,2661,6,7
"Sign Bottom","Cambria",38047,57142,19095,7,2
"Sign Top","Cambria",71646,75361,3715,6,1
"Sign Top","Calibri",0,1494,1494,0,4
"Sign Bottom","Cambria",48596,89694,41098,6,4
"Sign Top","Calibri",1303,14859,13556,3,9
"Sign Top","Cambria",37023,73709,36686,3,9
"Sign Top","Calibri",16000,24381,8381,0,1
"Sign Bottom","Calibri",95870,143809,47939,0,9
"Sign Bottom","Calibri",82000,84113,2113,0,3
"Sign Bottom","Cambria",12677,34051,21374,7,1
"Sign Bottom","Calibri",58833,59326,493,3,6
"Sign Top","Cambria",120822,163634,42812,2,4
"Sign Top","Calibri",1053,33805,32752,3,5
"Sign Bottom","Cambria",50873,62952,12079,3,2
"Sign Bottom","Calibri",99980,132370,32390,0,0
"Sign Top","Cambria",2420,4378,1958,0,8
"Sign Bottom","Calibri",135219,171117,35898,9,7
"Sign Top","Cambria",180810,223654,42844,0,4
"Sign Top","Cambria",61998,76434,14436,8,4
"Sign Top","Calibri",46702,88630,41928,2,0
"Sign Bottom","Cambria",46801,83354,36553,1,4
"Sign Bottom","Calibri",80584,90900,10316,4,0
"Sign Bottom","Calibri",60298,98197,37899,8,7
"Sign Bottom","Calibri",66001,79800,13799,1,0
"Sign Top","Cambria",17373,41379,24006,3,9
"Sign Bottom","Cambria",141528,155553,14025,8,3
"Sign Top","Calibri",139691,171072,31381,1,2
"Sign Top","Cambria",189646,227043,37397,6,3
"Sign Bottom","Calibri",90829,123022,32193,9,2
"Sign Bottom","Calibri",37343,45100,7757,3,0
"Sign Top","Calibri",130438,168482,38044,8,2
"Sign Top","Calibri",17354,42655,25301,4,5
"Sign Top","Calibri",46000,73184,27184,0,4
"Sign Bottom","Cambria",72942,118464,45522,2,4
"Sign Top","Calibri",64500,103953,39453,0,3
"Sign Top","Calibri",230000,232843,2843,0,3
"Sign Top","Calibri",83290,133245,49955,0,5
"Sign Bottom","Calibri",12788,45001,32213,8,1
"Sign Top","Calibri",180000,194071,14071,0,1
"Sign Top","Cambria",981,30286,29305,1,6
"Sign Top","Calibri",38000,59225,21225,0,5
"Sign Bottom","Calibri",92482,129132,36650,2,2
"Sign Bottom","Cambria",31961,42897,10936,1,7
"Sign Bottom","Calibri",15226,18866,3640,6,6
"Sign Top","Cambria",39079,74069,34990,9,9
"Sign Top","Calibri",39000,83562,44562,0,2
"Sign Top","Calibri",27555,48508,20953,5,8
"Sign Bottom","Calibri",5260,8112,2852,0,2
"Sign Top","Cambria",60093,93263,33170,3,3
"Sign Bottom","Calibri",115417,122721,7304,7,1
"Sign Bottom","Calibri",69410,110828,41418,0,8
"Sign Top","Calibri",20200,46980,26780,0,0
"Sign Top","Calibri",1e+05,104661,4661,0,1
"Sign Bottom","Cambria",37715,76510,38795,5,0
"Sign Bottom","Cambria",15863,23552,7689,3,2
"Sign Bottom","Calibri",5992,39775,33783,2,5
"Sign Top","Calibri",133200,149199,15999,0,9
"Sign Bottom","Calibri",67008,69672,2664,8,2
"Sign Bottom","Calibri",18000,19600,1600,0,0
"Sign Top","Cambria",113699,161082,47383,9,2
"Sign Top","Cambria",63294,74634,11340,4,4
"Sign Top","Calibri",20000,65235,45235,0,5
"Sign Bottom","Calibri",7050,25674,18624,0,4
"Sign Top","Calibri",42600,69648,27048,0,8
"Sign Top","Calibri",34251,66582,32331,1,2
"Sign Top","Cambria",18718,25282,6564,8,2
"Sign Bottom","Cambria",80753,101063,20310,3,3
"Sign Top","Cambria",1262,38506,37244,2,6
"Sign Top","Cambria",66090,77474,11384,0,4
"Sign Bottom","Calibri",5002,9329,4327,2,9
"Sign Top","Cambria",961,41347,40386,1,7
"Sign Top","Calibri",43057,68381,25324,7,1
"Sign Top","Cambria",20303,48552,28249,3,2
"Sign Bottom","Calibri",9474,46306,36832,4,6
"Sign Top","Calibri",105000,134910,29910,0,0
"Sign Top","Calibri",14762,63620,48858,2,0
"Sign Top","Cambria",50096,98915,48819,6,5
"Sign Bottom","Calibri",27083,35061,7978,3,1
"Sign Top","Cambria",62878,72685,9807,8,5
"Sign Bottom","Cambria",83749,110627,26878,9,7
"Sign Bottom","Cambria",68913,106683,37770,3,3
"Sign Bottom","Calibri",76391,80060,3669,1,0
"Sign Bottom","Calibri",93650,143093,49443,0,3
"Sign Top","Calibri",0,25036,25036,0,6
"Sign Bottom","Cambria",41386,80646,39260,6,6
"Sign Top","Calibri",23,37153,37130,3,3
"Sign Bottom","Calibri",10881,40248,29367,1,8
"Sign Bottom","Cambria",117915,148311,30396,5,1
"Sign Bottom","Calibri",26946,64065,37119,6,5
"Sign Top","Calibri",126374,166129,39755,4,9
"Sign Bottom","Calibri",72142,88361,16219,2,1
"Sign Top","Cambria",19878,63153,43275,8,3
"Sign Top","Calibri",91182,114700,23518,2,0
"Sign Bottom","Calibri",138005,158552,20547,5,2
"Sign Bottom","Calibri",130906,150860,19954,6,0
"Sign Bottom","Calibri",7686,26972,19286,6,2
"Sign Top","Cambria",106833,109401,2568,3,1
"Sign Bottom","Calibri",10849,31825,20976,9,5
"Sign Top","Calibri",95725,144903,49178,5,3
"Sign Bottom","Cambria",45094,74990,29896,4,0
"Sign Top","Cambria",258,8121,7863,8,1
"Sign Bottom","Calibri",26030,43149,17119,0,9
"Sign Top","Calibri",139000,157259,18259,0,9
"Sign Top","Cambria",50604,93973,43369,4,3
"Sign Bottom","Calibri",88204,105536,17332,4,6
"Sign Bottom","Calibri",58115,62125,4010,5,5
"Sign Top","Cambria",22802,28732,5930,2,2
"Sign Top","Calibri",64187,90457,26270,7,7
"Sign Top","Calibri",48590,83441,34851,0,1
"Sign Bottom","Calibri",10877,60283,49406,7,3
"Sign Top","Calibri",560,37246,36686,0,6
"Sign Bottom","Cambria",73481,102730,29249,1,0
"Sign Bottom","Calibri",37600,70932,33332,0,2
"Sign Top","Cambria",65300,88316,23016,0,6
"Sign Bottom","Calibri",91095,119506,28411,5,6
"Sign Bottom","Calibri",105495,145698,40203,5,8
"Sign Bottom","Cambria",11077,43980,32903,7,0
"Sign Bottom","Cambria",121319,122797,1478,9,7
"Sign Top","Cambria",78780,99799,21019,0,9
"Sign Top","Calibri",16193,52255,36062,3,5
"Sign Bottom","Cambria",94277,95798,1521,7,8
"Sign Top","Cambria",1798,3663,1865,8,3
"Sign Bottom","Calibri",14676,32580,17904,6,0
"Sign Bottom","Calibri",61387,104485,43098,7,5
"Sign Bottom","Cambria",98950,99948,998,0,8
"Sign Top","Cambria",195442,220029,24587,2,9
"Sign Bottom","Cambria",194289,204954,10665,9,4
"Sign Top","Cambria",11266,55540,44274,6,0
"Sign Bottom","Calibri",125031,127735,2704,1,5
"Sign Top","Cambria",12308,28347,16039,8,7
"Sign Top","Calibri",133509,137531,4022,9,1
"Sign Bottom","Calibri",178480,222064,43584,0,4
"Sign Top","Calibri",25000,56156,31156,0,6
"Sign Top","Cambria",30379,71841,41462,9,1
"Sign Bottom","Calibri",102435,136294,33859,5,4
"Sign Bottom","Cambria",3772,10312,6540,2,2
"Sign Top","Calibri",124554,156258,31704,4,8
"Sign Top","Calibri",128000,165163,37163,0,3
"Sign Top","Calibri",95787,111929,16142,7,9
"Sign Top","Cambria",96588,142962,46374,8,2
"Sign Bottom","Calibri",3184,29613,26429,4,3
"Sign Bottom","Calibri",80000,87575,7575,0,5
"Sign Top","Cambria",17631,25852,8221,1,2
"Sign Bottom","Calibri",40180,85178,44998,0,8
"Sign Top","Cambria",33174,72993,39819,4,3
"Sign Bottom","Cambria",12061,12582,521,1,2
"Sign Top","Cambria",87127,117493,30366,7,3
"Sign Top","Calibri",204000,253699,49699,0,9
"Sign Bottom","Cambria",17518,52188,34670,8,8
"Sign Bottom","Calibri",13061,25046,11985,1,6
"Sign Top","Calibri",108000,142947,34947,0,7
"Sign Top","Cambria",172018,214007,41989,8,7
"Sign Bottom","Calibri",152647,155989,3342,7,9
"Sign Bottom","Calibri",110161,118087,7926,1,7
"Sign Bottom","Cambria",69745,74294,4549,5,4
"Sign Bottom","Cambria",143048,183845,40797,8,5
"Sign Bottom","Calibri",108117,130000,21883,7,0
"Sign Bottom","Calibri",54639,73608,18969,9,8
"Sign Top","Cambria",438,25388,24950,8,8
"Sign Top","Cambria",26409,60041,33632,9,1
"Sign Bottom","Calibri",13767,52093,38326,7,3
"Sign Bottom","Calibri",62862,77201,14339,2,1
"Sign Bottom","Calibri",51451,78142,26691,1,2
"Sign Bottom","Calibri",190627,219283,28656,7,3
"Sign Top","Cambria",92494,103248,10754,4,8
"Sign Top","Calibri",17000,44486,27486,0,6
"Sign Bottom","Cambria",89957,124303,34346,7,3
"Sign Bottom","Cambria",28967,66502,37535,7,2
"Sign Bottom","Calibri",125683,153614,27931,3,4
"Sign Top","Calibri",51000,66543,15543,0,3
"Sign Top","Calibri",103000,125060,22060,0,0
"Sign Bottom","Cambria",38875,42701,3826,5,1
"Sign Bottom","Cambria",92661,113080,20419,1,0
"Sign Top","Cambria",94825,133679,38854,5,9
"Sign Bottom","Cambria",142761,168200,25439,1,0
"Sign Top","Cambria",64794,107700,42906,4,0
"Sign Bottom","Calibri",63010,98025,35015,0,5
"Sign Top","Calibri",148300,180510,32210,0,0
"Sign Top","Cambria",1777,3413,1636,7,3
"Sign Bottom","Calibri",184755,212466,27711,5,6
"Sign Top","Cambria",92574,133112,40538,4,2
"Sign Bottom","Calibri",6085,44344,38259,5,4
"Sign Bottom","Cambria",118153,162314,44161,3,4
"Sign Top","Cambria",78359,122400,44041,9,0
"Sign Top","Calibri",10,8660,8650,0,0
"Sign Top","Cambria",45897,60068,14171,7,8
"Sign Top","Cambria",30368,58148,27780,8,8
"Sign Top","Calibri",0,39088,39088,0,8
"Sign Bottom","Calibri",271000,318231,47231,0,1
"Sign Bottom","Cambria",57800,73555,15755,0,5
"Sign Bottom","Cambria",28396,70945,42549,6,5
"Sign Bottom","Cambria",43483,63219,19736,3,9
"Sign Bottom","Cambria",134923,144799,9876,3,9
"Sign Top","Calibri",69900,104609,34709,0,9
"Sign Bottom","Cambria",91096,106861,15765,6,1
"Sign Top","Calibri",18300,22048,3748,0,8
"Sign Bottom","Cambria",39004,72332,33328,4,2
"Sign Top","Calibri",93500,110945,17445,0,5
"Sign Top","Calibri",116446,125334,8888,6,4
"Sign Top","Cambria",95919,145742,49823,9,2
"Sign Bottom","Cambria",943,21043,20100,3,3
"Sign Top","Calibri",28510,70822,42312,0,2
"Sign Bottom","Cambria",39541,39697,156,1,7
"Sign Bottom","Calibri",77820,93157,15337,0,7
"Sign Bottom","Cambria",24266,40159,15893,6,9
"Sign Bottom","Calibri",40018,58205,18187,8,5
"Sign Bottom","Cambria",49848,67369,17521,8,9
"Sign Bottom","Calibri",59225,72071,12846,5,1
"Sign Bottom","Cambria",38235,53533,15298,5,3
"Sign Bottom","Cambria",82963,109434,26471,3,4
"Sign Top","Cambria",232,44615,44383,2,5
"Sign Top","Cambria",23903,32771,8868,3,1
"Sign Top","Cambria",461,50312,49851,1,2
"Sign Top","Cambria",28582,40233,11651,2,3
"Sign Top","Calibri",94423,130343,35920,3,3
"Sign Top","Cambria",20691,62425,41734,1,5
"Sign Top","Calibri",3500,28678,25178,0,8
"Sign Top","Cambria",67254,85002,17748,4,2
"Sign Top","Calibri",16772,50122,33350,2,2
"Sign Top","Cambria",936,8582,7646,6,2
"Sign Bottom","Cambria",63493,69372,5879,3,2
"Sign Top","Calibri",36560,79133,42573,0,3
"Sign Bottom","Cambria",147047,196431,49384,7,1
"Sign Bottom","Cambria",86551,86605,54,1,5
"Sign Top","Cambria",185775,223448,37673,5,8
"Sign Bottom","Cambria",37042,79177,42135,2,7
"Sign Top","Calibri",143957,145943,1986,7,3
"Sign Bottom","Cambria",86748,134541,47793,8,1
"Sign Bottom","Cambria",30219,33258,3039,9,8
"Sign Top","Calibri",45600,58320,12720,0,0
"Sign Top","Calibri",50000,63839,13839,0,9
"Sign Top","Calibri",38901,39990,1089,1,0
"Sign Top","Calibri",36237,62828,26591,7,8
"Sign Top","Cambria",85560,114312,28752,0,2
"Sign Bottom","Cambria",15531,50361,34830,1,1
"Sign Bottom","Calibri",91390,111907,20517,0,7
"Sign Bottom","Calibri",21845,55837,33992,5,7
"Sign Top","Cambria",130383,175012,44629,3,2
"Sign Top","Cambria",118586,120086,1500,6,6
"Sign Top","Cambria",214,34529,34315,4,9
"Sign Top","Cambria",61320,100962,39642,0,2
"Sign Bottom","Cambria",109840,144239,34399,0,9
"Sign Top","Cambria",155254,188211,32957,4,1
"Sign Bottom","Calibri",112350,128191,15841,0,1
"Sign Top","Cambria",7163,42330,35167,3,0
"Sign Bottom","Cambria",71942,88163,16221,2,3
"Sign Bottom","Cambria",45312,84649,39337,2,9
"Sign Bottom","Cambria",16642,56539,39897,2,9
"Sign Bottom","Cambria",7260,11451,4191,0,1
"Sign Bottom","Calibri",124652,150165,25513,2,5
"Sign Bottom","Cambria",30065,49887,19822,5,7
"Sign Bottom","Cambria",26271,47222,20951,1,2
"Sign Bottom","Calibri",92313,102796,10483,3,6
"Sign Bottom","Calibri",144050,150178,6128,0,8
"Sign Bottom","Cambria",1614,23284,21670,4,4
"Sign Top","Calibri",80000,93572,13572,0,2
"Sign Bottom","Calibri",116000,147439,31439,0,9
"Sign Bottom","Cambria",132144,135548,3404,4,8
"Sign Bottom","Cambria",177964,182459,4495,4,9
"Sign Top","Cambria",27652,72595,44943,2,5
"Sign Bottom","Calibri",50175,70641,20466,5,1
"Sign Bottom","Calibri",149333,176521,27188,3,1
"Sign Top","Cambria",124963,153283,28320,3,3
"Sign Bottom","Calibri",69249,69506,257,9,6
"Sign Bottom","Cambria",79358,111787,32429,8,7
"Sign Top","Calibri",69518,95565,26047,8,5
"Sign Top","Cambria",523,7648,7125,3,8
"Sign Bottom","Calibri",95635,137452,41817,5,2
"Sign Bottom","Calibri",27519,61537,34018,9,7
"Sign Bottom","Cambria",28337,75363,47026,7,3
"Sign Bottom","Calibri",23458,28732,5274,8,2
"Sign Bottom","Cambria",34333,49742,15409,3,2
"Sign Bottom","Calibri",81141,86028,4887,1,8
"Sign Bottom","Cambria",21328,42612,21284,8,2
"Sign Bottom","Cambria",39370,63127,23757,0,7
"Sign Bottom","Calibri",93194,94548,1354,4,8
"Sign Top","Calibri",2e+05,203815,3815,0,5
"Sign Bottom","Calibri",178646,188561,9915,6,1
"Sign Top","Cambria",60844,74979,14135,4,9
"Sign Top","Calibri",87000,108382,21382,0,2
"Sign Top","Cambria",721,22333,21612,1,3
"Sign Bottom","Calibri",40272,65052,24780,2,2
"Sign Top","Calibri",83000,125951,42951,0,1
"Sign Bottom","Cambria",82948,107619,24671,8,9
"Sign Top","Cambria",1046,2330,1284,6,0
"Sign Bottom","Cambria",173246,174200,954,6,0
"Sign Bottom","Calibri",69860,84750,14890,0,0
"Sign Top","Cambria",9250,50142,40892,0,2
"Sign Bottom","Cambria",29746,57742,27996,6,2
"Sign Top","Cambria",80620,111942,31322,0,2
"Sign Top","Calibri",3008,11001,7993,8,1
"Sign Bottom","Calibri",1900,47179,45279,0,9
"Sign Top","Calibri",56833,98768,41935,3,8
"Sign Top","Cambria",102662,122855,20193,2,5
"Sign Top","Calibri",33825,51129,17304,5,9
"Sign Top","Calibri",59736,85826,26090,6,6
"Sign Bottom","Cambria",4573,10162,5589,3,2
"Sign Bottom","Calibri",109071,111579,2508,1,9
"Sign Bottom","Cambria",45391,70979,25588,1,9
"Sign Bottom","Calibri",15098,38358,23260,8,8
"Sign Bottom","Calibri",39195,69700,30505,5,0
"Sign Top","Calibri",39000,46781,7781,0,1
"Sign Bottom","Cambria",21672,58568,36896,2,8
"Sign Top","Calibri",15500,25121,9621,0,1
"Sign Top","Cambria",75245,82575,7330,5,5
"Sign Top","Cambria",44276,84995,40719,6,5
"Sign Top","Calibri",270000,304281,34281,0,1
"Sign Bottom","Calibri",61518,100998,39480,8,8
"Sign Top","Calibri",229,47459,47230,9,9
"Sign Bottom","Calibri",42814,44415,1601,4,5
"Sign Bottom","Calibri",236864,267213,30349,4,3
"Sign Bottom","Cambria",54210,98167,43957,0,7
"Sign Top","Calibri",220000,264322,44322,0,2
"Sign Bottom","Cambria",184795,211676,26881,5,6
"Sign Top","Cambria",828,31217,30389,8,7
"Sign Top","Cambria",75758,115200,39442,8,0
"Sign Top","Calibri",94707,96790,2083,7,0
"Sign Bottom","Cambria",53040,88684,35644,0,4
"Sign Top","Cambria",76041,124512,48471,1,2
"Sign Bottom","Cambria",110558,137171,26613,8,1
"Sign Top","Cambria",50207,99328,49121,7,8
"Sign Top","Calibri",0,7115,7115,0,5
"Sign Bottom","Cambria",104636,137802,33166,6,2
"Sign Bottom","Cambria",115061,164535,49474,1,5
"Sign Top","Calibri",105000,119662,14662,0,2
"Sign Bottom","Calibri",134800,155294,20494,0,4
"Sign Bottom","Cambria",68263,74112,5849,3,2
"Sign Bottom","Calibri",30088,31430,1342,8,0
"Sign Bottom","Cambria",592,14590,13998,2,0
"Sign Top","Cambria",58719,85539,26820,9,9
"Sign Bottom","Cambria",139686,149583,9897,6,3
"Sign Bottom","Calibri",169194,172117,2923,4,7
"Sign Top","Cambria",81268,95151,13883,8,1
"Sign Top","Cambria",172,16708,16536,2,8
"Sign Bottom","Cambria",13547,62876,49329,7,6
"Sign Bottom","Cambria",40914,85299,44385,4,9
"Sign Bottom","Calibri",28700,67326,38626,0,6
"Sign Bottom","Cambria",417041,450896,33855,1,6
"Sign Top","Calibri",60000,87379,27379,0,9
"Sign Bottom","Calibri",67381,76510,9129,1,0
"Sign Top","Cambria",18750,45298,26548,0,8
"Sign Top","Calibri",193490,228828,35338,0,8
"Sign Top","Calibri",39840,39986,146,0,6
"Sign Top","Cambria",34648,79148,44500,8,8
"Sign Top","Calibri",41085,72914,31829,5,4
"Sign Bottom","Calibri",7214,14985,7771,4,5
"Sign Top","Calibri",88494,129950,41456,4,0
"Sign Bottom","Calibri",7941,41477,33536,1,7
"Sign Top","Calibri",228615,267920,39305,5,0
"Sign Bottom","Calibri",81000,84589,3589,0,9
"Sign Bottom","Cambria",55120,85475,30355,0,5
"Sign Bottom","Cambria",13620,14865,1245,0,5
"Sign Top","Calibri",12500,46015,33515,0,5
"Sign Top","Cambria",62110,107659,45549,0,9
"Sign Bottom","Cambria",102066,142416,40350,6,6
"Sign Bottom","Cambria",38676,45539,6863,6,9
"Sign Bottom","Cambria",25976,39669,13693,6,9
"Sign Top","Cambria",148633,167132,18499,3,2
"Sign Bottom","Cambria",722,39288,38566,2,8
"Sign Bottom","Calibri",118634,133885,15251,4,5
"Sign Bottom","Cambria",147927,149512,1585,7,2
"Sign Top","Calibri",32192,32555,363,2,5
"Sign Bottom","Calibri",23860,25393,1533,0,3
"Sign Top","Cambria",55243,80432,25189,3,2
"Sign Top","Calibri",60653,71995,11342,3,5
"Sign Top","Cambria",31436,81329,49893,6,9
"Sign Top","Cambria",82753,114944,32191,3,4
"Sign Top","Calibri",61890,73725,11835,0,5
"Sign Top","Calibri",3400,13566,10166,0,6
"Sign Top","Calibri",10566,52642,42076,6,2
"Sign Top","Calibri",39453,41180,1727,3,0
"Sign Top","Calibri",140000,182498,42498,0,8
"Sign Top","Calibri",59,29324,29265,9,4
"Sign Top","Calibri",27233,64412,37179,3,2
"Sign Bottom","Calibri",150718,179628,28910,8,8
"Sign Bottom","Cambria",195,1237,1042,5,7
"Sign Top","Cambria",4935,43622,38687,5,2
"Sign Bottom","Calibri",50481,90012,39531,1,2
"Sign Top","Cambria",42625,50336,7711,5,6
"Sign Bottom","Cambria",60402,101884,41482,2,4
"Sign Top","Cambria",52199,77080,24881,9,0
"Sign Bottom","Calibri",114213,163409,49196,3,9
"Sign Bottom","Cambria",56701,65579,8878,1,9
"Sign Top","Cambria",51251,72286,21035,1,6
"Sign Bottom","Cambria",20707,61659,40952,7,9
"Sign Top","Calibri",28291,61511,33220,1,1
"Sign Bottom","Cambria",52056,78140,26084,6,0
"Sign Bottom","Calibri",6614,50421,43807,4,1
"Sign Bottom","Cambria",103071,114820,11749,1,0
"Sign Bottom","Cambria",88115,115972,27857,5,2
"Sign Top","Cambria",103111,114546,11435,1,6
"Sign Bottom","Calibri",175203,184724,9521,3,4
"Sign Top","Calibri",2152,48051,45899,2,1
"Sign Top","Cambria",16047,23858,7811,7,8
"Sign Top","Calibri",105050,149659,44609,0,9
"Sign Bottom","Cambria",15630,19035,3405,0,5
"Sign Bottom","Calibri",117263,119384,2121,3,4
"Sign Top","Cambria",48464,91913,43449,4,3
"Sign Top","Cambria",15656,53224,37568,6,4
"Sign Bottom","Cambria",147008,188162,41154,8,2
"Sign Bottom","Cambria",94730,114280,19550,0,0
"Sign Bottom","Calibri",19950,47489,27539,0,9
"Sign Bottom","Calibri",52718,87732,35014,8,2
"Sign Bottom","Calibri",21536,66697,45161,6,7
"Sign Top","Calibri",343000,378376,35376,0,6
"Sign Bottom","Cambria",3481,41767,38286,1,7
"Sign Bottom","Cambria",70250,91206,20956,0,6
"Sign Top","Calibri",103557,142342,38785,7,2
"Sign Top","Calibri",56000,85313,29313,0,3
"Sign Top","Cambria",29499,38861,9362,9,1
"Sign Top","Calibri",50000,92328,42328,0,8
"Sign Bottom","Cambria",111823,118370,6547,3,0
"Sign Top","Calibri",1700,47160,45460,0,0
"Sign Top","Cambria",87762,92408,4646,2,8
"Sign Bottom","Calibri",135500,154676,19176,0,6
"Sign Top","Cambria",50409,85663,35254,9,3
"Sign Bottom","Calibri",85190,95921,10731,0,1
"Sign Bottom","Cambria",38443,49167,10724,3,7
"Sign Top","Cambria",105686,132989,27303,6,9
"Sign Bottom","Cambria",40525,56388,15863,5,8
"Sign Bottom","Calibri",166327,204179,37852,7,9
"Sign Top","Calibri",61564,109551,47987,4,1
"Sign Bottom","Cambria",70280,77270,6990,0,0
"Sign Top","Calibri",65000,76248,11248,0,8
"Sign Top","Calibri",90000,115550,25550,0,0
"Sign Top","Cambria",1530,18346,16816,0,6
"Sign Top","Calibri",5200,5716,516,0,6
"Sign Bottom","Cambria",253096,261775,8679,6,5
"Sign Top","Calibri",74000,104236,30236,0,6
"Sign Top","Calibri",86150,114955,28805,0,5
"Sign Top","Calibri",46015,61887,15872,5,7
"Sign Top","Cambria",85983,93400,7417,3,0
"Sign Bottom","Cambria",138441,165864,27423,1,4
"Sign Bottom","Cambria",83113,123237,40124,3,7
"Sign Bottom","Cambria",30013,75933,45920,3,3
"Sign Bottom","Calibri",96376,96570,194,6,0
"Sign Top","Cambria",4635,14850,10215,5,0
"Sign Bottom","Calibri",44548,51744,7196,8,4
"Sign Top","Calibri",46751,62461,15710,1,1
"Sign Bottom","Cambria",36891,80044,43153,1,4
"Sign Bottom","Calibri",37470,72076,34606,0,6
"Sign Top","Cambria",47344,87002,39658,4,2
"Sign Bottom","Calibri",85224,123493,38269,4,3
"Sign Bottom","Calibri",48000,53891,5891,0,1
"Sign Top","Calibri",7,876,869,7,6
"Sign Bottom","Calibri",194321,215578,21257,1,8
"Sign Bottom","Cambria",134039,147108,13069,9,8
"Sign Bottom","Cambria",105679,142991,37312,9,1
"Sign Top","Calibri",54359,70481,16122,9,1
"Sign Top","Calibri",78000,127969,49969,0,9
"Sign Bottom","Calibri",42500,84245,41745,0,5
"Sign Bottom","Cambria",153545,162775,9230,5,5
"Sign Top","Calibri",12000,14425,2425,0,5
"Sign Top","Cambria",2916,45151,42235,6,1
"Sign Bottom","Cambria",87133,103902,16769,3,2
"Sign Bottom","Calibri",38026,81577,43551,6,7
"Sign Bottom","Cambria",44298,83605,39307,8,5
"Sign Top","Calibri",20000,44378,24378,0,8
"Sign Bottom","Calibri",127300,150152,22852,0,2
"Sign Bottom","Cambria",83410,86741,3331,0,1
"Sign Bottom","Cambria",58723,77908,19185,3,8
"Sign Top","Calibri",55000,78176,23176,0,6
"Sign Top","Cambria",7668,43539,35871,8,9
"Sign Bottom","Calibri",262407,302374,39967,7,4
"Sign Top","Cambria",122267,142939,20672,7,9
"Sign Top","Calibri",48395,96203,47808,5,3
"Sign Bottom","Cambria",128296,132861,4565,6,1
"Sign Bottom","Cambria",93790,138922,45132,0,2
"Sign Top","Cambria",4203,32368,28165,3,8
"Sign Top","Cambria",72958,112810,39852,8,0
"Sign Bottom","Cambria",11857,46051,34194,7,1
"Sign Top","Cambria",62466,73341,10875,6,1
"Sign Top","Cambria",12553,17086,4533,3,6
"Sign Bottom","Calibri",30646,36135,5489,6,5
"Sign Bottom","Cambria",71751,89219,17468,1,9
"Sign Bottom","Calibri",194670,195128,458,0,8
"Sign Bottom","Cambria",132384,154900,22516,4,0
"Sign Top","Calibri",37575,79402,41827,5,2
"Sign Top","Cambria",70021,102965,32944,1,5
"Sign Bottom","Cambria",7943,16248,8305,3,8
"Sign Bottom","Cambria",75773,121653,45880,3,3
"Sign Bottom","Calibri",51457,78112,26655,7,2
"Sign Top","Calibri",65144,97404,32260,4,4
"Sign Top","Calibri",0,31232,31232,0,2
"Sign Top","Cambria",103431,119556,16125,1,6
"Sign Top","Calibri",84,12700,12616,4,0
"Sign Top","Calibri",35000,45130,10130,0,0
"Sign Bottom","Cambria",79924,120847,40923,4,7
"Sign Bottom","Calibri",72695,106399,33704,5,9
"Sign Top","Cambria",127181,149863,22682,1,3
"Sign Top","Calibri",80500,104936,24436,0,6
"Sign Bottom","Cambria",55617,64414,8797,7,4
"Sign Bottom","Calibri",171060,188221,17161,0,1
"Sign Top","Cambria",39,47311,47272,9,1
"Sign Bottom","Cambria",40539,51135,10596,9,5
"Sign Top","Cambria",126076,134299,8223,6,9
"Sign Bottom","Cambria",68539,69917,1378,9,7
"Sign Bottom","Cambria",16674,25371,8697,4,1
"Sign Bottom","Cambria",48197,63495,15298,7,5
"Sign Top","Calibri",69104,71834,2730,4,4
"Sign Top","Calibri",122935,172357,49422,5,7
"Sign Top","Calibri",320,4348,4028,0,8
"Sign Bottom","Calibri",71455,103809,32354,5,9
"Sign Bottom","Cambria",86754,94970,8216,4,0
"Sign Bottom","Cambria",153433,191851,38418,3,1
"Sign Bottom","Cambria",117469,149561,32092,9,1
"Sign Bottom","Calibri",87419,112354,24935,9,4
"Sign Top","Calibri",10,21555,21545,0,5
"Sign Bottom","Calibri",84634,86559,1925,4,9
"Sign Bottom","Cambria",19978,43395,23417,8,5
"Sign Bottom","Cambria",115664,162844,47180,4,4
"Sign Top","Cambria",30202,79048,48846,2,8
"Sign Top","Calibri",1013,38782,37769,3,2
"Sign Bottom","Calibri",44732,80169,35437,2,9
"Sign Top","Calibri",55000,90994,35994,0,4
"Sign Top","Calibri",83000,112834,29834,0,4
"Sign Top","Cambria",86836,119857,33021,6,7
"Sign Top","Cambria",632,11727,11095,2,7
"Sign Top","Cambria",56981,67654,10673,1,4
"Sign Top","Cambria",161281,180844,19563,1,4
"Sign Bottom","Cambria",61815,77396,15581,5,6
"Sign Bottom","Cambria",85202,126022,40820,2,2
"Sign Top","Calibri",69900,106861,36961,0,1
"Sign Bottom","Cambria",129969,141914,11945,9,4
"Sign Top","Calibri",24000,58593,34593,0,3
"Sign Bottom","Calibri",26388,67558,41170,8,8
"Sign Top","Cambria",196162,200393,4231,2,3
"Sign Bottom","Calibri",40673,61569,20896,3,9
"Sign Bottom","Calibri",2547,45009,42462,7,9
"Sign Bottom","Cambria",59954,63841,3887,4,1
"Sign Top","Calibri",5148,13098,7950,8,8
"Sign Bottom","Calibri",49149,58324,9175,9,4
"Sign Bottom","Calibri",13582,56429,42847,2,9
"Sign Bottom","Calibri",48696,75706,27010,6,6
"Sign Top","Cambria",253,42299,42046,3,9
"Sign Top","Calibri",0,28836,28836,0,6
"Sign Bottom","Calibri",67874,92798,24924,4,8
"Sign Top","Calibri",0,30560,30560,0,0
"Sign Bottom","Cambria",9120,27875,18755,0,5
"Sign Bottom","Cambria",91969,96126,4157,9,6
"Sign Bottom","Calibri",116135,117155,1020,5,5
"Sign Top","Calibri",0,4345,4345,0,5
"Sign Top","Cambria",512,10253,9741,2,3
"Sign Bottom","Cambria",43933,67621,23688,3,1
"Sign Bottom","Cambria",15817,28022,12205,7,2
"Sign Top","Calibri",66913,107379,40466,3,9
"Sign Bottom","Cambria",166398,188183,21785,8,3
"Sign Top","Cambria",48999,91737,42738,9,7
"Sign Bottom","Calibri",35034,84328,49294,4,8
"Sign Top","Cambria",30335,77287,46952,5,7
"Sign Top","Calibri",57404,101351,43947,4,1
"Sign Top","Calibri",35129,78554,43425,9,4
"Sign Top","Cambria",85533,123740,38207,3,0
"Sign Top","Cambria",65199,71765,6566,9,5
"Sign Top","Calibri",39916,57643,17727,6,3
"Sign Top","Calibri",5200,38821,33621,0,1
"Sign Top","Calibri",125739,150346,24607,9,6
"Sign Bottom","Calibri",72020,89935,17915,0,5
"Sign Bottom","Cambria",164615,210188,45573,5,8
"Sign Top","Cambria",1325,23348,22023,5,8
"Sign Bottom","Cambria",68363,69976,1613,3,6
"Sign Bottom","Calibri",34550,58107,23557,0,7
"Sign Top","Cambria",159273,191873,32600,3,3
"Sign Bottom","Calibri",0,82,82,0,2
"Sign Top","Cambria",35784,46300,10516,4,0
"Sign Bottom","Calibri",193545,208515,14970,5,5
"Sign Bottom","Calibri",32091,75996,43905,1,6
"Sign Bottom","Calibri",107700,122929,15229,0,9
"Sign Top","Calibri",18165,43175,25010,5,5
"Sign Bottom","Calibri",209651,211591,1940,1,1
"Sign Bottom","Cambria",60966,88603,27637,6,3
"Sign Top","Cambria",10498,15831,5333,8,1
"Sign Top","Calibri",94259,96850,2591,9,0
"Sign Bottom","Cambria",8261,18383,10122,1,3
"Sign Bottom","Calibri",19669,65424,45755,9,4
"Sign Top","Cambria",46860,80877,34017,0,7
"Sign Bottom","Calibri",167800,182480,14680,0,0
"Sign Top","Calibri",31000,42839,11839,0,9
"Sign Top","Cambria",58646,65606,6960,6,6
"Sign Bottom","Cambria",28535,48657,20122,5,7
"Sign Bottom","Calibri",24431,27328,2897,1,8
"Sign Bottom","Calibri",95245,97227,1982,5,7
"Sign Top","Cambria",36158,63733,27575,8,3
"Sign Top","Calibri",4800,50995,46195,0,5
"Sign Top","Cambria",165830,210583,44753,0,3
"Sign Top","Cambria",17942,25167,7225,2,7
"Sign Bottom","Cambria",9776,22756,12980,6,6
"Sign Top","Cambria",68953,78354,9401,3,4
"Sign Bottom","Calibri",176000,223661,47661,0,1
"Sign Top","Calibri",61500,93598,32098,0,8
"Sign Bottom","Cambria",121230,159638,38408,0,8
"Sign Top","Cambria",39070,84863,45793,0,3
"Sign Bottom","Calibri",97942,109802,11860,2,2
"Sign Top","Cambria",33835,81482,47647,5,2
"Sign Bottom","Calibri",20,24690,24670,0,0
"Sign Top","Cambria",23982,50667,26685,2,7
"Sign Bottom","Calibri",92000,135539,43539,0,9
"Sign Bottom","Cambria",86694,120972,34278,4,2
"Sign Top","Calibri",70000,74971,4971,0,1
"Sign Bottom","Calibri",174592,206779,32187,2,9
"Sign Top","Calibri",20000,58962,38962,0,2
"Sign Top","Calibri",90000,139050,49050,0,0
"Sign Bottom","Calibri",141867,148397,6530,7,7
"Sign Top","Calibri",59000,72863,13863,0,3
"Sign Bottom","Calibri",276021,309755,33734,1,5
"Sign Top","Calibri",0,28024,28024,0,4
"Sign Bottom","Cambria",34814,49953,15139,4,3
"Sign Bottom","Calibri",27757,44899,17142,7,9
"Sign Top","Cambria",44392,49098,4706,2,8
"Sign Bottom","Cambria",35456,47134,11678,6,4
"Sign Top","Cambria",860,22671,21811,0,1
"Sign Top","Cambria",429,25900,25471,9,0
"Sign Bottom","Cambria",79421,89818,10397,1,8
"Sign Top","Cambria",28095,48407,20312,5,7
"Sign Top","Cambria",632,20837,20205,2,7
"Sign Bottom","Cambria",24486,59115,34629,6,5
"Sign Top","Calibri",45377,75669,30292,7,9
"Sign Top","Cambria",160579,178878,18299,9,8
"Sign Top","Cambria",106290,146910,40620,0,0
"Sign Bottom","Calibri",54577,66697,12120,7,7
"Sign Top","Calibri",17,603,586,7,3
"Sign Top","Calibri",25886,43109,17223,6,9
"Sign Bottom","Calibri",22807,38973,16166,7,3
"Sign Top","Calibri",38972,55076,16104,2,6
"Sign Bottom","Cambria",43604,48748,5144,4,8
"Sign Top","Calibri",188000,219874,31874,0,4
"Sign Top","Calibri",126997,129177,2180,7,7
"Sign Top","Calibri",81385,106051,24666,5,1
"Sign Top","Calibri",87593,113125,25532,3,5
"Sign Top","Calibri",13,7556,7543,3,6
"Sign Top","Calibri",227774,240116,12342,4,6
"Sign Top","Calibri",52,5767,5715,2,7
"Sign Top","Cambria",43677,68259,24582,7,9
"Sign Top","Cambria",100372,118518,18146,2,8
"Sign Top","Cambria",85962,98022,12060,2,2
"Sign Bottom","Cambria",22393,35756,13363,3,6
"Sign Bottom","Cambria",157098,196489,39391,8,9
"Sign Bottom","Cambria",112832,149702,36870,2,2
"Sign Bottom","Calibri",75000,82370,7370,0,0
"Sign Bottom","Calibri",195018,216325,21307,8,5
"Sign Top","Calibri",26400,48622,22222,0,2
"Sign Bottom","Calibri",66738,101332,34594,8,2
"Sign Bottom","Cambria",15488,25121,9633,8,1
"Sign Top","Cambria",4022,25735,21713,2,5
"Sign Top","Calibri",12,22502,22490,2,2
"Sign Bottom","Calibri",56614,93083,36469,4,3
"Sign Bottom","Cambria",20718,25783,5065,8,3
"Sign Top","Cambria",918,4963,4045,8,3
"Sign Bottom","Calibri",26506,59506,33000,6,6
"Sign Bottom","Calibri",18371,49692,31321,1,2
"Sign Bottom","Cambria",26907,62054,35147,7,4
"Sign Bottom","Calibri",32076,55564,23488,6,4
"Sign Bottom","Cambria",119785,129267,9482,5,7
"Sign Bottom","Calibri",59772,90293,30521,2,3
"Sign Bottom","Cambria",38441,52507,14066,1,7
"Sign Bottom","Calibri",24681,72498,47817,1,8
"Sign Top","Cambria",31219,50897,19678,9,7
"Sign Bottom","Cambria",129840,166211,36371,0,1
"Sign Top","Calibri",135450,144145,8695,0,5
"Sign Bottom","Cambria",43894,84046,40152,4,6
"Sign Top","Calibri",64924,108681,43757,4,1
"Sign Top","Cambria",852,17088,16236,2,8
"Sign Bottom","Calibri",56230,73591,17361,0,1
"Sign Top","Cambria",34983,75320,40337,3,0
"Sign Top","Calibri",18800,55987,37187,0,7
"Sign Bottom","Calibri",65005,88117,23112,5,7
"Sign Top","Calibri",52760,66039,13279,0,9
"Sign Bottom","Calibri",10968,44192,33224,8,2
"Sign Top","Cambria",55976,61953,5977,6,3
"Sign Bottom","Calibri",56885,58438,1553,5,8
"Sign Bottom","Cambria",90411,105920,15509,1,0
"Sign Top","Cambria",28213,74924,46711,3,4
"Sign Bottom","Calibri",2212,31197,28985,2,7
"Sign Bottom","Calibri",54318,68964,14646,8,4
"Sign Top","Calibri",29156,63521,34365,6,1
"Sign Bottom","Calibri",10698,12710,2012,8,0
"Sign Bottom","Cambria",113039,125823,12784,9,3
"Sign Top","Calibri",15000,29195,14195,0,5
"Sign Top","Cambria",741,23423,22682,1,3
"Sign Bottom","Calibri",45658,87069,41411,8,9
"Sign Bottom","Calibri",88920,99901,10981,0,1
"Sign Top","Calibri",290000,338097,48097,0,7
"Sign Top","Cambria",48987,97233,48246,7,3
"Sign Bottom","Cambria",71865,89073,17208,5,3
"Sign Top","Calibri",150929,192216,41287,9,6
"Sign Top","Cambria",75080,97777,22697,0,7
"Sign Top","Calibri",188081,225824,37743,1,4
"Sign Bottom","Cambria",55325,82553,27228,5,3
"Sign Top","Cambria",35105,66114,31009,5,4
"Sign Bottom","Cambria",148075,152479,4404,5,9
"Sign Bottom","Cambria",86854,125775,38921,4,5
"Sign Top","Calibri",12000,42551,30551,0,1
"Sign Top","Cambria",189,19119,18930,9,9
"Sign Top","Calibri",10547,48445,37898,7,5
"Sign Bottom","Calibri",42728,50297,7569,8,7
"Sign Top","Calibri",82028,124656,42628,8,6
"Sign Bottom","Cambria",31026,32193,1167,6,3
"Sign Bottom","Calibri",22348,38471,16123,8,1
"Sign Bottom","Cambria",87256,91091,3835,6,1
"Sign Bottom","Calibri",65764,92785,27021,4,5
"Sign Bottom","Calibri",19627,29737,10110,7,7
"Sign Top","Cambria",87175,121589,34414,5,9
"Sign Bottom","Cambria",11429,13789,2360,9,9
"Sign Top","Cambria",742,48983,48241,2,3
"Sign Bottom","Calibri",82159,122314,40155,9,4
"Sign Top","Calibri",53464,98909,45445,4,9
"Sign Top","Calibri",100,11136,11036,0,6
"Sign Bottom","Calibri",56540,65265,8725,0,5
"Sign Bottom","Calibri",14522,54948,40426,2,8
"Sign Top","Calibri",32393,43191,10798,3,1
"Sign Top","Calibri",68433,92619,24186,3,9
"Sign Top","Calibri",30686,45279,14593,6,9
"Sign Bottom","Calibri",60855,92510,31655,5,0
"Sign Top","Calibri",105000,138879,33879,0,9
"Sign Bottom","Calibri",76000,124640,48640,0,0
"Sign Top","Calibri",56000,91884,35884,0,4
"Sign Bottom","Calibri",51237,78417,27180,7,7
"Sign Bottom","Calibri",20875,35027,14152,5,7
"Sign Bottom","Calibri",69318,78995,9677,8,5
"Sign Top","Cambria",106340,133534,27194,0,4
"Sign Top","Calibri",35304,80974,45670,4,4
"Sign Top","Cambria",73170,101945,28775,0,5
"Sign Top","Cambria",2639,22980,20341,9,0
"Sign Top","Calibri",32000,67558,35558,0,8
"Sign Top","Calibri",22712,70569,47857,2,9
"Sign Top","Calibri",13903,48267,34364,3,7
"Sign Bottom","Cambria",57215,66295,9080,5,5
"Sign Bottom","Calibri",119928,124831,4903,8,1
"Sign Top","Cambria",110859,123190,12331,9,0
"Sign Top","Calibri",101726,129094,27368,6,4
"Sign Top","Cambria",82905,122577,39672,5,7
"Sign Bottom","Calibri",145046,148997,3951,6,7
"Sign Top","Cambria",64976,74407,9431,6,7
"Sign Bottom","Calibri",99966,125266,25300,6,6
"Sign Bottom","Calibri",140500,180264,39764,0,4
"Sign Top","Cambria",10732,55000,44268,2,0
"Sign Top","Calibri",53000,90917,37917,0,7
"Sign Bottom","Cambria",159354,167425,8071,4,5
"Sign Top","Calibri",28663,77867,49204,3,7
"Sign Top","Calibri",61895,78998,17103,5,8
"Sign Top","Calibri",54000,81159,27159,0,9
"Sign Bottom","Cambria",23377,66694,43317,7,4
"Sign Top","Calibri",2,21660,21658,2,0
"Sign Top","Calibri",106919,155378,48459,9,8
"Sign Bottom","Calibri",48153,75306,27153,3,6
"Sign Bottom","Cambria",99004,135188,36184,4,8
"Sign Bottom","Cambria",47748,70041,22293,8,1
"Sign Top","Calibri",10,3620,3610,0,0
"Sign Bottom","Calibri",171450,216733,45283,0,3
"Sign Bottom","Calibri",116956,148754,31798,6,4
"Sign Bottom","Cambria",88799,92087,3288,9,7
"Sign Bottom","Calibri",59013,83933,24920,3,3
"Sign Bottom","Cambria",62426,98680,36254,6,0
"Sign Bottom","Calibri",54125,102061,47936,5,1
"Sign Top","Cambria",162795,191767,28972,5,7
"Sign Top","Calibri",21,31168,31147,1,8
"Sign Top","Cambria",19713,29559,9846,3,9
"Sign Bottom","Cambria",130977,137130,6153,7,0
"Sign Top","Cambria",96244,144060,47816,4,0
"Sign Bottom","Calibri",105913,105984,71,3,4
"Sign Bottom","Cambria",105938,111030,5092,8,0
"Sign Bottom","Cambria",42583,50265,7682,3,5
"Sign Top","Calibri",83200,108212,25012,0,2
"Sign Bottom","Calibri",132086,144084,11998,6,4
"Sign Bottom","Calibri",131730,175198,43468,0,8
"Sign Bottom","Calibri",24710,27561,2851,0,1
"Sign Top","Cambria",18800,30489,11689,0,9
"Sign Bottom","Calibri",43268,59535,16267,8,5
"Sign Bottom","Calibri",102200,132496,30296,0,6
"Sign Bottom","Calibri",75000,85168,10168,0,8
"Sign Top","Cambria",31443,68603,37160,3,3
"Sign Top","Cambria",4829,23139,18310,9,9
"Sign Bottom","Calibri",22152,38893,16741,2,3
"Sign Top","Calibri",143767,192290,48523,7,0
"Sign Top","Calibri",17457,41597,24140,7,7
"Sign Bottom","Cambria",142660,160970,18310,0,0
"Sign Top","Cambria",2781,12100,9319,1,0
"Sign Bottom","Calibri",162110,164165,2055,0,5
"Sign Bottom","Calibri",24585,24816,231,5,6
"Sign Top","Calibri",74000,77236,3236,0,6
"Sign Top","Calibri",10314,47486,37172,4,6
"Sign Top","Calibri",10000,21519,11519,0,9
"Sign Top","Cambria",92080,114880,22800,0,0
"Sign Top","Cambria",100831,112321,11490,1,1
"Sign Top","Calibri",64194,110522,46328,4,2
"Sign Bottom","Calibri",58991,80620,21629,1,0
"Sign Top","Calibri",68007,86570,18563,7,0
"Sign Top","Calibri",7086,29257,22171,6,7
"Sign Top","Calibri",30000,68150,38150,0,0
"Sign Top","Calibri",0,42997,42997,0,7
"Sign Top","Calibri",73635,97441,23806,5,1
"Sign Top","Cambria",588,6619,6031,8,9
"Sign Top","Cambria",127145,170370,43225,5,0
"Sign Bottom","Calibri",171437,196517,25080,7,7
"Sign Top","Cambria",541,23760,23219,1,0
"Sign Top","Calibri",30581,56731,26150,1,1
"Sign Top","Cambria",166,40750,40584,6,0
"Sign Bottom","Calibri",55091,80369,25278,1,9
"Sign Bottom","Calibri",184096,207636,23540,6,6
"Sign Top","Calibri",12298,54254,41956,8,4
"Sign Top","Cambria",2053,30303,28250,3,3
"Sign Top","Calibri",0,25791,25791,0,1
"Sign Bottom","Calibri",3380,48081,44701,0,1
"Sign Bottom","Cambria",41978,76867,34889,8,7
"Sign Bottom","Calibri",31010,69932,38922,0,2
"Sign Bottom","Calibri",116841,121474,4633,1,4
"Sign Top","Cambria",58713,71997,13284,3,7
"Sign Top","Calibri",61052,92605,31553,2,5
"Sign Top","Cambria",33122,36882,3760,2,2
"Sign Bottom","Cambria",35531,59656,24125,1,6
"Sign Top","Calibri",17000,46965,29965,0,5
"Sign Top","Cambria",325,24996,24671,5,6
"Sign Bottom","Calibri",60174,62781,2607,4,1
"Sign Top","Cambria",8960,17004,8044,0,4
"Sign Bottom","Cambria",67863,69142,1279,3,2
"Sign Top","Cambria",199,21873,21674,9,3
"Sign Bottom","Cambria",28022,35115,7093,2,5
"Sign Top","Cambria",208,37975,37767,8,5
"Sign Bottom","Calibri",115239,151997,36758,9,7
"Sign Bottom","Calibri",21807,26429,4622,7,9
"Sign Bottom","Calibri",52608,80533,27925,8,3
"Sign Bottom","Calibri",73336,76851,3515,6,1
"Sign Top","Cambria",33359,42215,8856,9,5
"Sign Top","Cambria",28267,42519,14252,7,9
"Sign Bottom","Calibri",70170,96009,25839,0,9
"Sign Top","Calibri",114000,149557,35557,0,7
"Sign Bottom","Cambria",110939,119122,8183,9,2
"Sign Bottom","Calibri",112407,162083,49676,7,3
"Sign Top","Cambria",175607,214227,38620,7,7
"Sign Top","Calibri",54381,65440,11059,1,0
"Sign Top","Cambria",69564,88632,19068,4,2
"Sign Top","Calibri",56000,86164,30164,0,4
"Sign Top","Cambria",43175,63541,20366,5,1
"Sign Bottom","Cambria",40976,90286,49310,6,6
"Sign Top","Cambria",124365,151855,27490,5,5
"Sign Top","Calibri",0,13792,13792,0,2
"Sign Top","Cambria",102765,121564,18799,5,4
"Sign Bottom","Cambria",4631,15254,10623,1,4
"Sign Top","Cambria",54847,78902,24055,7,2
"Sign Top","Calibri",107171,144416,37245,1,6
"Sign Top","Calibri",41605,43142,1537,5,2
"Sign Top","Calibri",115000,151474,36474,0,4
"Sign Bottom","Calibri",36496,36667,171,6,7
"Sign Bottom","Calibri",107768,111562,3794,8,2
"Sign Bottom","Cambria",113462,142659,29197,2,9
"Sign Bottom","Calibri",57284,95734,38450,4,4
"Sign Top","Cambria",30456,56196,25740,6,6
"Sign Top","Cambria",80754,123565,42811,4,5
"Sign Bottom","Calibri",152944,165243,12299,4,3
"Sign Bottom","Calibri",68421,69201,780,1,1
"Sign Bottom","Calibri",79450,111329,31879,0,9
"Sign Top","Calibri",110132,138877,28745,2,7
"Sign Bottom","Cambria",179239,212150,32911,9,0
"Sign Top","Cambria",7570,45516,37946,0,6
"Sign Top","Calibri",108000,149111,41111,0,1
"Sign Bottom","Cambria",52078,58860,6782,8,0
"Sign Top","Calibri",1,21460,21459,1,0
"Sign Bottom","Cambria",72627,79989,7362,7,9
"Sign Top","Cambria",76739,108742,32003,9,2
"Sign Bottom","Calibri",35121,48129,13008,1,9
"Sign Top","Calibri",12,30640,30628,2,0
"Sign Bottom","Calibri",128932,167084,38152,2,4
"Sign Top","Calibri",168000,207721,39721,0,1
"Sign Top","Cambria",55514,79068,23554,4,8
"Sign Top","Calibri",147000,189317,42317,0,7
"Sign Bottom","Cambria",62261,90932,28671,1,2
"Sign Top","Cambria",38435,74407,35972,5,7
"Sign Top","Cambria",141116,171798,30682,6,8
"Sign Bottom","Calibri",80915,87849,6934,5,9
"Sign Top","Calibri",132533,162574,30041,3,4
"Sign Top","Cambria",7759,41578,33819,9,8
"Sign Bottom","Calibri",34500,44520,10020,0,0
"Sign Top","Cambria",196329,233382,37053,9,2
"Sign Top","Cambria",32522,33073,551,2,3
"Sign Bottom","Cambria",8433,44507,36074,3,7
"Sign Bottom","Calibri",71725,91274,19549,5,4
"Sign Bottom","Cambria",94829,117914,23085,9,4
"Sign Top","Calibri",0,16323,16323,0,3
"Sign Top","Calibri",10000,28233,18233,0,3
"Sign Top","Calibri",85001,88887,3886,1,7
"Sign Bottom","Cambria",67307,89231,21924,7,1
"Sign Top","Cambria",15361,48184,32823,1,4
"Sign Bottom","Cambria",10926,52075,41149,6,5
"Sign Top","Cambria",39193,51442,12249,3,2
"Sign Top","Cambria",734,37855,37121,4,5
"Sign Top","Cambria",35234,59020,23786,4,0
"Sign Top","Calibri",9,37085,37076,9,5
"Sign Bottom","Cambria",39207,84359,45152,7,9
"Sign Top","Cambria",986,40101,39115,6,1
"Sign Bottom","Calibri",42600,74021,31421,0,1
"Sign Top","Cambria",7348,51193,43845,8,3
"Sign Bottom","Cambria",69975,118465,48490,5,5
"Sign Top","Calibri",1100,9163,8063,0,3
"Sign Top","Calibri",26664,35186,8522,4,6
"Sign Top","Calibri",76000,78227,2227,0,7
"Sign Top","Calibri",57000,90063,33063,0,3
"Sign Top","Calibri",53000,82887,29887,0,7
"Sign Top","Cambria",46861,70343,23482,1,3
"Sign Bottom","Cambria",10321,37232,26911,1,2
"Sign Bottom","Calibri",95668,126276,30608,8,6
"Sign Top","Calibri",700,16766,16066,0,6
"Sign Bottom","Cambria",27450,33415,5965,0,5
"Sign Bottom","Calibri",65218,95867,30649,8,7
"Sign Bottom","Cambria",60596,83896,23300,6,6
"Sign Bottom","Cambria",130157,175652,45495,7,2
"Sign Top","Calibri",39010,72576,33566,0,6
"Sign Top","Cambria",98535,144597,46062,5,7
"Sign Bottom","Calibri",65336,76903,11567,6,3
"Sign Bottom","Calibri",174802,197991,23189,2,1
"Sign Top","Calibri",128350,136622,8272,0,2
"Sign Bottom","Cambria",72599,83038,10439,9,8
"Sign Top","Cambria",56542,73868,17326,2,8
"Sign Bottom","Calibri",131629,161662,30033,9,2
"Sign Top","Calibri",68,38328,38260,8,8
"Sign Top","Calibri",3500,34416,30916,0,6
"Sign Top","Calibri",23223,71186,47963,3,6
"Sign Top","Calibri",70000,111105,41105,0,5
"Sign Top","Cambria",116740,149424,32684,0,4
"Sign Bottom","Cambria",91416,116858,25442,6,8
"Sign Top","Cambria",26173,39670,13497,3,0
"Sign Bottom","Calibri",190487,225966,35479,7,6
"Sign Bottom","Cambria",148123,192808,44685,3,8
"Sign Bottom","Cambria",70900,82484,11584,0,4
"Sign Bottom","Cambria",65187,87967,22780,7,7
"Sign Bottom","Calibri",4000,9598,5598,0,8
"Sign Bottom","Calibri",30340,39734,9394,0,4
"Sign Top","Cambria",90,43319,43229,0,9
"Sign Bottom","Cambria",65110,75188,10078,0,8
"Sign Bottom","Calibri",36000,44633,8633,0,3
"Sign Top","Calibri",110000,148342,38342,0,2
"Sign Bottom","Cambria",85274,93736,8462,4,6
"Sign Top","Cambria",5128,52077,46949,8,7
"Sign Bottom","Calibri",40470,50590,10120,0,0
"Sign Top","Calibri",42679,64272,21593,9,2
"Sign Bottom","Calibri",68394,93662,25268,4,2
"Sign Bottom","Calibri",82803,83604,801,3,4
"Sign Bottom","Calibri",65275,74169,8894,5,9
"Sign Bottom","Cambria",72166,85814,13648,6,4
"Sign Top","Calibri",2,10857,10855,2,7
"Sign Bottom","Calibri",101728,151334,49606,8,4
"Sign Top","Cambria",88027,90621,2594,7,1
"Sign Bottom","Cambria",111926,129066,17140,6,6
"Sign Bottom","Cambria",17955,55955,38000,5,5
"Sign Bottom","Calibri",40263,74065,33802,3,5
"Sign Top","Calibri",47000,81221,34221,0,1
"Sign Top","Calibri",28956,49561,20605,6,1
"Sign Bottom","Cambria",177940,183627,5687,0,7
"Sign Bottom","Cambria",66942,107869,40927,2,9
"Sign Top","Cambria",150623,183294,32671,3,4
"Sign Bottom","Calibri",132000,175835,43835,0,5
"Sign Top","Cambria",16688,60106,43418,8,6
"Sign Bottom","Calibri",34163,38684,4521,3,4
"Sign Bottom","Calibri",140000,182187,42187,0,7
"Sign Bottom","Cambria",87784,109891,22107,4,1
"Sign Bottom","Cambria",150018,150376,358,8,6
"Sign Top","Cambria",54360,72348,17988,0,8
"Sign Top","Cambria",107594,153650,46056,4,0
"Sign Bottom","Cambria",30777,56896,26119,7,6
"Sign Bottom","Cambria",41229,79741,38512,9,1
"Sign Top","Cambria",43072,87629,44557,2,9
"Sign Top","Calibri",139000,183430,44430,0,0
"Sign Top","Cambria",96895,108625,11730,5,5
"Sign Bottom","Calibri",75061,79813,4752,1,3
"Sign Bottom","Calibri",11399,22972,11573,9,2
"Sign Bottom","Calibri",7128,24495,17367,8,5
"Sign Bottom","Calibri",60000,90582,30582,0,2
"Sign Top","Cambria",126721,167390,40669,1,0
"Sign Top","Cambria",34957,80039,45082,7,9
"Sign Bottom","Cambria",73830,92118,18288,0,8
"Sign Bottom","Calibri",98396,115486,17090,6,6
"Sign Bottom","Calibri",15000,35796,20796,0,6
"Sign Bottom","Cambria",200687,207539,6852,7,9
"Sign Bottom","Calibri",35680,60727,25047,0,7
"Sign Top","Cambria",51069,56611,5542,9,1
"Sign Top","Cambria",737,18170,17433,7,0
"Sign Bottom","Calibri",6892,56040,49148,2,0
"Sign Top","Cambria",44951,52519,7568,1,9
"Sign Bottom","Cambria",51778,90636,38858,8,6
"Sign Bottom","Calibri",96000,111780,15780,0,0
"Sign Bottom","Calibri",78648,1e+05,21352,8,0
"Sign Top","Calibri",54582,61294,6712,2,4
"Sign Bottom","Cambria",97188,131847,34659,8,7
"Sign Top","Calibri",158899,201435,42536,9,5
"Sign Top","Calibri",30,4896,4866,0,6
"Sign Bottom","Calibri",105326,150907,45581,6,7
"Sign Bottom","Cambria",98056,104380,6324,6,0
"Sign Top","Cambria",160818,190939,30121,8,9
"Sign Bottom","Cambria",66507,89810,23303,7,0
"Sign Top","Cambria",5848,6988,1140,8,8
"Sign Bottom","Cambria",57167,106659,49492,7,9
"Sign Top","Cambria",185656,208517,22861,6,7
"Sign Top","Cambria",17175,59573,42398,5,3
"Sign Bottom","Cambria",102503,150579,48076,3,9
"Sign Top","Cambria",82196,94188,11992,6,8
"Sign Top","Calibri",83564,107783,24219,4,3
"Sign Top","Calibri",120152,156288,36136,2,8
"Sign Top","Calibri",90000,131213,41213,0,3
"Sign Bottom","Calibri",10077,51756,41679,7,6
"Sign Top","Cambria",82942,87257,4315,2,7
"Sign Bottom","Cambria",61433,85148,23715,3,8
"Sign Bottom","Cambria",31273,32631,1358,3,1
"Sign Bottom","Cambria",41418,77234,35816,8,4
"Sign Bottom","Calibri",100017,127985,27968,7,5
"Sign Bottom","Cambria",93496,108489,14993,6,9
"Sign Top","Cambria",37056,80310,43254,6,0
"Sign Bottom","Cambria",124830,150973,26143,0,3
"Sign Bottom","Cambria",192803,200113,7310,3,3
"Sign Top","Cambria",49898,73837,23939,8,7
"Sign Bottom","Cambria",19780,60750,40970,0,0
"Sign Top","Calibri",7,12165,12158,7,5
"Sign Top","Calibri",63218,71465,8247,8,5
"Sign Bottom","Cambria",75642,85963,10321,2,3
"Sign Bottom","Calibri",35401,40082,4681,1,2
"Sign Top","Cambria",56614,95577,38963,4,7
"Sign Top","Cambria",20424,65104,44680,4,4
"Sign Bottom","Cambria",45340,55373,10033,0,3
"Sign Bottom","Cambria",168305,202183,33878,5,3
"Sign Top","Calibri",55712,95187,39475,2,7
"Sign Bottom","Cambria",131966,175284,43318,6,4
"Sign Top","Calibri",60891,94391,33500,1,1
"Sign Top","Calibri",41000,43417,2417,0,7
"Sign Bottom","Cambria",18123,52827,34704,3,7
"Sign Top","Cambria",155288,173870,18582,8,0
"Sign Bottom","Cambria",105557,122187,16630,7,7
"Sign Top","Cambria",120188,170050,49862,8,0
"Sign Bottom","Calibri",27417,52610,25193,7,0
"Sign Bottom","Calibri",65120,90788,25668,0,8
"Sign Top","Calibri",92000,133308,41308,0,8
"Sign Bottom","Cambria",45605,46699,1094,5,9
"Sign Bottom","Calibri",84555,116945,32390,5,5
"Sign Bottom","Calibri",10326,28035,17709,6,5
"Sign Top","Calibri",5738,40346,34608,8,6
"Sign Bottom","Calibri",83836,99861,16025,6,1
"Sign Bottom","Calibri",183701,224865,41164,1,5
"Sign Top","Cambria",28226,58924,30698,6,4
"Sign Top","Cambria",95936,103566,7630,6,6
"Sign Bottom","Cambria",216003,241448,25445,3,8
"Sign Top","Calibri",109000,122272,13272,0,2
"Sign Top","Calibri",12000,50536,38536,0,6
"Sign Top","Calibri",10684,54498,43814,4,8
"Sign Bottom","Cambria",53265,60557,7292,5,7
"Sign Bottom","Calibri",54957,89796,34839,7,6
"Sign Bottom","Calibri",22862,35258,12396,2,8
"Sign Bottom","Cambria",44350,75814,31464,0,4
"Sign Bottom","Calibri",76000,93629,17629,0,9
"Sign Bottom","Calibri",129291,149384,20093,1,4
"Sign Bottom","Cambria",116069,147620,31551,9,0
"Sign Bottom","Cambria",212704,260597,47893,4,7
"Sign Bottom","Cambria",22234,53855,31621,4,5
"Sign Bottom","Calibri",95676,144820,49144,6,0
"Sign Top","Cambria",11303,44616,33313,3,6
"Sign Bottom","Cambria",133307,138511,5204,7,1
"Sign Top","Cambria",8554,39440,30886,4,0
"Sign Top","Calibri",2313,36571,34258,3,1
"Sign Bottom","Cambria",78022,82183,4161,2,3
"Sign Bottom","Cambria",29927,42977,13050,7,7
"Sign Bottom","Cambria",72284,86372,14088,4,2
"Sign Top","Cambria",46201,78262,32061,1,2
"Sign Bottom","Cambria",55935,65767,9832,5,7
"Sign Top","Cambria",60774,74301,13527,4,1
"Sign Top","Cambria",23479,41708,18229,9,8
"Sign Top","Calibri",31000,67204,36204,0,4
"Sign Bottom","Calibri",91200,95502,4302,0,2
"Sign Top","Calibri",56143,66167,10024,3,7
"Sign Top","Cambria",25292,74015,48723,2,5
"Sign Bottom","Calibri",163500,165582,2082,0,2
"Sign Bottom","Calibri",4897,15623,10726,7,3
"Sign Top","Calibri",67414,86859,19445,4,9
"Sign Bottom","Cambria",86597,132872,46275,7,2
"Sign Top","Cambria",18286,29304,11018,6,4
"Sign Top","Cambria",14885,62006,47121,5,6
"Sign Top","Calibri",127000,129762,2762,0,2
"Sign Bottom","Cambria",69540,88703,19163,0,3
"Sign Bottom","Cambria",60340,65999,5659,0,9
"Sign Bottom","Cambria",21385,70877,49492,5,7
"Sign Bottom","Cambria",75339,123712,48373,9,2
"Sign Top","Cambria",1198,48812,47614,8,2
"Sign Top","Calibri",30000,41307,11307,0,7
"Sign Bottom","Cambria",28688,53545,24857,8,5
"Sign Top","Cambria",186471,214541,28070,1,1
"Sign Top","Cambria",65491,78011,12520,1,1
"Sign Bottom","Calibri",104447,110457,6010,7,7
"Sign Top","Calibri",3570,35516,31946,0,6
"Sign Bottom","Cambria",23172,31284,8112,2,4
"Sign Top","Cambria",151,26414,26263,1,4
"Sign Bottom","Cambria",139803,174933,35130,3,3
"Sign Top","Calibri",11394,37559,26165,4,9
"Sign Bottom","Cambria",130002,138497,8495,2,7
"Sign Bottom","Calibri",136263,161393,25130,3,3
"Sign Bottom","Cambria",60729,72197,11468,9,7
"Sign Bottom","Calibri",114635,117576,2941,5,6
"Sign Top","Cambria",202973,248060,45087,3,0
"Sign Bottom","Calibri",50100,92700,42600,0,0
"Sign Top","Calibri",39678,71489,31811,8,9
"Sign Top","Calibri",0,32083,32083,0,3
"Sign Bottom","Calibri",40226,86684,46458,6,4
"Sign Bottom","Calibri",122720,154756,32036,0,6
"Sign Top","Calibri",104970,141070,36100,0,0
"Sign Bottom","Calibri",20150,48826,28676,0,6
"Sign Bottom","Calibri",166545,195247,28702,5,7
"Sign Top","Cambria",105260,133490,28230,0,0
"Sign Top","Calibri",14000,25285,11285,0,5
"Sign Bottom","Cambria",23949,62482,38533,9,2
"Sign Bottom","Cambria",160049,200964,40915,9,4
"Sign Top","Calibri",169872,206423,36551,2,3
"Sign Top","Calibri",22895,64035,41140,5,5
"Sign Bottom","Cambria",74509,120822,46313,9,2
"Sign Top","Cambria",228986,278480,49494,6,0
"Sign Bottom","Cambria",85721,119380,33659,1,0
"Sign Bottom","Calibri",82792,125195,42403,2,5
"Sign Top","Calibri",20000,25650,5650,0,0
"Sign Bottom","Cambria",30423,64939,34516,3,9
"Sign Top","Cambria",83990,99755,15765,0,5
"Sign Bottom","Cambria",16574,46998,30424,4,8
"Sign Top","Calibri",70218,92746,22528,8,6
"Sign Top","Calibri",76399,116321,39922,9,1
"Sign Top","Cambria",96025,143953,47928,5,3
"Sign Top","Calibri",142564,164058,21494,4,8
"Sign Top","Cambria",137558,162807,25249,8,7
"Sign Top","Calibri",14000,32998,18998,0,8
"Sign Bottom","Cambria",172042,198246,26204,2,6
"Sign Top","Calibri",138123,149865,11742,3,5
"Sign Top","Cambria",82302,110474,28172,2,4
"Sign Bottom","Cambria",41164,47724,6560,4,4
"Sign Top","Calibri",120219,158443,38224,9,3
"Sign Top","Calibri",54110,58407,4297,0,7
"Sign Top","Calibri",239,18306,18067,9,6
"Sign Bottom","Calibri",102319,105503,3184,9,3
"Sign Bottom","Calibri",26150,52335,26185,0,5
"Sign Bottom","Calibri",108171,110218,2047,1,8
"Sign Bottom","Cambria",53749,57216,3467,9,6
"Sign Bottom","Cambria",328396,343157,14761,6,7
"Sign Top","Cambria",76227,120943,44716,7,3
"Sign Top","Calibri",31000,77460,46460,0,0
"Sign Top","Cambria",22851,54454,31603,1,4
"Sign Bottom","Calibri",188358,199270,10912,8,0
"Sign Bottom","Cambria",102745,133898,31153,5,8
"Sign Bottom","Cambria",118483,120310,1827,3,0
"Sign Bottom","Cambria",214958,247692,32734,8,2
"Sign Bottom","Calibri",64263,85234,20971,3,4
"Sign Top","Calibri",130000,151363,21363,0,3
"Sign Bottom","Cambria",126481,142923,16442,1,3
"Sign Bottom","Calibri",87305,96962,9657,5,2
"Sign Top","Calibri",26,25502,25476,6,2
"Sign Top","Calibri",122132,139896,17764,2,6
"Sign Top","Calibri",90000,129224,39224,0,4
"Sign Top","Cambria",28872,75959,47087,2,9
"Sign Bottom","Calibri",25283,40911,15628,3,1
"Sign Bottom","Calibri",78630,109415,30785,0,5
"Sign Bottom","Calibri",38333,51538,13205,3,8
"Sign Top","Calibri",40000,47449,7449,0,9
"Sign Top","Calibri",96998,131502,34504,8,2
"Sign Top","Cambria",41637,79832,38195,7,2
"Sign Bottom","Calibri",102935,145788,42853,5,8
"Sign Top","Calibri",74251,111935,37684,1,5
"Sign Top","Cambria",32958,54846,21888,8,6
"Sign Top","Calibri",149349,189776,40427,9,6
"Sign Top","Calibri",200,21182,20982,0,2
"Sign Bottom","Cambria",269039,296268,27229,9,8
"Sign Bottom","Calibri",47222,68076,20854,2,6
"Sign Bottom","Calibri",113309,124591,11282,9,1
"Sign Bottom","Calibri",17492,52929,35437,2,9
"Sign Bottom","Cambria",47793,66314,18521,3,4
"Sign Top","Cambria",148352,182491,34139,2,1
"Sign Top","Cambria",69282,80538,11256,2,8
"Sign Bottom","Cambria",136775,173253,36478,5,3
"Sign Top","Calibri",29000,53004,24004,0,4
"Sign Bottom","Calibri",38817,76879,38062,7,9
"Sign Top","Cambria",105657,155324,49667,7,4
"Sign Bottom","Cambria",58180,80466,22286,0,6
"Sign Top","Cambria",4761,33188,28427,1,8
"Sign Bottom","Calibri",73651,82376,8725,1,6
"Sign Top","Calibri",9110,14383,5273,0,3
"Sign Top","Calibri",44743,73727,28984,3,7
"Sign Top","Calibri",70000,103802,33802,0,2
"Sign Bottom","Cambria",99525,149028,49503,5,8
"Sign Top","Calibri",18,25761,25743,8,1
"Sign Bottom","Cambria",28307,63566,35259,7,6
"Sign Top","Calibri",120231,143805,23574,1,5
"Sign Top","Calibri",9000,52048,43048,0,8
"Sign Bottom","Cambria",3882,48005,44123,2,5
"Sign Bottom","Cambria",46088,83456,37368,8,6
"Sign Bottom","Calibri",5502,51035,45533,2,5
"Sign Bottom","Calibri",49783,51899,2116,3,9
"Sign Bottom","Calibri",126411,130415,4004,1,5
"Sign Top","Calibri",50000,84553,34553,0,3
"Sign Bottom","Calibri",17000,32740,15740,0,0
"Sign Top","Calibri",29205,49304,20099,5,4
"Sign Top","Cambria",304,28616,28312,4,6
"Sign Top","Cambria",175838,221539,45701,8,9
"Sign Bottom","Calibri",100400,114293,13893,0,3
"Sign Bottom","Calibri",35228,50869,15641,8,9
"Sign Bottom","Cambria",107785,114454,6669,5,4
"Sign Bottom","Calibri",106011,153013,47002,1,3
"Sign Bottom","Calibri",450,50040,49590,0,0
"Sign Bottom","Cambria",2186,34262,32076,6,2
"Sign Top","Cambria",66637,84243,17606,7,3
"Sign Top","Calibri",88140,134616,46476,0,6
"Sign Top","Cambria",16475,60468,43993,5,8
"Sign Top","Calibri",79776,124361,44585,6,1
"Sign Bottom","Cambria",10773,37292,26519,3,2
"Sign Top","Calibri",75000,99832,24832,0,2
"Sign Bottom","Cambria",74710,84039,9329,0,9
"Sign Bottom","Cambria",18813,26760,7947,3,0
"Sign Top","Cambria",20608,51037,30429,8,7
"Sign Bottom","Cambria",164896,190480,25584,6,0
"Sign Bottom","Calibri",94696,134773,40077,6,3
"Sign Top","Cambria",90036,93626,3590,6,6
"Sign Top","Calibri",18000,22273,4273,0,3
"Sign Top","Calibri",8000,37725,29725,0,5
"Sign Bottom","Cambria",32490,72136,39646,0,6
"Sign Bottom","Cambria",70571,95485,24914,1,5
"Sign Bottom","Cambria",164718,176934,12216,8,4
"Sign Bottom","Calibri",6511,38955,32444,1,5
"Sign Bottom","Cambria",90992,137631,46639,2,1
"Sign Bottom","Cambria",67352,97500,30148,2,0
"Sign Top","Calibri",139626,180698,41072,6,8
"Sign Bottom","Cambria",213875,263199,49324,5,9
"Sign Bottom","Cambria",6046,25244,19198,6,4
"Sign Bottom","Cambria",58311,76219,17908,1,9
"Sign Bottom","Cambria",135165,136208,1043,5,8
"Sign Bottom","Calibri",48021,94670,46649,1,0
"Sign Bottom","Calibri",3247,3726,479,7,6
"Sign Bottom","Calibri",131650,178147,46497,0,7
"Sign Bottom","Cambria",84569,93112,8543,9,2
"Sign Bottom","Cambria",62305,91642,29337,5,2
"Sign Top","Cambria",86153,129404,43251,3,4
"Sign Bottom","Cambria",81582,81999,417,2,9
"Sign Top","Cambria",45093,48317,3224,3,7
"Sign Bottom","Cambria",37585,68220,30635,5,0
"Sign Top","Cambria",151136,160905,9769,6,5
"Sign Top","Calibri",79000,118120,39120,0,0
"Sign Top","Cambria",167006,194656,27650,6,6
"Sign Top","Calibri",150000,187040,37040,0,0
"Sign Top","Cambria",574,28140,27566,4,0
"Sign Bottom","Calibri",63663,64444,781,3,4
"Sign Top","Cambria",1139,4436,3297,9,6
"Sign Bottom","Calibri",20732,67192,46460,2,2
"Sign Top","Calibri",17276,37300,20024,6,0
"Sign Top","Cambria",42834,70120,27286,4,0
"Sign Bottom","Calibri",64838,87567,22729,8,7
"Sign Top","Calibri",15000,34990,19990,0,0
"Sign Top","Calibri",62698,91948,29250,8,8
"Sign Top","Calibri",106714,155196,48482,4,6
"Sign Top","Calibri",54000,72895,18895,0,5
"Sign Top","Calibri",10,6886,6876,0,6
"Sign Bottom","Cambria",43365,85934,42569,5,4
"Sign Bottom","Calibri",67466,70301,2835,6,1
"Sign Top","Calibri",5000,13775,8775,0,5
"Sign Bottom","Cambria",5474,9427,3953,4,7
"Sign Top","Calibri",75000,105956,30956,0,6
"Sign Bottom","Calibri",85094,130237,45143,4,7
"Sign Bottom","Calibri",59674,75360,15686,4,0
"Sign Bottom","Cambria",95305,101839,6534,5,9
"Sign Bottom","Calibri",118490,155290,36800,0,0
"Sign Top","Calibri",126246,130491,4245,6,1
"Sign Top","Cambria",55238,94626,39388,8,6
"Sign Top","Calibri",70000,95507,25507,0,7
"Sign Top","Calibri",123000,131724,8724,0,4
"Sign Bottom","Calibri",95069,128391,33322,9,1
"Sign Top","Cambria",572,4936,4364,2,6
"Sign Bottom","Cambria",80879,92976,12097,9,6
"Sign Top","Cambria",97658,130616,32958,8,6
"Sign Bottom","Calibri",55839,87416,31577,9,6
"Sign Top","Calibri",54200,70532,16332,0,2
"Sign Bottom","Cambria",84075,95358,11283,5,8
"Sign Bottom","Cambria",85033,101183,16150,3,3
"Sign Bottom","Cambria",31490,58846,27356,0,6
"Sign Bottom","Cambria",11080,35892,24812,0,2
"Sign Bottom","Calibri",82674,129416,46742,4,6
"Sign Top","Cambria",39281,68524,29243,1,4
"Sign Bottom","Calibri",51362,82054,30692,2,4
"Sign Bottom","Cambria",131217,145930,14713,7,0
"Sign Bottom","Cambria",120570,148557,27987,0,7
"Sign Bottom","Cambria",3662,41244,37582,2,4
"Sign Top","Calibri",50326,86040,35714,6,0
"Sign Bottom","Cambria",4328,18919,14591,8,9
"Sign Top","Calibri",2700,21481,18781,0,1
"Sign Bottom","Calibri",80000,85633,5633,0,3
"Sign Bottom","Calibri",80063,84169,4106,3,9
"Sign Top","Calibri",20000,46035,26035,0,5
"Sign Bottom","Calibri",26170,47919,21749,0,9
"Sign Bottom","Cambria",43768,48411,4643,8,1
"Sign Bottom","Calibri",5473,29406,23933,3,6
"Sign Bottom","Cambria",6465,31164,24699,5,4
"Sign Top","Cambria",713,32443,31730,3,3
"Sign Bottom","Calibri",5627,51309,45682,7,9
"Sign Bottom","Cambria",2297,37674,35377,7,4
"Sign Bottom","Calibri",87102,115477,28375,2,7
"Sign Bottom","Cambria",121972,132043,10071,2,3
"Sign Top","Calibri",61000,109292,48292,0,2
"Sign Bottom","Calibri",52355,95023,42668,5,3
"Sign Top","Cambria",42688,81373,38685,8,3
"Sign Top","Calibri",530,31035,30505,0,5
"Sign Top","Calibri",31342,64547,33205,2,7
"Sign Top","Calibri",72680,113134,40454,0,4
"Sign Bottom","Calibri",18610,61668,43058,0,8
"Sign Bottom","Cambria",55691,75523,19832,1,3
"Sign Top","Calibri",176000,212925,36925,0,5
"Sign Bottom","Cambria",117486,128697,11211,6,7
"Sign Bottom","Cambria",74569,101006,26437,9,6
"Sign Top","Cambria",27204,68670,41466,4,0
"Sign Bottom","Cambria",56370,89282,32912,0,2
"Sign Top","Calibri",34500,40053,5553,0,3
"Sign Bottom","Calibri",93801,128396,34595,1,6
"Sign Bottom","Cambria",34128,66142,32014,8,2
"Sign Top","Calibri",28000,74684,46684,0,4
"Sign Top","Calibri",68000,109992,41992,0,2
"Sign Bottom","Cambria",151369,193651,42282,9,1
"Sign Top","Cambria",27995,50902,22907,5,2
"Sign Bottom","Cambria",91318,125468,34150,8,8
"Sign Bottom","Cambria",98050,115212,17162,0,2
"Sign Top","Calibri",60000,75279,15279,0,9
"Sign Top","Calibri",161890,175770,13880,0,0
"Sign Bottom","Cambria",54378,60474,6096,8,4
"Sign Bottom","Calibri",146000,156945,10945,0,5
"Sign Top","Cambria",9211,36113,26902,1,3
"Sign Top","Calibri",70332,80083,9751,2,3
"Sign Top","Cambria",144349,167932,23583,9,2
"Sign Top","Cambria",37670,68433,30763,0,3
"Sign Top","Calibri",39200,51315,12115,0,5
"Sign Bottom","Calibri",160000,171578,11578,0,8
"Sign Bottom","Cambria",1355,41401,40046,5,1
"Sign Bottom","Calibri",178650,194741,16091,0,1
"Sign Bottom","Cambria",78625,86353,7728,5,3
"Sign Top","Calibri",104875,137622,32747,5,2
"Sign Top","Calibri",16604,34275,17671,4,5
"Sign Bottom","Cambria",47081,95050,47969,1,0
"Sign Bottom","Cambria",65098,76295,11197,8,5
"Sign Bottom","Calibri",78414,86175,7761,4,5
"Sign Bottom","Cambria",100689,135338,34649,9,8
"Sign Bottom","Cambria",38475,83096,44621,5,6
"Sign Top","Calibri",57512,61281,3769,2,1
"Sign Bottom","Cambria",34798,53270,18472,8,0
"Sign Bottom","Calibri",179080,222592,43512,0,2
"Sign Bottom","Calibri",68582,112645,44063,2,5
"Sign Bottom","Cambria",68111,82666,14555,1,6
"Sign Bottom","Cambria",79054,108161,29107,4,1
"Sign Bottom","Cambria",189027,200316,11289,7,6
"Sign Bottom","Cambria",109138,119429,10291,8,9
"Sign Bottom","Cambria",53420,71173,17753,0,3
"Sign Top","Calibri",52981,87626,34645,1,6
"Sign Top","Calibri",66500,91981,25481,0,1
"Sign Bottom","Cambria",14659,26858,12199,9,8
"Sign Top","Cambria",38659,47514,8855,9,4
"Sign Top","Calibri",10,19516,19506,0,6
"Sign Bottom","Cambria",18275,67673,49398,5,3
"Sign Top","Calibri",126790,176417,49627,0,7
"Sign Top","Calibri",127064,141047,13983,4,7
"Sign Top","Calibri",102000,109116,7116,0,6
"Sign Top","Cambria",17114,57356,40242,4,6
"Sign Top","Calibri",2000,17503,15503,0,3
"Sign Bottom","Calibri",20450,59176,38726,0,6
"Sign Top","Cambria",67026,70584,3558,6,4
"Sign Top","Cambria",962,10073,9111,2,3
"Sign Top","Calibri",130000,172733,42733,0,3
"Sign Bottom","Cambria",68101,103068,34967,1,8
"Sign Bottom","Calibri",106357,118477,12120,7,7
"Sign Top","Calibri",54275,92225,37950,5,5
"Sign Bottom","Calibri",77032,82503,5471,2,3
"Sign Top","Cambria",98415,114664,16249,5,4
"Sign Top","Cambria",71859,91660,19801,9,0
"Sign Top","Calibri",87200,136900,49700,0,0
"Sign Bottom","Cambria",4668,40539,35871,8,9
"Sign Bottom","Calibri",169106,170940,1834,6,0
"Sign Bottom","Calibri",267245,285925,18680,5,5
"Sign Bottom","Cambria",60622,92526,31904,2,6
"Sign Bottom","Cambria",26445,50702,24257,5,2
"Sign Top","Calibri",0,125,125,0,5
"Sign Bottom","Cambria",10412,53717,43305,2,7
"Sign Bottom","Calibri",71391,114701,43310,1,1
"Sign Top","Calibri",118,6616,6498,8,6
"Sign Top","Calibri",150000,167884,17884,0,4
"Sign Bottom","Calibri",73091,104161,31070,1,1
"Sign Bottom","Calibri",129558,154385,24827,8,5
"Sign Top","Cambria",103191,119611,16420,1,1
"Sign Top","Cambria",312,49114,48802,2,4
"Sign Top","Cambria",6550,53004,46454,0,4
"Sign Top","Cambria",55435,86271,30836,5,1
"Sign Bottom","Calibri",3397,12366,8969,7,6
"Sign Bottom","Cambria",100449,132330,31881,9,0
"Sign Top","Calibri",70754,108981,38227,4,1
"Sign Bottom","Calibri",26248,64136,37888,8,6
"Sign Top","Calibri",109600,135399,25799,0,9
"Sign Bottom","Calibri",104521,113659,9138,1,9
"Sign Top","Cambria",46256,81508,35252,6,8
"Sign Bottom","Cambria",74674,122790,48116,4,0
"Sign Top","Calibri",56053,79381,23328,3,1
"Sign Bottom","Calibri",32557,74620,42063,7,0
"Sign Top","Cambria",52744,90970,38226,4,0
"Sign Top","Cambria",66620,113273,46653,0,3
"Sign Bottom","Calibri",74174,76541,2367,4,1
"Sign Bottom","Cambria",53372,77901,24529,2,1
"Sign Top","Calibri",0,13282,13282,0,2
"Sign Bottom","Calibri",199219,200960,1741,9,0
"Sign Bottom","Cambria",89068,96074,7006,8,4
"Sign Top","Calibri",4800,36296,31496,0,6
"Sign Top","Calibri",14600,17721,3121,0,1
"Sign Top","Cambria",154848,200094,45246,8,4
"Sign Top","Calibri",101999,111626,9627,9,6
"Sign Bottom","Calibri",85710,103714,18004,0,4
"Sign Top","Cambria",96926,134279,37353,6,9
"Sign Bottom","Calibri",92349,134699,42350,9,9
"Sign Bottom","Cambria",135173,156425,21252,3,5
"Sign Top","Cambria",47887,89573,41686,7,3
"Sign Top","Calibri",190000,195221,5221,0,1
"Sign Bottom","Cambria",197458,206290,8832,8,0
"Sign Top","Calibri",43411,61075,17664,1,5
"Sign Top","Calibri",18451,26629,8178,1,9
"Sign Top","Calibri",113000,154435,41435,0,5
"Sign Bottom","Calibri",42086,48080,5994,6,0
"Sign Bottom","Calibri",50086,87912,37826,6,2
"Sign Top","Calibri",24000,41038,17038,0,8
"Sign Top","Cambria",462,42110,41648,2,0
"Sign Bottom","Cambria",7553,18597,11044,3,7
"Sign Top","Cambria",56195,56706,511,5,6
"Sign Top","Cambria",40975,77947,36972,5,7
"Sign Top","Cambria",46221,59778,13557,1,8
"Sign Top","Calibri",36500,55006,18506,0,6
"Sign Bottom","Cambria",55356,56061,705,6,1
"Sign Top","Cambria",13983,26368,12385,3,8
"Sign Top","Cambria",78695,82809,4114,5,9
"Sign Bottom","Cambria",120597,169861,49264,7,1
"Sign Bottom","Cambria",10445,43176,32731,5,6
"Sign Top","Cambria",17405,35791,18386,5,1
"Sign Bottom","Calibri",43000,61827,18827,0,7
"Sign Bottom","Calibri",31771,76517,44746,1,7
"Sign Top","Calibri",24,8573,8549,4,3
"Sign Top","Calibri",185134,221819,36685,4,9
"Sign Top","Cambria",41,14107,14066,1,7
"Sign Bottom","Calibri",60578,103336,42758,8,6
"Sign Bottom","Calibri",20627,40949,20322,7,9
"Sign Top","Cambria",42491,46308,3817,1,8
"Sign Top","Cambria",54719,55476,757,9,6
"Sign Bottom","Calibri",140122,144357,4235,2,7
"Sign Top","Calibri",83000,89472,6472,0,2
"Sign Top","Calibri",54187,79069,24882,7,9
"Sign Bottom","Calibri",15542,23042,7500,2,2
"Sign Top","Calibri",33000,67728,34728,0,8
"Sign Top","Cambria",35136,38588,3452,6,8
"Sign Bottom","Calibri",41279,49403,8124,9,3
"Sign Top","Cambria",39737,47131,7394,7,1
"Sign Top","Calibri",29596,60829,31233,6,9
"Sign Top","Calibri",200,20206,20006,0,6
"Sign Top","Calibri",30000,46908,16908,0,8
"Sign Top","Calibri",136,25824,25688,6,4
"Sign Bottom","Cambria",36348,46836,10488,8,6
"Sign Bottom","Cambria",161482,194436,32954,2,6
"Sign Top","Cambria",50487,57068,6581,7,8
"Sign Top","Calibri",22801,40956,18155,1,6
"Sign Top","Calibri",173217,193027,19810,7,7
"Sign Top","Cambria",17401,30039,12638,1,9
"Sign Bottom","Cambria",111356,117020,5664,6,0
"Sign Top","Cambria",85814,124711,38897,4,1
"Sign Top","Calibri",71253,106514,35261,3,4
"Sign Bottom","Cambria",82084,103536,21452,4,6
"Sign Bottom","Cambria",108779,109994,1215,9,4
"Sign Bottom","Cambria",19838,20208,370,8,8
"Sign Bottom","Cambria",49428,93205,43777,8,5
"Sign Top","Cambria",10410,22146,11736,0,6
"Sign Bottom","Calibri",67712,88506,20794,2,6
"Sign Top","Calibri",45000,72999,27999,0,9
"Sign Bottom","Calibri",182053,219175,37122,3,5
"Sign Top","Cambria",4002,32561,28559,2,1
"Sign Top","Cambria",40801,86796,45995,1,6
"Sign Top","Calibri",37000,62015,25015,0,5
"Sign Top","Cambria",13399,50073,36674,9,3
"Sign Bottom","Calibri",145888,151976,6088,8,6
"Sign Top","Calibri",114000,134556,20556,0,6
"Sign Top","Cambria",648,48534,47886,8,4
"Sign Top","Calibri",40816,69733,28917,6,3
"Sign Bottom","Calibri",40635,43925,3290,5,5
"Sign Top","Calibri",33001,77182,44181,1,2
"Sign Bottom","Cambria",65322,70901,5579,2,1
"Sign Top","Calibri",90000,109291,19291,0,1
"Sign Top","Calibri",35928,53452,17524,8,2
"Sign Bottom","Cambria",53730,79421,25691,0,1
"Sign Bottom","Cambria",175485,216635,41150,5,5
"Sign Top","Calibri",76668,122778,46110,8,8
"Sign Top","Calibri",1000,44669,43669,0,9
"Sign Top","Cambria",19751,68172,48421,1,2
"Sign Bottom","Cambria",55943,66479,10536,3,9
"Sign Bottom","Calibri",18150,33461,15311,0,1
"Sign Bottom","Cambria",114297,148608,34311,7,8
"Sign Top","Calibri",175,29387,29212,5,7
"Sign Top","Cambria",58259,65090,6831,9,0
"Sign Bottom","Calibri",52000,56761,4761,0,1
"Sign Top","Calibri",55395,55413,18,5,3
"Sign Top","Cambria",41707,65495,23788,7,5
"Sign Bottom","Cambria",11712,28645,16933,2,5
"Sign Top","Calibri",94117,141651,47534,7,1
"Sign Top","Calibri",84374,96653,12279,4,3
"Sign Bottom","Calibri",134000,156669,22669,0,9
"Sign Bottom","Cambria",193634,242310,48676,4,0
"Sign Top","Cambria",78197,123614,45417,7,4
"Sign Top","Calibri",85000,130149,45149,0,9
"Sign Bottom","Calibri",112662,158384,45722,2,4
"Sign Bottom","Calibri",61297,104640,43343,7,0
"Sign Bottom","Cambria",174980,222220,47240,0,0
"Sign Top","Calibri",20000,58639,38639,0,9
"Sign Top","Cambria",858,28358,27500,8,8
"Sign Top","Cambria",63526,85936,22410,6,6
"Sign Top","Calibri",64000,91479,27479,0,9
"Sign Bottom","Cambria",22098,28980,6882,8,0
"Sign Bottom","Cambria",23641,33769,10128,1,9
"Sign Top","Cambria",108030,156761,48731,0,1
"Sign Top","Calibri",177627,226771,49144,7,1
"Sign Bottom","Cambria",96199,130465,34266,9,5
"Sign Bottom","Cambria",100980,125406,24426,0,6
"Sign Top","Calibri",196888,240325,43437,8,5
"Sign Bottom","Cambria",61014,62196,1182,4,6
"Sign Bottom","Calibri",96618,110290,13672,8,0
"Sign Top","Calibri",130000,159639,29639,0,9
"Sign Bottom","Calibri",45160,65797,20637,0,7
"Sign Top","Cambria",290220,332112,41892,0,2
"Sign Top","Cambria",15662,26268,10606,2,8
"Sign Top","Cambria",52185,97339,45154,5,9
"Sign Top","Calibri",4800,16454,11654,0,4
"Sign Bottom","Cambria",92548,97876,5328,8,6
"Sign Top","Cambria",51895,57863,5968,5,3
"Sign Bottom","Calibri",129934,141043,11109,4,3
"Sign Top","Cambria",54100,70491,16391,0,1
"Sign Bottom","Cambria",41691,55520,13829,1,0
"Sign Bottom","Calibri",28985,69470,40485,5,0
"Sign Top","Cambria",538,6835,6297,8,5
"Sign Top","Cambria",56927,94211,37284,7,1
"Sign Bottom","Cambria",22887,39826,16939,7,6
"Sign Bottom","Cambria",75744,91762,16018,4,2
"Sign Bottom","Calibri",5157,33214,28057,7,4
"Sign Top","Calibri",51000,70916,19916,0,6
"Sign Top","Cambria",32250,62056,29806,0,6
"Sign Top","Cambria",606,21465,20859,6,5
"Sign Top","Cambria",91623,126779,35156,3,9
"Sign Top","Calibri",89867,91940,2073,7,0
"Sign Top","Cambria",81375,90069,8694,5,9
"Sign Top","Cambria",174771,192928,18157,1,8
"Sign Top","Cambria",75091,78399,3308,1,9
"Sign Bottom","Calibri",26635,62423,35788,5,3
"Sign Bottom","Calibri",13005,38441,25436,5,1
"Sign Top","Calibri",12000,51152,39152,0,2
"Sign Bottom","Calibri",19229,47928,28699,9,8
"Sign Top","Calibri",30000,62753,32753,0,3
"Sign Top","Cambria",72214,98299,26085,4,9
"Sign Top","Calibri",226940,241542,14602,0,2
"Sign Bottom","Calibri",59720,90939,31219,0,9
"Sign Top","Calibri",29742,61785,32043,2,5
"Sign Top","Calibri",31100,32303,1203,0,3
"Sign Top","Cambria",84025,125185,41160,5,5
"Sign Bottom","Calibri",46571,75444,28873,1,4
"Sign Bottom","Cambria",31660,54434,22774,0,4
"Sign Bottom","Calibri",136676,143932,7256,6,2
"Sign Top","Cambria",17693,44249,26556,3,9
"Sign Bottom","Calibri",24545,63821,39276,5,1
"Sign Bottom","Cambria",56882,80082,23200,2,2
"Sign Bottom","Calibri",102376,148438,46062,6,8
"Sign Top","Calibri",10,19621,19611,0,1
"Sign Bottom","Calibri",139291,188657,49366,1,7
"Sign Bottom","Cambria",3695,25604,21909,5,4
"Sign Bottom","Calibri",82752,92560,9808,2,0
"Sign Bottom","Cambria",67319,113550,46231,9,0
"Sign Top","Calibri",32648,59554,26906,8,4
"Sign Bottom","Cambria",15649,23526,7877,9,6
"Sign Top","Cambria",68711,70728,2017,1,8
"Sign Bottom","Cambria",43487,91987,48500,7,7
"Sign Top","Calibri",35350,66888,31538,0,8
"Sign Top","Cambria",760,26354,25594,0,4
"Sign Top","Calibri",135000,184352,49352,0,2
"Sign Top","Cambria",28700,51078,22378,0,8
"Sign Bottom","Cambria",202830,252131,49301,0,1
"Sign Bottom","Calibri",106322,117781,11459,2,1
"Sign Top","Calibri",98000,116281,18281,0,1
"Sign Top","Cambria",31669,73493,41824,9,3
"Sign Bottom","Calibri",32397,57896,25499,7,6
"Sign Bottom","Calibri",95612,140550,44938,2,0
"Sign Bottom","Calibri",137673,183293,45620,3,3
"Sign Bottom","Cambria",92465,100693,8228,5,3
"Sign Bottom","Cambria",60480,68326,7846,0,6
"Sign Bottom","Calibri",78802,106762,27960,2,2
"Sign Top","Cambria",41239,61337,20098,9,7
"Sign Top","Cambria",45378,90002,44624,8,2
"Sign Top","Calibri",113000,121497,8497,0,7
"Sign Top","Calibri",163000,193204,30204,0,4
"Sign Top","Calibri",0,27381,27381,0,1
"Sign Bottom","Cambria",122207,161390,39183,7,0
"Sign Bottom","Cambria",105534,123732,18198,4,2
"Sign Bottom","Cambria",53549,81387,27838,9,7
"Sign Bottom","Cambria",36732,68303,31571,2,3
"Sign Bottom","Cambria",1062,9249,8187,2,9
"Sign Top","Cambria",78388,102700,24312,8,0
"Sign Top","Cambria",97081,102868,5787,1,8
"Sign Top","Calibri",162176,189600,27424,6,0
"Sign Top","Cambria",108491,117656,9165,1,6
"Sign Bottom","Calibri",32093,39215,7122,3,5
"Sign Top","Cambria",678,6227,5549,8,7
"Sign Top","Cambria",276043,321584,45541,3,4
"Sign Top","Cambria",66603,71664,5061,3,4
"Sign Bottom","Cambria",108627,114970,6343,7,0
"Sign Top","Calibri",9,25762,25753,9,2
"Sign Bottom","Calibri",55248,87951,32703,8,1
"Sign Top","Calibri",82000,114707,32707,0,7
"Sign Bottom","Calibri",56491,94198,37707,1,8
"Sign Bottom","Cambria",162169,174057,11888,9,7
"Sign Bottom","Calibri",56362,56450,88,2,0
"Sign Bottom","Cambria",87561,89672,2111,1,2
"Sign Bottom","Cambria",18678,22227,3549,8,7
"Sign Top","Calibri",22000,50582,28582,0,2
"Sign Top","Cambria",27519,39167,11648,9,7
"Sign Bottom","Cambria",226387,260152,33765,7,2
"Sign Bottom","Cambria",95241,134864,39623,1,4
"Sign Bottom","Calibri",112313,160983,48670,3,3
"Sign Bottom","Calibri",85749,119419,33670,9,9
"Sign Bottom","Cambria",33291,58576,25285,1,6
"Sign Bottom","Cambria",201421,239137,37716,1,7
"Sign Top","Cambria",52367,68470,16103,7,0
"Sign Bottom","Calibri",8641,45856,37215,1,6
"Sign Bottom","Cambria",108908,151054,42146,8,4
"Sign Top","Calibri",77000,110787,33787,0,7
"Sign Bottom","Cambria",11539,27097,15558,9,7
"Sign Bottom","Calibri",37766,85293,47527,6,3
"Sign Top","Cambria",30283,46284,16001,3,4
"Sign Bottom","Calibri",42199,74917,32718,9,7
"Sign Bottom","Cambria",76013,92567,16554,3,7
"Sign Bottom","Calibri",39920,42686,2766,0,6
"Sign Top","Cambria",577,24535,23958,7,5
"Sign Bottom","Cambria",91064,115619,24555,4,9
"Sign Bottom","Calibri",23408,42165,18757,8,5
"Sign Bottom","Cambria",40516,45294,4778,6,4
"Sign Top","Cambria",70277,114297,44020,7,7
"Sign Bottom","Cambria",160514,167197,6683,4,7
"Sign Top","Cambria",56312,84852,28540,2,2
"Sign Top","Calibri",33000,82160,49160,0,0
"Sign Bottom","Cambria",146302,154038,7736,2,8
"Sign Top","Cambria",734,32635,31901,4,5
"Sign Top","Calibri",105000,134151,29151,0,1
"Sign Top","Cambria",46507,58835,12328,7,5
"Sign Bottom","Calibri",94898,134117,39219,8,7
"Sign Bottom","Calibri",162660,204206,41546,0,6
"Sign Top","Cambria",150600,188493,37893,0,3
"Sign Bottom","Cambria",65624,66090,466,4,0
"Sign Top","Calibri",88330,118593,30263,0,3
"Sign Bottom","Cambria",132964,176365,43401,4,5
"Sign Bottom","Calibri",31779,50109,18330,9,9
"Sign Bottom","Cambria",68356,115509,47153,6,9
"Sign Bottom","Calibri",131885,167260,35375,5,0
"Sign Top","Calibri",16000,25857,9857,0,7
"Sign Bottom","Cambria",23429,24744,1315,9,4
"Sign Bottom","Calibri",210055,256121,46066,5,1
"Sign Top","Calibri",0,32893,32893,0,3
"Sign Bottom","Calibri",137316,166880,29564,6,0
"Sign Top","Cambria",6246,22579,16333,6,9
"Sign Bottom","Cambria",22315,28848,6533,5,8
"Sign Top","Cambria",2899,46853,43954,9,3
"Sign Bottom","Calibri",2039,23944,21905,9,4
"Sign Bottom","Calibri",71172,109116,37944,2,6
"Sign Bottom","Calibri",14106,52364,38258,6,4
"Sign Top","Cambria",3843,53539,49696,3,9
"Sign Top","Cambria",127798,146987,19189,8,7
"Sign Top","Cambria",53547,62779,9232,7,9
"Sign Bottom","Cambria",58266,75561,17295,6,1
"Sign Top","Cambria",1584,42216,40632,4,6
"Sign Bottom","Calibri",41802,76740,34938,2,0
"Sign Top","Calibri",126825,176167,49342,5,7
"Sign Top","Cambria",24685,56814,32129,5,4
"Sign Bottom","Calibri",46538,48264,1726,8,4
"Sign Top","Calibri",36999,82770,45771,9,0
"Sign Bottom","Cambria",67514,99497,31983,4,7
"Sign Bottom","Calibri",117059,135283,18224,9,3
"Sign Bottom","Calibri",95757,120051,24294,7,1
"Sign Bottom","Calibri",74215,113545,39330,5,5
"Sign Top","Cambria",77394,109314,31920,4,4
"Sign Top","Calibri",67000,69719,2719,0,9
"Sign Top","Cambria",94043,100378,6335,3,8
"Sign Bottom","Cambria",45195,77875,32680,5,5
"Sign Top","Calibri",50000,86944,36944,0,4
"Sign Top","Cambria",497,46478,45981,7,8
"Sign Bottom","Calibri",16720,45301,28581,0,1
"Sign Bottom","Calibri",228913,260924,32011,3,4
"Sign Bottom","Cambria",78904,114967,36063,4,7
"Sign Bottom","Calibri",47269,83804,36535,9,4
"Sign Bottom","Calibri",2533,33348,30815,3,8
"Sign Bottom","Cambria",44012,48212,4200,2,2
"Sign Bottom","Calibri",25240,39253,14013,0,3
"Sign Bottom","Cambria",46209,63736,17527,9,6
"Sign Top","Cambria",12162,44050,31888,2,0
"Sign Top","Cambria",3995,33423,29428,5,3
"Sign Bottom","Calibri",105612,118588,12976,2,8
"Sign Bottom","Cambria",14857,32248,17391,7,8
"Sign Bottom","Cambria",27016,54896,27880,6,6
"Sign Top","Cambria",450,33209,32759,0,9
"Sign Bottom","Calibri",165000,169291,4291,0,1
"Sign Top","Calibri",39000,73837,34837,0,7
"Sign Top","Calibri",78000,123877,45877,0,7
"Sign Bottom","Calibri",36891,76880,39989,1,0
"Sign Top","Calibri",28332,52544,24212,2,4
"Sign Bottom","Cambria",83674,84215,541,4,5
"Sign Top","Cambria",111471,133115,21644,1,5
"Sign Bottom","Cambria",158608,166810,8202,8,0
"Sign Top","Calibri",8000,19866,11866,0,6
"Sign Top","Cambria",3073,21196,18123,3,6
"Sign Bottom","Calibri",106429,146097,39668,9,7
"Sign Top","Cambria",9205,29552,20347,5,2
"Sign Bottom","Calibri",150000,181909,31909,0,9
"Sign Top","Calibri",37305,73190,35885,5,0
"Sign Top","Calibri",81333,121310,39977,3,0
"Sign Top","Calibri",9874,12630,2756,4,0
"Sign Top","Cambria",25262,66925,41663,2,5
"Sign Top","Calibri",3600,44170,40570,0,0
"Sign Bottom","Calibri",94884,104003,9119,4,3
"Sign Bottom","Cambria",80739,90034,9295,9,4
"Sign Bottom","Cambria",14228,34527,20299,8,7
"Sign Bottom","Calibri",83000,96002,13002,0,2
"Sign Top","Cambria",149887,163996,14109,7,6
"Sign Top","Calibri",47495,68872,21377,5,2
"Sign Bottom","Cambria",52565,71784,19219,5,4
"Sign Top","Cambria",55439,84591,29152,9,1
"Sign Top","Calibri",200,30970,30770,0,0
"Sign Bottom","Cambria",125124,156934,31810,4,4
"Sign Bottom","Cambria",18487,21933,3446,7,3
"Sign Top","Cambria",103694,129915,26221,4,5
"Sign Bottom","Cambria",43726,55931,12205,6,1
"Sign Bottom","Cambria",196500,200029,3529,0,9
"Sign Top","Calibri",43000,79327,36327,0,7
"Sign Bottom","Cambria",50174,61483,11309,4,3
"Sign Top","Cambria",55192,88767,33575,2,7
"Sign Top","Calibri",59980,64447,4467,0,7
"Sign Bottom","Cambria",68017,112266,44249,7,6
"Sign Top","Cambria",110462,114764,4302,2,4
"Sign Top","Cambria",31481,79057,47576,1,7
"Sign Top","Calibri",117000,156423,39423,0,3
"Sign Top","Cambria",92676,135562,42886,6,2
"Sign Bottom","Calibri",175511,222230,46719,1,0
"Sign Top","Cambria",43822,47206,3384,2,6
"Sign Top","Calibri",40000,76982,36982,0,2
"Sign Bottom","Calibri",55240,73530,18290,0,0
"Sign Bottom","Cambria",129583,168583,39000,3,3
"Sign Top","Calibri",24363,51001,26638,3,1
"Sign Bottom","Calibri",3462,19228,15766,2,8
"Sign Top","Calibri",65608,114391,48783,8,1
"Sign Top","Cambria",41099,51452,10353,9,2
"Sign Bottom","Calibri",95180,131608,36428,0,8
"Sign Bottom","Cambria",913,980,67,3,0
"Sign Top","Calibri",170000,178960,8960,0,0
"Sign Top","Calibri",79341,129273,49932,1,3
"Sign Bottom","Cambria",126813,143214,16401,3,4
"Sign Bottom","Calibri",18347,60782,42435,7,2
"Sign Bottom","Calibri",60000,99246,39246,0,6
"Sign Bottom","Cambria",44863,54719,9856,3,9
"Sign Bottom","Calibri",62030,70761,8731,0,1
"Sign Top","Cambria",4184,21676,17492,4,6
"Sign Bottom","Cambria",49714,49862,148,4,2
"Sign Bottom","Cambria",75774,115033,39259,4,3
"Sign Top","Calibri",90922,121053,30131,2,3
"Sign Bottom","Cambria",35234,38366,3132,4,6
"Sign Top","Calibri",22880,33773,10893,0,3
"Sign Bottom","Cambria",28218,73587,45369,8,7
"Sign Bottom","Calibri",1007,37823,36816,7,3
"Sign Top","Calibri",114193,135494,21301,3,4
"Sign Bottom","Cambria",9913,33706,23793,3,6
"Sign Top","Cambria",62826,78584,15758,6,4
"Sign Bottom","Calibri",60126,75711,15585,6,1
"Sign Top","Calibri",101691,132283,30592,1,3
"Sign Top","Cambria",21855,23851,1996,5,1
"Sign Top","Cambria",21925,61334,39409,5,4
"Sign Top","Calibri",138446,171715,33269,6,5
"Sign Bottom","Calibri",151035,172440,21405,5,0
"Sign Top","Calibri",50000,93880,43880,0,0
"Sign Bottom","Calibri",32000,37563,5563,0,3
"Sign Top","Calibri",58085,105076,46991,5,6
"Sign Bottom","Cambria",8497,14652,6155,7,2
"Sign Top","Cambria",89231,131122,41891,1,2
"Sign Top","Cambria",916,1665,749,6,5
"Sign Bottom","Calibri",63818,93578,29760,8,8
"Sign Bottom","Cambria",23589,40021,16432,9,1
"Sign Top","Cambria",57793,98153,40360,3,3
"Sign Bottom","Calibri",154000,161101,7101,0,1
"Sign Bottom","Calibri",123000,153900,30900,0,0
"Sign Top","Cambria",92782,130824,38042,2,4
"Sign Bottom","Calibri",96721,131987,35266,1,7
"Sign Bottom","Calibri",61340,84723,23383,0,3
"Sign Top","Cambria",100077,124302,24225,7,2
"Sign Top","Cambria",4230,18787,14557,0,7
"Sign Top","Calibri",85000,113099,28099,0,9
"Sign Top","Calibri",135000,178410,43410,0,0
"Sign Top","Cambria",114914,138227,23313,4,7
"Sign Bottom","Calibri",70486,99090,28604,6,0
"Sign Top","Cambria",65716,91973,26257,6,3
"Sign Top","Calibri",111609,121025,9416,9,5
"Sign Bottom","Cambria",82912,88090,5178,2,0
"Sign Top","Cambria",89948,131659,41711,8,9
"Sign Top","Cambria",191473,215497,24024,3,7
"Sign Bottom","Calibri",100031,123178,23147,1,8
"Sign Bottom","Calibri",60995,105020,44025,5,0
"Sign Bottom","Calibri",359641,366574,6933,1,4
"Sign Bottom","Calibri",85000,107257,22257,0,7
"Sign Bottom","Calibri",93228,107409,14181,8,9
"Sign Bottom","Cambria",65985,88980,22995,5,0
"Sign Bottom","Calibri",133493,146945,13452,3,5
"Sign Top","Calibri",39500,53716,14216,0,6
"Sign Top","Cambria",86521,133559,47038,1,9
"Sign Bottom","Cambria",32479,70428,37949,9,8
"Sign Top","Calibri",82403,118693,36290,3,3
"Sign Bottom","Calibri",30405,48642,18237,5,2
"Sign Top","Calibri",5000,10373,5373,0,3
"Sign Top","Cambria",34259,74280,40021,9,0
"Sign Bottom","Calibri",38813,40090,1277,3,0
"Sign Top","Cambria",56452,103830,47378,2,0
"Sign Bottom","Calibri",265,40274,40009,5,4
"Sign Top","Calibri",45,44935,44890,5,5
"Sign Top","Cambria",910,14795,13885,0,5
"Sign Bottom","Calibri",53350,72357,19007,0,7
"Sign Bottom","Calibri",76042,102362,26320,2,2
"Sign Top","Cambria",180547,201213,20666,7,3
"Sign Top","Calibri",75340,99420,24080,0,0
"Sign Top","Calibri",0,22126,22126,0,6
"Sign Bottom","Cambria",11092,51951,40859,2,1
"Sign Top","Cambria",63290,75521,12231,0,1
"Sign Bottom","Calibri",3205,22404,19199,5,4
"Sign Bottom","Cambria",30147,62328,32181,7,8
"Sign Bottom","Calibri",66800,92797,25997,0,7
"Sign Top","Cambria",97223,133834,36611,3,4
"Sign Top","Cambria",20435,61525,41090,5,5
"Sign Bottom","Calibri",126208,134488,8280,8,8
"Sign Top","Cambria",175123,205913,30790,3,3
"Sign Bottom","Calibri",123010,123577,567,0,7
"Sign Bottom","Calibri",44716,46579,1863,6,9
"Sign Top","Cambria",17739,59872,42133,9,2
"Sign Top","Calibri",78590,124989,46399,0,9
"Sign Bottom","Cambria",60270,92768,32498,0,8
"Sign Top","Calibri",51000,66898,15898,0,8
"Sign Top","Cambria",6150,13519,7369,0,9
"Sign Top","Calibri",68200,71534,3334,0,4
"Sign Bottom","Cambria",48881,65029,16148,1,9
"Sign Top","Calibri",77138,125489,48351,8,9
"Sign Bottom","Cambria",97993,122778,24785,3,8
"Sign Top","Calibri",409515,439991,30476,5,1
"Sign Top","Calibri",0,39580,39580,0,0
"Sign Top","Cambria",17467,50455,32988,7,5
"Sign Bottom","Cambria",93425,143033,49608,5,3
"Sign Top","Cambria",1316,6923,5607,6,3
"Sign Bottom","Cambria",69118,100494,31376,8,4
"Sign Bottom","Cambria",53785,100197,46412,5,7
"Sign Bottom","Calibri",7863,40767,32904,3,7
"Sign Bottom","Calibri",131050,140479,9429,0,9
"Sign Bottom","Cambria",11135,20409,9274,5,9
"Sign Bottom","Calibri",41120,83328,42208,0,8
"Sign Bottom","Cambria",18576,45459,26883,6,9
"Sign Top","Calibri",203845,233617,29772,5,7
"Sign Bottom","Calibri",133425,160964,27539,5,4
"Sign Bottom","Calibri",55786,85673,29887,6,3
"Sign Bottom","Calibri",94648,119964,25316,8,4
"Sign Top","Cambria",55293,98906,43613,3,6
"Sign Top","Cambria",48597,73717,25120,7,7
"Sign Bottom","Cambria",78957,86444,7487,7,4
"Sign Top","Cambria",119659,125043,5384,9,3
"Sign Bottom","Calibri",54006,68979,14973,6,9
"Sign Bottom","Cambria",25268,65841,40573,8,1
"Sign Top","Cambria",18306,41625,23319,6,5
"Sign Bottom","Cambria",719,9503,8784,9,3
"Sign Bottom","Cambria",132846,148179,15333,6,9
"Sign Bottom","Calibri",2411,40044,37633,1,4
"Sign Bottom","Cambria",50928,52744,1816,8,4
"Sign Top","Calibri",72000,96018,24018,0,8
"Sign Bottom","Calibri",140746,160671,19925,6,1
"Sign Top","Cambria",185671,231293,45622,1,3
"Sign Top","Calibri",41000,67790,26790,0,0
"Sign Top","Calibri",30000,62105,32105,0,5
"Sign Bottom","Cambria",124428,172527,48099,8,7
"Sign Bottom","Cambria",62487,110451,47964,7,1
"Sign Bottom","Cambria",91915,93725,1810,5,5
"Sign Bottom","Cambria",93154,136685,43531,4,5
"Sign Bottom","Calibri",66030,91901,25871,0,1
"Sign Bottom","Cambria",45182,67436,22254,2,6
"Sign Top","Calibri",40000,52318,12318,0,8
"Sign Top","Calibri",183765,190936,7171,5,6
"Sign Top","Calibri",175458,213799,38341,8,9
"Sign Top","Calibri",48650,98157,49507,0,7
"Sign Top","Cambria",33877,81478,47601,7,8
"Sign Top","Cambria",3956,6829,2873,6,9
"Sign Bottom","Cambria",75414,88672,13258,4,2
"Sign Bottom","Cambria",66255,74436,8181,5,6
"Sign Bottom","Cambria",68733,100667,31934,3,7
"Sign Top","Calibri",1,40425,40424,1,5
"Sign Bottom","Cambria",144565,145147,582,5,7
"Sign Top","Cambria",98806,100160,1354,6,0
"Sign Top","Cambria",50199,100185,49986,9,5
"Sign Bottom","Cambria",24846,33706,8860,6,6
"Sign Top","Cambria",77787,91460,13673,7,0
"Sign Top","Cambria",26542,63485,36943,2,5
"Sign Bottom","Calibri",29523,33008,3485,3,8
"Sign Top","Calibri",71573,93264,21691,3,4
"Sign Top","Calibri",10021,29071,19050,1,1
"Sign Top","Calibri",147839,151179,3340,9,9
"Sign Top","Cambria",85902,125292,39390,2,2
"Sign Top","Cambria",98603,120134,21531,3,4
"Sign Bottom","Calibri",165000,183136,18136,0,6
"Sign Top","Calibri",34814,54405,19591,4,5
"Sign Top","Calibri",115000,158353,43353,0,3
"Sign Bottom","Calibri",128446,174107,45661,6,7
"Sign Bottom","Cambria",114215,145724,31509,5,4
"Sign Top","Cambria",56991,87293,30302,1,3
"Sign Bottom","Cambria",25276,47217,21941,6,7
"Sign Bottom","Cambria",25491,42547,17056,1,7
"Sign Top","Calibri",50,18574,18524,0,4
"Sign Bottom","Calibri",11377,38985,27608,7,5
"Sign Bottom","Cambria",25603,46819,21216,3,9
"Sign Top","Cambria",73374,89990,16616,4,0
"Sign Bottom","Cambria",157305,165656,8351,5,6
"Sign Top","Calibri",25,37415,37390,5,5
"Sign Bottom","Calibri",118220,160867,42647,0,7
"Sign Top","Cambria",110728,154678,43950,8,8
"Sign Bottom","Calibri",73564,115540,41976,4,0
"Sign Bottom","Calibri",72356,92985,20629,6,5
"Sign Bottom","Calibri",70626,94708,24082,6,8
"Sign Top","Calibri",191999,238366,46367,9,6
"Sign Top","Cambria",60369,70416,10047,9,6
"Sign Top","Cambria",138163,164359,26196,3,9
"Sign Bottom","Calibri",6538,35188,28650,8,8
"Sign Top","Calibri",310,44212,43902,0,2
"Sign Top","Calibri",191820,213691,21871,0,1
"Sign Top","Cambria",103785,149378,45593,5,8
"Sign Top","Calibri",50635,66301,15666,5,1
"Sign Bottom","Calibri",188500,233855,45355,0,5
"Sign Top","Calibri",63572,103711,40139,2,1
"Sign Top","Calibri",23,20789,20766,3,9
"Sign Bottom","Calibri",152764,174161,21397,4,1
"Sign Bottom","Calibri",150729,182476,31747,9,6
"Sign Top","Calibri",27959,38179,10220,9,9
"Sign Bottom","Calibri",92590,125596,33006,0,6
"Sign Top","Cambria",70923,80972,10049,3,2
"Sign Bottom","Calibri",34305,74888,40583,5,8
"Sign Top","Calibri",62285,103958,41673,5,8
"Sign Bottom","Calibri",64160,108731,44571,0,1
"Sign Top","Calibri",108633,142783,34150,3,3
"Sign Top","Calibri",143298,146116,2818,8,6
"Sign Top","Cambria",26919,39163,12244,9,3
"Sign Top","Cambria",9777,24516,14739,7,6
"Sign Top","Cambria",40265,77815,37550,5,5
"Sign Bottom","Calibri",78665,100893,22228,5,3
"Sign Top","Calibri",18040,52927,34887,0,7
"Sign Bottom","Calibri",58993,78898,19905,3,8
"Sign Top","Calibri",25426,54309,28883,6,9
"Sign Top","Calibri",20101,68322,48221,1,2
"Sign Top","Calibri",10000,11691,1691,0,1
"Sign Bottom","Calibri",19030,66771,47741,0,1
"Sign Top","Cambria",13902,26527,12625,2,7
"Sign Bottom","Cambria",35003,69211,34208,3,1
"Sign Bottom","Cambria",14801,49066,34265,1,6
"Sign Bottom","Cambria",89552,103932,14380,2,2
"Sign Top","Calibri",22488,23249,761,8,9
"Sign Top","Cambria",105398,135185,29787,8,5
"Sign Bottom","Calibri",16254,60486,44232,4,6
"Sign Top","Cambria",100,44504,44404,0,4
"Sign Bottom","Calibri",72317,84924,12607,7,4
"Sign Top","Cambria",34935,83488,48553,5,8
"Sign Bottom","Cambria",83634,90972,7338,4,2
"Sign Bottom","Calibri",29200,42269,13069,0,9
"Sign Bottom","Calibri",54677,55070,393,7,0
"Sign Top","Cambria",65869,114925,49056,9,5
"Sign Top","Calibri",138200,180653,42453,0,3
"Sign Bottom","Cambria",6025,32370,26345,5,0
"Sign Top","Calibri",40,26098,26058,0,8
"Sign Bottom","Cambria",54987,64484,9497,7,4
"Sign Bottom","Cambria",267318,305346,38028,8,6
"Sign Bottom","Calibri",145302,156699,11397,2,9
"Sign Top","Cambria",15313,52048,36735,3,8
"Sign Top","Cambria",106439,126882,20443,9,2
"Sign Top","Cambria",79333,111561,32228,3,1
"Sign Bottom","Cambria",89648,114057,24409,8,7
"Sign Top","Cambria",80576,124432,43856,6,2
"Sign Top","Calibri",37000,76044,39044,0,4
"Sign Bottom","Calibri",87293,127648,40355,3,8
"Sign Top","Calibri",42250,87856,45606,0,6
"Sign Top","Cambria",110685,141715,31030,5,5
"Sign Bottom","Cambria",86669,110080,23411,9,0
"Sign Bottom","Cambria",34409,35649,1240,9,9
"Sign Top","Cambria",691,18779,18088,1,9
"Sign Bottom","Calibri",77717,91848,14131,7,8
"Sign Bottom","Cambria",17792,66902,49110,2,2
"Sign Top","Calibri",260,9761,9501,0,1
"Sign Top","Cambria",30554,47107,16553,4,7
"Sign Bottom","Cambria",40477,65795,25318,7,5
"Sign Bottom","Cambria",98876,127360,28484,6,0
"Sign Top","Calibri",56354,74834,18480,4,4
"Sign Bottom","Cambria",65819,69561,3742,9,1
"Sign Top","Cambria",160160,189210,29050,0,0
"Sign Top","Cambria",6354,54518,48164,4,8
"Sign Top","Calibri",34263,37766,3503,3,6
"Sign Bottom","Calibri",50819,65676,14857,9,6
"Sign Bottom","Cambria",86990,107449,20459,0,9
"Sign Bottom","Cambria",53807,83441,29634,7,1
"Sign Bottom","Calibri",15,7878,7863,5,8
"Sign Bottom","Calibri",127649,143813,16164,9,3
"Sign Top","Calibri",14400,52013,37613,0,3
"Sign Bottom","Calibri",2185,29021,26836,5,1
"Sign Top","Cambria",557,30724,30167,7,4
"Sign Bottom","Cambria",99605,107468,7863,5,8
"Sign Bottom","Calibri",94772,116360,21588,2,0
"Sign Top","Calibri",1635,16331,14696,5,1
"Sign Top","Cambria",91237,131983,40746,7,3
"Sign Bottom","Cambria",75133,124844,49711,3,4
"Sign Bottom","Calibri",97537,105596,8059,7,6
"Sign Bottom","Calibri",37822,50350,12528,2,0
"Sign Bottom","Calibri",42000,43429,1429,0,9
"Sign Bottom","Calibri",43600,56559,12959,0,9
"Sign Bottom","Cambria",24346,55360,31014,6,0
"Sign Bottom","Calibri",46262,49650,3388,2,0
"Sign Bottom","Cambria",80892,84562,3670,2,2
"Sign Top","Cambria",71295,109348,38053,5,8
"Sign Top","Calibri",70000,106799,36799,0,9
"Sign Bottom","Cambria",95250,137391,42141,0,1
"Sign Top","Cambria",74997,118203,43206,7,3
"Sign Bottom","Cambria",21238,60707,39469,8,7
"Sign Bottom","Calibri",95281,129660,34379,1,0
"Sign Top","Cambria",119883,151803,31920,3,3
"Sign Top","Calibri",12000,14193,2193,0,3
"Sign Top","Calibri",45000,79602,34602,0,2
"Sign Bottom","Cambria",27723,61816,34093,3,6
"Sign Bottom","Cambria",50509,62254,11745,9,4
"Sign Top","Calibri",8,15314,15306,8,4
"Sign Top","Cambria",54217,89738,35521,7,8
"Sign Bottom","Calibri",31800,78652,46852,0,2
"Sign Bottom","Calibri",24386,72550,48164,6,0
"Sign Bottom","Calibri",103501,117022,13521,1,2
"Sign Bottom","Cambria",122236,151762,29526,6,2
"Sign Top","Calibri",1200,29912,28712,0,2
"Sign Top","Calibri",186759,217969,31210,9,9
"Sign Bottom","Calibri",8283,11674,3391,3,4
"Sign Top","Cambria",207,36370,36163,7,0
"Sign Bottom","Calibri",41428,90323,48895,8,3
"Sign Bottom","Cambria",17695,58958,41263,5,8
"Sign Top","Cambria",100173,147506,47333,3,6
"Sign Bottom","Calibri",66916,98224,31308,6,4
"Sign Top","Calibri",5600,38961,33361,0,1
"Sign Bottom","Calibri",55,1800,1745,5,0
"Sign Bottom","Calibri",49132,56087,6955,2,7
"Sign Bottom","Cambria",7088,31759,24671,8,9
"Sign Bottom","Calibri",119265,145293,26028,5,3
"Sign Top","Cambria",126537,175773,49236,7,3
"Sign Top","Calibri",89489,132696,43207,9,6
"Sign Bottom","Cambria",236346,241198,4852,6,8
"Sign Bottom","Calibri",182000,204206,22206,0,6
"Sign Bottom","Cambria",111238,123644,12406,8,4
"Sign Top","Calibri",97757,144315,46558,7,5
"Sign Top","Cambria",933,27856,26923,3,6
"Sign Top","Calibri",46000,64756,18756,0,6
"Sign Bottom","Calibri",53318,62359,9041,8,9
"Sign Bottom","Cambria",54530,59718,5188,0,8
"Sign Bottom","Calibri",4239,6270,2031,9,0
"Sign Bottom","Cambria",144912,150622,5710,2,2
"Sign Top","Cambria",76856,113517,36661,6,7
"Sign Top","Cambria",69094,113223,44129,4,3
"Sign Top","Cambria",173919,202141,28222,9,1
"Sign Top","Cambria",84271,123309,39038,1,9
"Sign Bottom","Calibri",48153,89629,41476,3,9
"Sign Bottom","Calibri",14846,45708,30862,6,8
"Sign Top","Calibri",8278,22360,14082,8,0
"Sign Bottom","Calibri",78279,126374,48095,9,4
"Sign Bottom","Calibri",7585,13107,5522,5,7
"Sign Bottom","Cambria",82979,90350,7371,9,0
"Sign Bottom","Calibri",86487,112192,25705,7,2
"Sign Bottom","Cambria",220761,231701,10940,1,1
"Sign Bottom","Cambria",67464,108854,41390,4,4
"Sign Top","Cambria",21759,43847,22088,9,7
"Sign Top","Cambria",24441,25669,1228,1,9
"Sign Top","Calibri",32248,43142,10894,8,2
"Sign Top","Cambria",4277,38274,33997,7,4
"Sign Bottom","Cambria",145381,192729,47348,1,9
"Sign Bottom","Cambria",12250,46798,34548,0,8
"Sign Top","Cambria",158331,177989,19658,1,9
"Sign Bottom","Cambria",117795,133964,16169,5,4
"Sign Top","Calibri",49294,52336,3042,4,6
"Sign Top","Calibri",11300,22438,11138,0,8
"Sign Top","Calibri",140560,157477,16917,0,7
"Sign Top","Calibri",22380,66051,43671,0,1
"Sign Top","Calibri",83635,85966,2331,5,6
"Sign Top","Cambria",15293,59984,44691,3,4
"Sign Top","Calibri",69552,105472,35920,2,2
"Sign Bottom","Cambria",82033,119544,37511,3,4
"Sign Bottom","Cambria",111773,129107,17334,3,7
"Sign Top","Calibri",136563,161868,25305,3,8
"Sign Bottom","Cambria",158816,159418,602,6,8
"Sign Bottom","Calibri",37248,53908,16660,8,8
"Sign Top","Cambria",274,30268,29994,4,8
"Sign Top","Calibri",1e+05,107962,7962,0,2
"Sign Top","Cambria",38803,56867,18064,3,7
"Sign Bottom","Calibri",117257,158052,40795,7,2
"Sign Top","Cambria",54874,101217,46343,4,7
"Sign Bottom","Calibri",4082,12553,8471,2,3
"Sign Bottom","Cambria",2195,2277,82,5,7
"Sign Top","Calibri",80730,111564,30834,0,4
"Sign Top","Calibri",70000,110440,40440,0,0
"Sign Top","Calibri",35900,77673,41773,0,3
"Sign Bottom","Cambria",7049,50363,43314,9,3
"Sign Top","Cambria",132507,170836,38329,7,6
"Sign Top","Calibri",9120,47440,38320,0,0
"Sign Top","Cambria",664,43165,42501,4,5
"Sign Bottom","Cambria",143994,164196,20202,4,6
"Sign Bottom","Calibri",124270,132495,8225,0,5
"Sign Bottom","Cambria",175961,191125,15164,1,5
"Sign Bottom","Cambria",79812,111606,31794,2,6
"Sign Top","Calibri",33475,60233,26758,5,3
"Sign Top","Calibri",180000,212322,32322,0,2
"Sign Bottom","Calibri",103204,122149,18945,4,9
"Sign Top","Cambria",21908,25638,3730,8,8
"Sign Bottom","Calibri",25201,63352,38151,1,2
"Sign Bottom","Calibri",4151,38000,33849,1,0
"Sign Top","Calibri",12951,57995,45044,1,5
"Sign Top","Cambria",52563,95651,43088,3,1
"Sign Bottom","Cambria",48950,56415,7465,0,5
"Sign Bottom","Cambria",130585,138702,8117,5,2
"Sign Top","Calibri",117429,162843,45414,9,3
"Sign Bottom","Calibri",75722,91725,16003,2,5
"Sign Top","Calibri",32166,65656,33490,6,6
"Sign Top","Calibri",8090,19618,11528,0,8
"Sign Top","Cambria",19804,67195,47391,4,5
"Sign Top","Calibri",90285,122980,32695,5,0
"Sign Bottom","Cambria",31882,59830,27948,2,0
"Sign Top","Cambria",55037,79343,24306,7,3
"Sign Top","Calibri",19170,32753,13583,0,3
"Sign Top","Calibri",94127,130587,36460,7,7
"Sign Top","Cambria",88113,123228,35115,3,8
"Sign Bottom","Cambria",81689,118990,37301,9,0
"Sign Top","Calibri",64000,86930,22930,0,0
"Sign Top","Calibri",34000,43361,9361,0,1
"Sign Bottom","Calibri",141705,169660,27955,5,0
"Sign Top","Calibri",67055,97692,30637,5,2
"Sign Bottom","Cambria",2171,17816,15645,1,6
"Sign Bottom","Cambria",26181,47031,20850,1,1
"Sign Top","Cambria",25204,33608,8404,4,8
"Sign Top","Calibri",11,24677,24666,1,7
"Sign Top","Cambria",1564,29108,27544,4,8
"Sign Top","Calibri",107,38163,38056,7,3
"Sign Top","Calibri",21000,35587,14587,0,7
"Sign Bottom","Cambria",136609,138617,2008,9,7
"Sign Bottom","Calibri",84126,133655,49529,6,5
"Sign Top","Cambria",28964,41267,12303,4,7
"Sign Top","Calibri",45000,88591,43591,0,1
"Sign Top","Calibri",64418,96910,32492,8,0
"Sign Bottom","Cambria",101843,112081,10238,3,1
"Sign Top","Calibri",28000,66384,38384,0,4
"Sign Bottom","Cambria",127648,141836,14188,8,6
"Sign Bottom","Cambria",98714,124468,25754,4,8
"Sign Bottom","Cambria",82168,109248,27080,8,8
"Sign Bottom","Calibri",96913,127931,31018,3,1
"Sign Top","Cambria",28809,33095,4286,9,5
"Sign Top","Calibri",82000,112886,30886,0,6
"Sign Top","Cambria",193,8400,8207,3,0
"Sign Top","Calibri",48000,96534,48534,0,4
"Sign Top","Calibri",138857,164406,25549,7,6
"Sign Bottom","Cambria",126205,133878,7673,5,8
"Sign Top","Cambria",40317,84151,43834,7,1
"Sign Top","Calibri",73000,91137,18137,0,7
"Sign Top","Calibri",71777,96010,24233,7,0
"Sign Bottom","Cambria",54706,75529,20823,6,9
"Sign Top","Cambria",98309,130199,31890,9,9
"Sign Top","Calibri",157000,192642,35642,0,2
"Sign Top","Calibri",65032,102151,37119,2,1
"Sign Bottom","Calibri",61057,73326,12269,7,6
"Sign Bottom","Cambria",10405,15622,5217,5,2
"Sign Top","Cambria",83713,97248,13535,3,8
"Sign Top","Calibri",71711,105321,33610,1,1
"Sign Top","Calibri",101040,110611,9571,0,1
"Sign Bottom","Cambria",60083,101791,41708,3,1
"Sign Bottom","Cambria",130847,145179,14332,7,9
"Sign Top","Calibri",75000,101863,26863,0,3
"Sign Bottom","Cambria",64526,69627,5101,6,7
"Sign Top","Calibri",56000,76331,20331,0,1
"Sign Bottom","Calibri",74233,95345,21112,3,5
"Sign Bottom","Calibri",8,2363,2355,8,3
"Sign Top","Calibri",32000,33987,1987,0,7
"Sign Top","Calibri",0,18350,18350,0,0
"Sign Top","Cambria",37582,83116,45534,2,6
"Sign Bottom","Calibri",48295,50607,2312,5,7
"Sign Bottom","Calibri",158032,165163,7131,2,3
"Sign Top","Cambria",7068,9047,1979,8,7
"Sign Top","Calibri",24000,50084,26084,0,4
"Sign Bottom","Calibri",105033,153740,48707,3,0
"Sign Top","Calibri",45000,68425,23425,0,5
"Sign Bottom","Calibri",146324,155915,9591,4,5
"Sign Top","Calibri",18985,58517,39532,5,7
"Sign Top","Cambria",50875,83868,32993,5,8
"Sign Bottom","Cambria",59476,86723,27247,6,3
"Sign Bottom","Cambria",81254,126798,45544,4,8
"Sign Bottom","Calibri",313668,356730,43062,8,0
"Sign Bottom","Calibri",89676,134919,45243,6,9
"Sign Bottom","Cambria",138271,151693,13422,1,3
"Sign Bottom","Cambria",88956,104099,15143,6,9
"Sign Top","Cambria",130756,162313,31557,6,3
"Sign Top","Cambria",49363,79232,29869,3,2
"Sign Top","Calibri",7,2067,2060,7,7
"Sign Top","Calibri",76720,108732,32012,0,2
"Sign Bottom","Cambria",9189,11281,2092,9,1
"Sign Top","Cambria",63157,70431,7274,7,1
"Sign Top","Calibri",0,29919,29919,0,9
"Sign Top","Calibri",0,4094,4094,0,4
"Sign Bottom","Cambria",101875,129745,27870,5,5
"Sign Bottom","Cambria",21403,41069,19666,3,9
"Sign Top","Calibri",18960,28895,9935,0,5
"Sign Top","Cambria",22808,33462,10654,8,2
"Sign Top","Calibri",16086,46869,30783,6,9
"Sign Top","Calibri",86000,119019,33019,0,9
"Sign Top","Calibri",9000,38002,29002,0,2
"Sign Bottom","Cambria",198367,231356,32989,7,6
"Sign Bottom","Calibri",28054,56855,28801,4,5
"Sign Bottom","Calibri",83704,94288,10584,4,8
"Sign Bottom","Calibri",38161,57327,19166,1,7
"Sign Bottom","Calibri",36536,45847,9311,6,7
"Sign Bottom","Calibri",110214,121173,10959,4,3
"Sign Bottom","Calibri",8157,29704,21547,7,4
"Sign Bottom","Calibri",37261,82213,44952,1,3
"Sign Bottom","Cambria",196424,200633,4209,4,3
"Sign Top","Calibri",1e+05,149435,49435,0,5
"Sign Top","Calibri",58718,68975,10257,8,5
"Sign Top","Cambria",41212,71286,30074,2,6
"Sign Top","Calibri",107876,124044,16168,6,4
"Sign Top","Calibri",36151,71426,35275,1,6
"Sign Bottom","Cambria",100507,108459,7952,7,9
"Sign Bottom","Calibri",28243,42319,14076,3,9
"Sign Bottom","Calibri",74032,82715,8683,2,5
"Sign Top","Cambria",1075,29936,28861,5,6
"Sign Bottom","Cambria",161609,180581,18972,9,1
"Sign Bottom","Calibri",31545,62088,30543,5,8
"Sign Bottom","Cambria",119876,122182,2306,6,2
"Sign Bottom","Calibri",23990,24711,721,0,1
"Sign Bottom","Cambria",40891,48994,8103,1,4
"Sign Bottom","Cambria",42339,77548,35209,9,8
"Sign Bottom","Cambria",17485,40198,22713,5,8
"Sign Bottom","Cambria",83488,102626,19138,8,6
"Sign Bottom","Calibri",15210,20173,4963,0,3
"Sign Bottom","Cambria",50410,72230,21820,0,0
"Sign Bottom","Calibri",18222,29537,11315,2,7
"Sign Bottom","Cambria",68837,94560,25723,7,0
"Sign Bottom","Calibri",79585,116858,37273,5,8
"Sign Top","Cambria",181,761,580,1,1
"Sign Bottom","Cambria",28789,62147,33358,9,7
"Sign Top","Calibri",52030,65577,13547,0,7
"Sign Top","Cambria",22238,71160,48922,8,0
"Sign Top","Calibri",66738,87685,20947,8,5
"Sign Bottom","Cambria",24909,36023,11114,9,3
"Sign Bottom","Calibri",99667,108600,8933,7,0
"Sign Bottom","Cambria",134457,151742,17285,7,2
"Sign Top","Cambria",94305,133057,38752,5,7
"Sign Top","Cambria",19646,34836,15190,6,6
"Sign Top","Cambria",81234,117231,35997,4,1
"Sign Top","Calibri",30000,71909,41909,0,9
"Sign Top","Cambria",38396,72724,34328,6,4
"Sign Top","Calibri",73200,120491,47291,0,1
"Sign Bottom","Calibri",76200,120438,44238,0,8
"Sign Bottom","Cambria",67016,72889,5873,6,9
"Sign Top","Calibri",54668,102032,47364,8,2
"Sign Top","Calibri",29888,50913,21025,8,3
"Sign Bottom","Calibri",62804,110601,47797,4,1
"Sign Bottom","Cambria",52449,83999,31550,9,9
"Sign Top","Cambria",55554,61645,6091,4,5
"Sign Bottom","Calibri",49886,49969,83,6,9
"Sign Top","Cambria",71851,111738,39887,1,8
"Sign Top","Cambria",82082,130116,48034,2,6
"Sign Bottom","Cambria",63682,66491,2809,2,1
"Sign Top","Calibri",134000,147291,13291,0,1
"Sign Top","Cambria",300525,325389,24864,5,9
"Sign Top","Calibri",27000,70520,43520,0,0
"Sign Bottom","Calibri",12483,21886,9403,3,6
"Sign Top","Cambria",162712,187063,24351,2,3
"Sign Top","Cambria",46926,55942,9016,6,2
"Sign Top","Calibri",93161,143008,49847,1,8
"Sign Bottom","Cambria",38382,75238,36856,2,8
"Sign Bottom","Cambria",1073,46569,45496,3,9
"Sign Top","Cambria",65252,95636,30384,2,6
"Sign Bottom","Cambria",89515,115386,25871,5,6
"Sign Bottom","Calibri",34639,43657,9018,9,7
"Sign Bottom","Calibri",1288,21095,19807,8,5
"Sign Bottom","Cambria",116298,131524,15226,8,4
"Sign Top","Cambria",60506,105759,45253,6,9
"Sign Top","Calibri",3940,27620,23680,0,0
"Sign Bottom","Calibri",71042,115803,44761,2,3
"Sign Top","Cambria",81227,122891,41664,7,1
"Sign Bottom","Cambria",107604,130914,23310,4,4
"Sign Bottom","Cambria",90772,93423,2651,2,3
"Sign Top","Cambria",43596,46528,2932,6,8
"Sign Top","Cambria",45087,78152,33065,7,2
"Sign Top","Cambria",48886,60589,11703,6,9
"Sign Top","Calibri",78000,82812,4812,0,2
"Sign Bottom","Calibri",124300,126813,2513,0,3
"Sign Top","Cambria",27830,71311,43481,0,1
"Sign Bottom","Cambria",88116,111729,23613,6,9
"Sign Top","Cambria",401,27803,27402,1,3
"Sign Top","Calibri",50100,81220,31120,0,0
"Sign Top","Cambria",316,9446,9130,6,6
"Sign Top","Cambria",151021,195301,44280,1,1
"Sign Bottom","Cambria",91268,119705,28437,8,5
"Sign Bottom","Cambria",32515,77528,45013,5,8
"Sign Top","Calibri",150000,195048,45048,0,8
"Sign Top","Calibri",35209,43786,8577,9,6
"Sign Top","Calibri",58000,97582,39582,0,2
"Sign Top","Calibri",102929,119297,16368,9,7
"Sign Bottom","Calibri",52751,72769,20018,1,9
"Sign Top","Cambria",25238,39512,14274,8,2
"Sign Bottom","Calibri",26763,58571,31808,3,1
"Sign Top","Calibri",23000,65639,42639,0,9
"Sign Top","Cambria",42604,81477,38873,4,7
"Sign Bottom","Calibri",59753,77746,17993,3,6
"Sign Bottom","Calibri",118217,158790,40573,7,0
"Sign Top","Calibri",49093,64231,15138,3,1
"Sign Top","Calibri",230,24433,24203,0,3
"Sign Bottom","Cambria",203500,226379,22879,0,9
"Sign Top","Cambria",705,45666,44961,5,6
"Sign Top","Cambria",767,38923,38156,7,3
"Sign Bottom","Calibri",26833,31750,4917,3,0
"Sign Top","Cambria",71453,120172,48719,3,2
"Sign Bottom","Calibri",560,13385,12825,0,5
"Sign Top","Calibri",92100,106490,14390,0,0
"Sign Bottom","Cambria",74539,82252,7713,9,2
"Sign Top","Cambria",37820,51586,13766,0,6
"Sign Bottom","Calibri",73703,101221,27518,3,1
"Sign Bottom","Cambria",165950,213819,47869,0,9
"Sign Top","Calibri",8677,39996,31319,7,6
"Sign Bottom","Cambria",38807,70255,31448,7,5
"Sign Bottom","Cambria",124349,144653,20304,9,3
"Sign Bottom","Calibri",137644,166563,28919,4,3
"Sign Bottom","Calibri",114918,157131,42213,8,1
"Sign Bottom","Cambria",131648,170109,38461,8,9
"Sign Top","Cambria",2165,37382,35217,5,2
"Sign Top","Cambria",82101,107908,25807,1,8
"Sign Bottom","Cambria",52002,86335,34333,2,5
"Sign Bottom","Cambria",157872,176489,18617,2,9
"Sign Bottom","Cambria",17235,38619,21384,5,9
"Sign Top","Calibri",0,48929,48929,0,9
"Sign Bottom","Cambria",41411,66669,25258,1,9
"Sign Bottom","Calibri",111500,125637,14137,0,7
"Sign Bottom","Calibri",99000,118974,19974,0,4
"Sign Bottom","Cambria",15174,63609,48435,4,9
"Sign Top","Calibri",145832,167590,21758,2,0
"Sign Top","Calibri",199816,204917,5101,6,7
"Sign Top","Cambria",741,17763,17022,1,3
"Sign Top","Calibri",180000,195911,15911,0,1
"Sign Bottom","Calibri",49909,81309,31400,9,9
"Sign Bottom","Cambria",62652,89529,26877,2,9
"Sign Top","Calibri",104863,144749,39886,3,9
"Sign Top","Cambria",47516,48130,614,6,0
"Sign Bottom","Calibri",42326,82281,39955,6,1
"Sign Top","Calibri",90000,126843,36843,0,3
"Sign Top","Calibri",60072,69898,9826,2,8
"Sign Bottom","Calibri",177342,221120,43778,2,0
"Sign Bottom","Calibri",104447,132011,27564,7,1
"Sign Bottom","Calibri",93974,104242,10268,4,2
"Sign Top","Calibri",10,15759,15749,0,9
"Sign Top","Calibri",155100,158520,3420,0,0
"Sign Bottom","Cambria",49644,64488,14844,4,8
"Sign Top","Cambria",85255,135110,49855,5,0
"Sign Bottom","Cambria",29173,49755,20582,3,5
"Sign Top","Cambria",68077,77942,9865,7,2
"Sign Bottom","Calibri",45842,62055,16213,2,5
"Sign Top","Calibri",28904,59178,30274,4,8
"Sign Bottom","Calibri",27400,28627,1227,0,7
"Sign Bottom","Calibri",80000,113403,33403,0,3
"Sign Top","Calibri",18000,18864,864,0,4
"Sign Top","Calibri",45000,48948,3948,0,8
"Sign Bottom","Calibri",63641,83708,20067,1,8
"Sign Bottom","Calibri",45995,93978,47983,5,8
"Sign Top","Calibri",19001,65246,46245,1,6
"Sign Bottom","Calibri",163770,208349,44579,0,9
"Sign Top","Cambria",97484,138999,41515,4,9
"Sign Top","Cambria",52344,71694,19350,4,4
"Sign Bottom","Cambria",98974,99568,594,4,8
"Sign Bottom","Cambria",64935,104878,39943,5,8
"Sign Top","Cambria",150212,179916,29704,2,6
"Sign Top","Cambria",34076,61596,27520,6,6
"Sign Top","Calibri",53900,68445,14545,0,5
"Sign Top","Calibri",117811,144366,26555,1,6
"Sign Bottom","Cambria",88489,135143,46654,9,3
"Sign Bottom","Calibri",27165,69224,42059,5,4
"Sign Bottom","Calibri",67012,73101,6089,2,1
"Sign Bottom","Cambria",59977,77854,17877,7,4
"Sign Top","Calibri",39,12647,12608,9,7
"Sign Top","Calibri",48321,58015,9694,1,5
"Sign Top","Cambria",51759,86801,35042,9,1
"Sign Top","Cambria",91791,133580,41789,1,0
"Sign Bottom","Calibri",34300,51580,17280,0,0
"Sign Bottom","Cambria",7007,29134,22127,7,4
"Sign Top","Cambria",16312,66233,49921,2,3
"Sign Top","Calibri",85406,135239,49833,6,9
"Sign Top","Cambria",50176,67527,17351,6,7
"Sign Bottom","Cambria",47848,69662,21814,8,2
"Sign Top","Cambria",91753,107593,15840,3,3
"Sign Top","Calibri",36910,58295,21385,0,5
"Sign Bottom","Cambria",18469,26125,7656,9,5
"Sign Bottom","Cambria",32140,36338,4198,0,8
"Sign Top","Cambria",113636,145387,31751,6,7
"Sign Bottom","Cambria",14990,30414,15424,0,4
"Sign Top","Calibri",20,12106,12086,0,6
"Sign Top","Calibri",22000,35426,13426,0,6
"Sign Bottom","Calibri",93220,139177,45957,0,7
"Sign Bottom","Cambria",58849,73744,14895,9,4
"Sign Top","Cambria",36877,59312,22435,7,2
"Sign Bottom","Calibri",44779,84335,39556,9,5
"Sign Bottom","Calibri",78533,109793,31260,3,3
"Sign Bottom","Calibri",109120,158914,49794,0,4
"Sign Bottom","Calibri",20435,31693,11258,5,3
"Sign Bottom","Calibri",38402,63945,25543,2,5
"Sign Top","Cambria",167365,176982,9617,5,2
"Sign Bottom","Cambria",11477,41878,30401,7,8
"Sign Bottom","Calibri",27618,63327,35709,8,7
"Sign Bottom","Calibri",74824,78216,3392,4,6
"Sign Bottom","Cambria",105022,129375,24353,2,5
"Sign Top","Calibri",50000,93628,43628,0,8
"Sign Top","Calibri",186015,226729,40714,5,9
"Sign Top","Calibri",115477,150868,35391,7,8
"Sign Top","Cambria",100547,124173,23626,7,3
"Sign Top","Cambria",22045,53060,31015,5,0
"Sign Bottom","Cambria",36171,76388,40217,1,8
"Sign Top","Calibri",100,10773,10673,0,3
"Sign Top","Calibri",62455,73988,11533,5,8
"Sign Top","Cambria",12047,58396,46349,7,6
"Sign Bottom","Calibri",17181,64412,47231,1,2
"Sign Bottom","Calibri",150246,167815,17569,6,5
"Sign Top","Cambria",160584,167634,7050,4,4
"Sign Bottom","Cambria",7160,23260,16100,0,0
"Sign Bottom","Cambria",21629,59863,38234,9,3
"Sign Top","Calibri",1e+05,129091,29091,0,1
"Sign Bottom","Cambria",76147,85457,9310,7,7
"Sign Top","Cambria",54598,94462,39864,8,2
"Sign Bottom","Calibri",118026,152450,34424,6,0
"Sign Top","Cambria",192300,197050,4750,0,0
"Sign Top","Cambria",104955,134376,29421,5,6
"Sign Bottom","Calibri",5037,23994,18957,7,4
"Sign Top","Cambria",867,10320,9453,7,0
"Sign Top","Calibri",3942,45192,41250,2,2
"Sign Bottom","Calibri",103642,123650,20008,2,0
"Sign Top","Cambria",242349,282819,40470,9,9
"Sign Bottom","Cambria",79931,108916,28985,1,6
"Sign Bottom","Cambria",3337,28022,24685,7,2
"Sign Top","Cambria",28827,54059,25232,7,9
"Sign Bottom","Calibri",42700,45342,2642,0,2
"Sign Bottom","Calibri",15063,34896,19833,3,6
"Sign Top","Cambria",31910,78048,46138,0,8
"Sign Bottom","Calibri",120496,142235,21739,6,5
"Sign Bottom","Calibri",108000,108735,735,0,5
"Sign Top","Cambria",996,6482,5486,6,2
"Sign Top","Cambria",36135,37857,1722,5,7
"Sign Bottom","Cambria",26590,38038,11448,0,8
"Sign Bottom","Calibri",36000,73093,37093,0,3
"Sign Top","Cambria",100902,129079,28177,2,9
"Sign Top","Calibri",101000,134342,33342,0,2
"Sign Bottom","Calibri",108289,127540,19251,9,0
"Sign Top","Calibri",1821,17767,15946,1,7
"Sign Top","Cambria",102310,135787,33477,0,7
"Sign Top","Calibri",65000,90826,25826,0,6
"Sign Top","Calibri",30210,55812,25602,0,2
"Sign Bottom","Calibri",38425,83077,44652,5,7
"Sign Bottom","Cambria",134007,174383,40376,7,3
"Sign Top","Calibri",1e+05,144099,44099,0,9
"Sign Top","Cambria",9056,14577,5521,6,7
"Sign Bottom","Cambria",87233,128883,41650,3,3
"Sign Top","Cambria",75035,123273,48238,5,3
"Sign Top","Calibri",58083,80113,22030,3,3
"Sign Top","Calibri",32172,58031,25859,2,1
"Sign Bottom","Calibri",71305,81185,9880,5,5
"Sign Bottom","Calibri",129558,179200,49642,8,0
"Sign Bottom","Cambria",63237,85159,21922,7,9
"Sign Top","Cambria",68209,99426,31217,9,6
"Sign Bottom","Calibri",291644,295328,3684,4,8
"Sign Top","Cambria",20116,45749,25633,6,9
"Sign Bottom","Cambria",6564,6947,383,4,7
"Sign Bottom","Cambria",78656,86834,8178,6,4
"Sign Bottom","Cambria",31374,64846,33472,4,6
"Sign Top","Cambria",46364,82545,36181,4,5
"Sign Bottom","Calibri",54145,84233,30088,5,3
"Sign Top","Cambria",70702,79453,8751,2,3
"Sign Bottom","Cambria",19288,64337,45049,8,7
"Sign Bottom","Calibri",97038,110674,13636,8,4
"Sign Top","Calibri",113303,150405,37102,3,5
"Sign Bottom","Cambria",122734,161711,38977,4,1
"Sign Bottom","Calibri",147701,188369,40668,1,9
"Sign Bottom","Calibri",194400,210326,15926,0,6
"Sign Bottom","Cambria",314174,350260,36086,4,0
"Sign Bottom","Cambria",183215,224961,41746,5,1
"Sign Top","Calibri",34000,82090,48090,0,0
"Sign Bottom","Calibri",113153,118580,5427,3,0
"Sign Top","Cambria",10996,16979,5983,6,9
"Sign Top","Calibri",390,32423,32033,0,3
"Sign Bottom","Cambria",158143,177432,19289,3,2
"Sign Bottom","Calibri",18904,29455,10551,4,5
"Sign Top","Calibri",49865,51963,2098,5,3
"Sign Bottom","Calibri",46953,56233,9280,3,3
"Sign Top","Cambria",42551,54135,11584,1,5
"Sign Bottom","Cambria",93855,97299,3444,5,9
"Sign Top","Calibri",87000,133663,46663,0,3
"Sign Bottom","Calibri",162419,207741,45322,9,1
"Sign Top","Cambria",64036,92544,28508,6,4
"Sign Top","Cambria",84804,104286,19482,4,6
"Sign Bottom","Calibri",36454,56424,19970,4,4
"Sign Bottom","Calibri",81874,101182,19308,4,2
"Sign Top","Calibri",41000,82703,41703,0,3
"Sign Top","Cambria",80766,112224,31458,6,4
"Sign Bottom","Calibri",16576,54465,37889,6,5
"Sign Bottom","Calibri",89036,128536,39500,6,6
"Sign Top","Calibri",159071,204482,45411,1,2
"Sign Top","Calibri",68298,89500,21202,8,0
"Sign Top","Calibri",285000,323260,38260,0,0
"Sign Bottom","Calibri",62011,72903,10892,1,3
"Sign Bottom","Cambria",59,26216,26157,9,6
"Sign Bottom","Cambria",34947,45747,10800,7,7
"Sign Top","Cambria",11100,39339,28239,0,9
"Sign Top","Cambria",29327,46818,17491,7,8
"Sign Top","Cambria",44912,81685,36773,2,5
"Sign Top","Cambria",73100,89951,16851,0,1
"Sign Bottom","Cambria",104348,139569,35221,8,9
"Sign Top","Cambria",40,12575,12535,0,5
"Sign Bottom","Calibri",58977,67396,8419,7,6
"Sign Bottom","Cambria",78171,122662,44491,1,2
"Sign Bottom","Calibri",51435,82877,31442,5,7
"Sign Bottom","Calibri",79654,89249,9595,4,9
"Sign Top","Cambria",13079,53062,39983,9,2
"Sign Top","Cambria",30864,32547,1683,4,7
"Sign Top","Cambria",41869,70282,28413,9,2
"Sign Bottom","Calibri",106902,134387,27485,2,7
"Sign Top","Cambria",91561,117402,25841,1,2
"Sign Top","Calibri",85000,105274,20274,0,4
"Sign Bottom","Cambria",44583,46557,1974,3,7
"Sign Bottom","Cambria",96442,123370,26928,2,0
"Sign Bottom","Cambria",73474,76176,2702,4,6
"Sign Top","Calibri",81905,96581,14676,5,1
"Sign Top","Cambria",3016,40868,37852,6,8
"Sign Top","Calibri",28000,57539,29539,0,9
"Sign Bottom","Cambria",121872,141492,19620,2,2
"Sign Bottom","Calibri",77700,93559,15859,0,9
"Sign Top","Cambria",19760,60333,40573,0,3
"Sign Top","Cambria",29341,32949,3608,1,9
"Sign Top","Cambria",265,18167,17902,5,7
"Sign Bottom","Cambria",26563,69788,43225,3,8
"Sign Bottom","Calibri",99120,109899,10779,0,9
"Sign Bottom","Calibri",151314,182346,31032,4,6
"Sign Bottom","Calibri",73500,96894,23394,0,4
"Sign Top","Calibri",32341,70585,38244,1,5
"Sign Top","Calibri",116000,121892,5892,0,2
"Sign Top","Calibri",50281,94585,44304,1,5
"Sign Top","Cambria",120505,126878,6373,5,8
"Sign Bottom","Calibri",114560,161040,46480,0,0
"Sign Top","Cambria",163785,206387,42602,5,7
"Sign Top","Cambria",40474,73728,33254,4,8
"Sign Top","Calibri",95822,104078,8256,2,8
"Sign Bottom","Cambria",80315,106998,26683,5,8
"Sign Top","Cambria",71472,98643,27171,2,3
"Sign Bottom","Cambria",65628,83952,18324,8,2
"Sign Top","Cambria",1266,38452,37186,6,2
"Sign Top","Cambria",54480,90365,35885,0,5
"Sign Top","Cambria",60367,84156,23789,7,6
"Sign Bottom","Calibri",25396,56390,30994,6,0
"Sign Top","Cambria",1365,27014,25649,5,4
"Sign Top","Calibri",43000,72339,29339,0,9
"Sign Bottom","Calibri",66460,113389,46929,0,9
"Sign Bottom","Cambria",69965,79824,9859,5,4
"Sign Top","Cambria",34047,54283,20236,7,3
"Sign Top","Cambria",853,35809,34956,3,9
"Sign Top","Cambria",1334,49347,48013,4,7
"Sign Bottom","Cambria",41363,63878,22515,3,8
"Sign Bottom","Cambria",37103,78734,41631,3,4
"Sign Top","Calibri",47391,57203,9812,1,3
"Sign Top","Calibri",97000,143136,46136,0,6
"Sign Top","Calibri",2200,44447,42247,0,7
"Sign Top","Cambria",44456,63564,19108,6,4
"Sign Top","Calibri",12,14237,14225,2,7
"Sign Top","Cambria",93982,124465,30483,2,5
"Sign Top","Cambria",89531,96618,7087,1,8
"Sign Bottom","Calibri",164705,172481,7776,5,1
"Sign Top","Calibri",28000,67910,39910,0,0
"Sign Top","Cambria",134708,166441,31733,8,1
"Sign Bottom","Calibri",66684,89900,23216,4,0
"Sign Top","Cambria",11391,46508,35117,1,8
"Sign Top","Cambria",122,46316,46194,2,6
"Sign Bottom","Cambria",36576,41922,5346,6,2
"Sign Top","Cambria",37177,59937,22760,7,7
"Sign Top","Calibri",34000,36298,2298,0,8
"Sign Top","Calibri",193000,202962,9962,0,2
"Sign Bottom","Calibri",80505,108669,28164,5,9
"Sign Bottom","Cambria",83577,90045,6468,7,5
"Sign Bottom","Calibri",4,39044,39040,4,4
"Sign Bottom","Cambria",75013,98657,23644,3,7
"Sign Top","Calibri",40455,52341,11886,5,1
"Sign Bottom","Calibri",52645,67835,15190,5,5
"Sign Top","Calibri",25504,55844,30340,4,4
"Sign Bottom","Cambria",59373,87520,28147,3,0
"Sign Top","Calibri",0,4344,4344,0,4
"Sign Bottom","Cambria",19827,47134,27307,7,4
"Sign Top","Calibri",85000,94686,9686,0,6
"Sign Bottom","Cambria",15058,42405,27347,8,5
"Sign Top","Cambria",149440,194206,44766,0,6
"Sign Top","Calibri",107075,151389,44314,5,9
"Sign Bottom","Calibri",51031,68379,17348,1,9
"Sign Top","Calibri",75943,91905,15962,3,5
"Sign Bottom","Cambria",170573,182219,11646,3,9
"Sign Bottom","Calibri",81523,107273,25750,3,3
"Sign Bottom","Calibri",143000,147331,4331,0,1
"Sign Bottom","Cambria",19213,59119,39906,3,9
"Sign Top","Calibri",34000,47246,13246,0,6
"Sign Top","Calibri",46000,85073,39073,0,3
"Sign Bottom","Cambria",73460,102903,29443,0,3
"Sign Top","Cambria",72427,114164,41737,7,4
"Sign Bottom","Cambria",21974,68167,46193,4,7
"Sign Bottom","Calibri",55700,99001,43301,0,1
"Sign Bottom","Cambria",34652,80180,45528,2,0
"Sign Top","Cambria",5786,11467,5681,6,7
"Sign Top","Cambria",47345,77398,30053,5,8
"Sign Top","Calibri",119000,140956,21956,0,6
"Sign Top","Cambria",27181,44880,17699,1,0
"Sign Top","Calibri",97000,98162,1162,0,2
"Sign Bottom","Calibri",84462,112670,28208,2,0
"Sign Top","Calibri",190413,219713,29300,3,3
"Sign Top","Cambria",45479,95316,49837,9,6
"Sign Top","Calibri",132470,157276,24806,0,6
"Sign Bottom","Cambria",2114,34318,32204,4,8
"Sign Top","Cambria",80214,116234,36020,4,4
"Sign Top","Calibri",67216,106218,39002,6,8
"Sign Bottom","Calibri",15800,56197,40397,0,7
"Sign Top","Cambria",28911,68270,39359,1,0
"Sign Bottom","Cambria",97377,107515,10138,7,5
"Sign Bottom","Calibri",12689,32644,19955,9,4
"Sign Top","Calibri",19847,29591,9744,7,1
"Sign Bottom","Cambria",195311,207352,12041,1,2
"Sign Bottom","Cambria",72483,104780,32297,3,0
"Sign Top","Calibri",136000,179689,43689,0,9
"Sign Top","Calibri",11846,60499,48653,6,9
"Sign Bottom","Cambria",36307,53202,16895,7,2
"Sign Bottom","Calibri",18149,27856,9707,9,6
"Sign Top","Calibri",150195,174885,24690,5,5
"Sign Bottom","Calibri",113315,117914,4599,5,4
"Sign Bottom","Calibri",124317,159724,35407,7,4
"Sign Top","Calibri",92454,116674,24220,4,4
"Sign Bottom","Calibri",45228,73917,28689,8,7
"Sign Top","Calibri",64443,107420,42977,3,0
"Sign Bottom","Cambria",122700,169282,46582,0,2
"Sign Bottom","Cambria",28009,36025,8016,9,5
"Sign Top","Cambria",80248,122382,42134,8,2
"Sign Top","Calibri",7704,13815,6111,4,5
"Sign Bottom","Calibri",28323,43323,15000,3,3
"Sign Bottom","Calibri",15833,31258,15425,3,8
"Sign Top","Calibri",25,18657,18632,5,7
"Sign Bottom","Calibri",62628,88570,25942,8,0
"Sign Bottom","Cambria",57638,69853,12215,8,3
"Sign Bottom","Calibri",66945,84059,17114,5,9
"Sign Bottom","Calibri",59464,92624,33160,4,4
"Sign Top","Cambria",153216,176355,23139,6,5
"Sign Top","Calibri",0,5659,5659,0,9
"Sign Top","Cambria",49516,88625,39109,6,5
"Sign Bottom","Calibri",134531,161538,27007,1,8
"Sign Top","Cambria",138644,164850,26206,4,0
"Sign Top","Calibri",105000,140553,35553,0,3
"Sign Top","Cambria",41600,60538,18938,0,8
"Sign Top","Cambria",46143,83285,37142,3,5
"Sign Top","Cambria",29880,57115,27235,0,5
"Sign Top","Calibri",42000,88636,46636,0,6
"Sign Top","Cambria",101854,145611,43757,4,1
"Sign Bottom","Calibri",47766,87500,39734,6,0
"Sign Bottom","Calibri",89304,114705,25401,4,5
"Sign Bottom","Cambria",146533,194769,48236,3,9
"Sign Bottom","Cambria",27171,44406,17235,1,6
"Sign Bottom","Cambria",168323,170030,1707,3,0
"Sign Bottom","Calibri",52268,100649,48381,8,9
"Sign Bottom","Calibri",5875,23499,17624,5,9
"Sign Bottom","Cambria",47546,72314,24768,6,4
"Sign Top","Cambria",56083,93190,37107,3,0
"Sign Bottom","Cambria",94562,113410,18848,2,0
"Sign Bottom","Cambria",55561,98923,43362,1,3
"Sign Bottom","Cambria",54618,90245,35627,8,5
"Sign Bottom","Calibri",46010,51747,5737,0,7
"Sign Top","Calibri",3460,40374,36914,0,4
"Sign Top","Calibri",8701,16667,7966,1,7
"Sign Top","Cambria",37649,46400,8751,9,0
"Sign Top","Cambria",180828,195007,14179,8,7
"Sign Bottom","Calibri",28340,32223,3883,0,3
"Sign Bottom","Calibri",3005,45694,42689,5,4
"Sign Top","Cambria",99907,137160,37253,7,0
"Sign Top","Cambria",90750,130006,39256,0,6
"Sign Top","Cambria",33943,72759,38816,3,9
"Sign Top","Cambria",126681,157699,31018,1,9
"Sign Bottom","Calibri",56000,59886,3886,0,6
"Sign Top","Calibri",43200,77702,34502,0,2
"Sign Top","Cambria",23026,47780,24754,6,0
"Sign Bottom","Cambria",8278,36351,28073,8,1
"Sign Top","Calibri",130653,172168,41515,3,8
"Sign Top","Cambria",45889,89901,44012,9,1
"Sign Top","Cambria",110100,149048,38948,0,8
"Sign Bottom","Cambria",15312,31419,16107,2,9
"Sign Bottom","Cambria",127965,144546,16581,5,6
"Sign Top","Cambria",57792,60405,2613,2,5
"Sign Top","Calibri",85000,131707,46707,0,7
"Sign Top","Cambria",50302,65264,14962,2,4
"Sign Bottom","Cambria",38588,38715,127,8,5
"Sign Bottom","Cambria",150363,184937,34574,3,7
"Sign Bottom","Cambria",19844,42286,22442,4,6
"Sign Top","Calibri",45571,62400,16829,1,0
"Sign Top","Calibri",140991,144801,3810,1,1
"Sign Top","Cambria",114,29952,29838,4,2
"Sign Top","Calibri",49637,53778,4141,7,8
"Sign Top","Cambria",54046,60481,6435,6,1
"Sign Top","Cambria",864,4282,3418,4,2
"Sign Top","Calibri",66788,88524,21736,8,4
"Sign Bottom","Calibri",4362,15910,11548,2,0
"Sign Bottom","Calibri",65842,94517,28675,2,7
"Sign Top","Cambria",24776,67971,43195,6,1
"Sign Top","Calibri",10,31716,31706,0,6
"Sign Top","Calibri",95945,127443,31498,5,3
"Sign Top","Calibri",50000,92564,42564,0,4
"Sign Top","Calibri",3500,35884,32384,0,4
"Sign Top","Cambria",354,40845,40491,4,5
"Sign Top","Calibri",77500,100246,22746,0,6
"Sign Bottom","Calibri",44006,73743,29737,6,3
"Sign Bottom","Cambria",88660,93006,4346,0,6
"Sign Top","Calibri",158000,172520,14520,0,0
"Sign Top","Cambria",377,11642,11265,7,2
"Sign Top","Calibri",39333,85813,46480,3,3
"Sign Top","Cambria",167623,184421,16798,3,1
"Sign Top","Cambria",54953,98245,43292,3,5
"Sign Bottom","Calibri",22912,69190,46278,2,0
"Sign Top","Calibri",7600,31467,23867,0,7
"Sign Top","Calibri",75000,121023,46023,0,3
"Sign Bottom","Calibri",54686,89710,35024,6,0
"Sign Bottom","Cambria",7106,8150,1044,6,0
"Sign Top","Cambria",197612,217670,20058,2,0
"Sign Bottom","Calibri",19322,67271,47949,2,1
"Sign Bottom","Cambria",17183,49419,32236,3,9
"Sign Top","Calibri",35591,57365,21774,1,5
"Sign Top","Cambria",50301,94913,44612,1,3
"Sign Bottom","Cambria",85657,116264,30607,7,4
"Sign Top","Cambria",37298,66190,28892,8,0
"Sign Bottom","Calibri",122960,153872,30912,0,2
"Sign Top","Cambria",49104,90809,41705,4,9
"Sign Bottom","Cambria",10650,26836,16186,0,6
"Sign Top","Calibri",93862,109028,15166,2,8
"Sign Top","Cambria",42286,74934,32648,6,4
"Sign Bottom","Calibri",1e+05,128593,28593,0,3
"Sign Top","Cambria",43920,54615,10695,0,5
"Sign Top","Cambria",114664,157748,43084,4,8
"Sign Top","Cambria",18128,47269,29141,8,9
"Sign Bottom","Cambria",44900,70836,25936,0,6
"Sign Bottom","Cambria",41168,83304,42136,8,4
"Sign Bottom","Cambria",100395,150196,49801,5,6
"Sign Top","Cambria",52948,82561,29613,8,1
"Sign Bottom","Cambria",51995,77738,25743,5,8
"Sign Bottom","Calibri",23337,28664,5327,7,4
"Sign Bottom","Cambria",150591,157305,6714,1,5
"Sign Top","Cambria",4094,34595,30501,4,5
"Sign Bottom","Cambria",11465,51072,39607,5,2
"Sign Top","Calibri",17543,64058,46515,3,8
"Sign Bottom","Cambria",35629,43738,8109,9,8
"Sign Bottom","Calibri",65388,112193,46805,8,3
"Sign Top","Cambria",50251,63121,12870,1,1
"Sign Top","Calibri",10,46236,46226,0,6
"Sign Top","Cambria",88191,109098,20907,1,8
"Sign Bottom","Calibri",7015,55400,48385,5,0
"Sign Top","Cambria",46302,79562,33260,2,2
"Sign Bottom","Calibri",142565,190330,47765,5,0
"Sign Bottom","Cambria",43562,90554,46992,2,4
"Sign Bottom","Calibri",145530,145919,389,0,9
"Sign Top","Cambria",60446,86819,26373,6,9
"Sign Top","Cambria",41114,85494,44380,4,4
"Sign Bottom","Cambria",20071,55802,35731,1,2
"Sign Bottom","Calibri",48882,71396,22514,2,6
"Sign Bottom","Cambria",126448,129115,2667,8,5
"Sign Top","Cambria",130112,133790,3678,2,0
"Sign Top","Cambria",7525,44892,37367,5,2
"Sign Top","Calibri",34000,63412,29412,0,2
"Sign Bottom","Calibri",57339,69727,12388,9,7
"Sign Bottom","Calibri",41641,42497,856,1,7
"Sign Bottom","Cambria",17186,52811,35625,6,1
"Sign Top","Calibri",24000,64176,40176,0,6
"Sign Top","Cambria",76882,125555,48673,2,5
"Sign Top","Cambria",17067,66239,49172,7,9
"Sign Top","Cambria",79467,100757,21290,7,7
"Sign Bottom","Calibri",9073,33152,24079,3,2
"Sign Bottom","Calibri",135876,181858,45982,6,8
"Sign Top","Calibri",27000,30473,3473,0,3
"Sign Bottom","Cambria",104027,132437,28410,7,7
"Sign Bottom","Calibri",75129,91974,16845,9,4
"Sign Bottom","Calibri",66235,75379,9144,5,9
"Sign Bottom","Cambria",85654,127074,41420,4,4
"Sign Top","Cambria",7634,56115,48481,4,5
"Sign Top","Cambria",34344,67537,33193,4,7
"Sign Bottom","Calibri",196948,225614,28666,8,4
"Sign Bottom","Cambria",70375,82504,12129,5,4
"Sign Top","Calibri",117750,148125,30375,0,5
"Sign Top","Cambria",23654,27936,4282,4,6
"Sign Top","Calibri",5,5014,5009,5,4
"Sign Top","Calibri",68000,112656,44656,0,6
"Sign Top","Cambria",704,18505,17801,4,5
"Sign Top","Calibri",39000,83222,44222,0,2
"Sign Top","Calibri",93077,123057,29980,7,7
"Sign Top","Cambria",124189,173881,49692,9,1
"Sign Bottom","Calibri",22647,45659,23012,7,9
"Sign Bottom","Cambria",79152,95756,16604,2,6
"Sign Bottom","Cambria",38116,46767,8651,6,7
"Sign Bottom","Calibri",68180,76062,7882,0,2
"Sign Top","Calibri",290000,299902,9902,0,2
"Sign Bottom","Calibri",61288,80543,19255,8,3
"Sign Top","Cambria",32246,48869,16623,6,9
"Sign Bottom","Cambria",42934,59021,16087,4,1
"Sign Bottom","Calibri",54500,56593,2093,0,3
"Sign Bottom","Calibri",61783,104336,42553,3,6
"Sign Top","Cambria",16234,56603,40369,4,3
"Sign Top","Cambria",870,2589,1719,0,9
"Sign Bottom","Calibri",160,37074,36914,0,4
"Sign Bottom","Cambria",68860,96153,27293,0,3
"Sign Top","Calibri",78353,122088,43735,3,8
"Sign Bottom","Cambria",54379,86297,31918,9,7
"Sign Top","Calibri",20620,42511,21891,0,1
"Sign Bottom","Calibri",82385,82673,288,5,3
"Sign Bottom","Cambria",123785,153805,30020,5,5
"Sign Bottom","Cambria",77931,108748,30817,1,8
"Sign Bottom","Calibri",34289,73028,38739,9,8
"Sign Bottom","Calibri",1e+05,108968,8968,0,8
"Sign Top","Cambria",102991,131497,28506,1,7
"Sign Top","Cambria",89416,129378,39962,6,8
"Sign Top","Calibri",20000,48184,28184,0,4
"Sign Top","Calibri",9658,57479,47821,8,9
"Sign Bottom","Cambria",160826,187951,27125,6,1
"Sign Top","Cambria",95,44786,44691,5,6
"Sign Top","Calibri",34301,40037,5736,1,7
"Sign Top","Cambria",320,47721,47401,0,1
"Sign Bottom","Calibri",21402,38662,17260,2,2
"Sign Bottom","Calibri",159678,198057,38379,8,7
"Sign Bottom","Cambria",136003,142802,6799,3,2
"Sign Top","Calibri",52590,91267,38677,0,7
"Sign Top","Calibri",461,48715,48254,1,5
"Sign Top","Cambria",109777,133620,23843,7,0
"Sign Bottom","Cambria",145571,170959,25388,1,9
"Sign Top","Cambria",138293,177166,38873,3,6
"Sign Top","Calibri",25,49752,49727,5,2
"Sign Top","Calibri",36918,72561,35643,8,1
"Sign Top","Calibri",175395,193365,17970,5,5
"Sign Bottom","Calibri",88000,107325,19325,0,5
"Sign Top","Calibri",115000,136016,21016,0,6
"Sign Top","Calibri",161463,180969,19506,3,9
"Sign Top","Cambria",403733,435791,32058,3,1
"Sign Bottom","Cambria",67903,85218,17315,3,8
"Sign Bottom","Calibri",85000,117540,32540,0,0
"Sign Top","Cambria",107064,132620,25556,4,0
"Sign Top","Calibri",31692,71982,40290,2,2
"Sign Bottom","Cambria",112009,127990,15981,9,0
"Sign Bottom","Cambria",17990,66591,48601,0,1
"Sign Top","Cambria",65891,102616,36725,1,6
"Sign Top","Calibri",163000,212075,49075,0,5
"Sign Bottom","Calibri",1454,49501,48047,4,1
"Sign Bottom","Cambria",82417,130144,47727,7,4
"Sign Top","Cambria",2316,27568,25252,6,8
"Sign Top","Calibri",33736,42425,8689,6,5
"Sign Top","Calibri",17000,56436,39436,0,6
"Sign Top","Calibri",70800,102543,31743,0,3
"Sign Bottom","Cambria",137876,177533,39657,6,3
"Sign Top","Cambria",62249,96569,34320,9,9
"Sign Top","Cambria",18652,67708,49056,2,8
"Sign Top","Cambria",37671,48121,10450,1,1
"Sign Bottom","Cambria",66728,95265,28537,8,5
"Sign Bottom","Calibri",9511,25419,15908,1,9
"Sign Bottom","Cambria",23248,41521,18273,8,1
"Sign Top","Cambria",54508,103751,49243,8,1
"Sign Top","Cambria",32764,61261,28497,4,1
"Sign Top","Cambria",127198,129948,2750,8,8
"Sign Bottom","Calibri",23000,34215,11215,0,5
"Sign Bottom","Calibri",7710,54708,46998,0,8
"Sign Bottom","Cambria",40605,63615,23010,5,5
"Sign Top","Cambria",246,43811,43565,6,1
"Sign Bottom","Calibri",15191,62312,47121,1,2
"Sign Bottom","Cambria",55948,96662,40714,8,2
"Sign Top","Cambria",68190,106638,38448,0,8
"Sign Bottom","Calibri",41837,83865,42028,7,5
"Sign Top","Calibri",96730,110281,13551,0,1
"Sign Top","Cambria",77365,115011,37646,5,1
"Sign Top","Cambria",98323,133226,34903,3,6
"Sign Top","Cambria",100969,118808,17839,9,8
"Sign Top","Cambria",5739,18761,13022,9,1
"Sign Top","Calibri",11300,27839,16539,0,9
"Sign Top","Calibri",50220,64967,14747,0,7
"Sign Top","Calibri",73000,113456,40456,0,6
"Sign Bottom","Calibri",64807,65082,275,7,2
"Sign Bottom","Cambria",63587,69100,5513,7,0
"Sign Bottom","Calibri",53330,80445,27115,0,5
"Sign Bottom","Calibri",98705,105056,6351,5,6
"Sign Top","Cambria",32306,51761,19455,6,1
"Sign Bottom","Cambria",16180,37951,21771,0,1
"Sign Bottom","Cambria",15314,38883,23569,4,3
"Sign Bottom","Calibri",71473,76024,4551,3,4
"Sign Top","Cambria",53839,93514,39675,9,4
"Sign Top","Cambria",10593,19712,9119,3,2
"Sign Bottom","Calibri",98167,144271,46104,7,1
"Sign Top","Cambria",94871,138112,43241,1,2
"Sign Top","Cambria",161009,190960,29951,9,0
"Sign Top","Cambria",51931,87122,35191,1,2
"Sign Top","Calibri",34200,70397,36197,0,7
"Sign Bottom","Calibri",47232,71574,24342,2,4
"Sign Bottom","Cambria",86576,126307,39731,6,7
"Sign Bottom","Cambria",111006,113458,2452,6,8
"Sign Top","Cambria",9211,59064,49853,1,4
"Sign Top","Cambria",3597,20239,16642,7,9
"Sign Bottom","Calibri",6502,30962,24460,2,2
"Sign Top","Cambria",133850,152558,18708,0,8
"Sign Top","Calibri",180100,196488,16388,0,8
"Sign Bottom","Cambria",52603,91157,38554,3,7
"Sign Top","Calibri",0,2581,2581,0,1
"Sign Bottom","Cambria",5272,54464,49192,2,4
"Sign Bottom","Cambria",70825,119555,48730,5,5
"Sign Top","Cambria",148338,149782,1444,8,2
"Sign Top","Cambria",129840,153751,23911,0,1
"Sign Bottom","Cambria",7678,36516,28838,8,6
"Sign Top","Calibri",8000,21602,13602,0,2
"Sign Top","Calibri",15000,32411,17411,0,1
"Sign Bottom","Cambria",214402,221543,7141,2,3
"Sign Bottom","Cambria",59206,84674,25468,6,4
"Sign Bottom","Calibri",200010,205570,5560,0,0
"Sign Bottom","Calibri",44958,75496,30538,8,6
"Sign Bottom","Calibri",55978,58826,2848,8,6
"Sign Top","Cambria",43527,74990,31463,7,0
"Sign Top","Cambria",151201,197493,46292,1,3
"Sign Bottom","Cambria",52992,66291,13299,2,1
"Sign Top","Calibri",50,7255,7205,0,5
"Sign Top","Calibri",90000,127190,37190,0,0
"Sign Top","Calibri",153000,179302,26302,0,2
"Sign Bottom","Cambria",61202,104688,43486,2,8
"Sign Bottom","Calibri",52551,89836,37285,1,6
"Sign Top","Cambria",54684,85434,30750,4,4
"Sign Top","Calibri",89000,137488,48488,0,8
"Sign Bottom","Cambria",51257,88603,37346,7,3
"Sign Top","Cambria",18966,58505,39539,6,5
"Sign Bottom","Calibri",76003,95989,19986,3,9
"Sign Bottom","Calibri",87594,102896,15302,4,6
"Sign Top","Calibri",0,43781,43781,0,1
"Sign Top","Cambria",133,2779,2646,3,9
"Sign Bottom","Cambria",55091,59158,4067,1,8
"Sign Bottom","Calibri",82454,100151,17697,4,1
"Sign Bottom","Cambria",50759,75618,24859,9,8
"Sign Top","Calibri",16,33826,33810,6,6
"Sign Bottom","Cambria",5450,14381,8931,0,1
"Sign Top","Calibri",151625,181610,29985,5,0
"Sign Top","Calibri",40000,76038,36038,0,8
"Sign Bottom","Calibri",90000,113313,23313,0,3
"Sign Bottom","Calibri",71547,108187,36640,7,7
"Sign Bottom","Calibri",7003,13322,6319,3,2
"Sign Bottom","Calibri",28880,71128,42248,0,8
"Sign Bottom","Cambria",109723,147967,38244,3,7
"Sign Bottom","Cambria",5087,16445,11358,7,5
"Sign Bottom","Cambria",65894,78646,12752,4,6
"Sign Top","Calibri",19000,54506,35506,0,6
"Sign Bottom","Cambria",142839,144315,1476,9,5
"Sign Top","Calibri",52265,84703,32438,5,3
"Sign Top","Cambria",15218,42190,26972,8,0
"Sign Top","Calibri",57850,66112,8262,0,2
"Sign Bottom","Cambria",15941,30430,14489,1,0
"Sign Bottom","Calibri",62300,84069,21769,0,9
"Sign Bottom","Calibri",155536,195045,39509,6,5
"Sign Top","Calibri",1650,44076,42426,0,6
"Sign Bottom","Calibri",10852,41535,30683,2,5
"Sign Top","Cambria",44634,92649,48015,4,9
"Sign Bottom","Cambria",23235,38015,14780,5,5
"Sign Top","Calibri",10974,11820,846,4,0
"Sign Bottom","Calibri",89916,121116,31200,6,6
"Sign Top","Cambria",7582,41365,33783,2,5
"Sign Bottom","Calibri",105000,148166,43166,0,6
"Sign Bottom","Calibri",15834,23019,7185,4,9
"Sign Bottom","Calibri",137744,155686,17942,4,6
"Sign Bottom","Calibri",52378,60665,8287,8,5
"Sign Top","Calibri",86000,130587,44587,0,7
"Sign Top","Calibri",26928,47431,20503,8,1
"Sign Bottom","Cambria",21837,34212,12375,7,2
"Sign Bottom","Calibri",9067,28692,19625,7,2
"Sign Bottom","Calibri",41178,86276,45098,8,6
"Sign Bottom","Cambria",90483,103117,12634,3,7
"Sign Top","Calibri",15,31656,31641,5,6
"Sign Top","Cambria",537,34898,34361,7,8
"Sign Bottom","Cambria",65257,73658,8401,7,8
"Sign Bottom","Calibri",34605,54997,20392,5,7
"Sign Top","Calibri",39769,71188,31419,9,8
"Sign Top","Calibri",34470,82558,48088,0,8
"Sign Top","Cambria",65687,115178,49491,7,8
"Sign Top","Cambria",48689,58258,9569,9,8
"Sign Bottom","Calibri",68700,81867,13167,0,7
"Sign Top","Calibri",21,37925,37904,1,5
"Sign Top","Cambria",33859,38594,4735,9,4
"Sign Top","Calibri",34000,76118,42118,0,8
"Sign Bottom","Calibri",23872,49993,26121,2,3
"Sign Bottom","Cambria",77517,89894,12377,7,4
"Sign Bottom","Cambria",54524,71373,16849,4,3
"Sign Top","Calibri",31000,34844,3844,0,4
"Sign Top","Calibri",64000,84516,20516,0,6
"Sign Top","Calibri",54994,60836,5842,4,6
"Sign Bottom","Calibri",28652,57747,29095,2,7
"Sign Top","Calibri",33649,54306,20657,9,6
"Sign Top","Cambria",103528,153223,49695,8,3
"Sign Top","Calibri",104629,114495,9866,9,5
"Sign Top","Calibri",0,13960,13960,0,0
"Sign Bottom","Calibri",30107,66369,36262,7,9
"Sign Bottom","Cambria",97350,103587,6237,0,7
"Sign Bottom","Cambria",38002,82519,44517,2,9
"Sign Bottom","Calibri",81372,87149,5777,2,9
"Sign Bottom","Cambria",73081,79157,6076,1,7
"Sign Bottom","Calibri",34000,40828,6828,0,8
"Sign Top","Calibri",0,35436,35436,0,6
"Sign Top","Calibri",5700,20241,14541,0,1
"Sign Top","Cambria",133136,179119,45983,6,9
"Sign Bottom","Calibri",117982,151904,33922,2,4
"Sign Bottom","Calibri",167367,180595,13228,7,5
"Sign Bottom","Cambria",140269,182078,41809,9,8
"Sign Bottom","Cambria",55658,103158,47500,8,8
"Sign Bottom","Calibri",53663,66423,12760,3,3
"Sign Bottom","Calibri",61469,108596,47127,9,6
"Sign Top","Cambria",86074,110023,23949,4,3
"Sign Bottom","Calibri",252958,271642,18684,8,2
"Sign Top","Cambria",94128,138831,44703,8,1
"Sign Bottom","Calibri",162304,184618,22314,4,8
"Sign Bottom","Calibri",56788,59174,2386,8,4
"Sign Bottom","Calibri",5610,18785,13175,0,5
"Sign Bottom","Calibri",23607,39532,15925,7,2
"Sign Top","Cambria",12201,50132,37931,1,2
"Sign Bottom","Calibri",63985,81163,17178,5,3
"Sign Top","Calibri",71438,73199,1761,8,9
"Sign Top","Calibri",126960,170972,44012,0,2
"Sign Top","Cambria",975,34605,33630,5,5
"Sign Top","Calibri",83810,104947,21137,0,7
"Sign Bottom","Calibri",39872,81519,41647,2,9
"Sign Top","Calibri",77958,114706,36748,8,6
"Sign Top","Cambria",101398,121430,20032,8,0
"Sign Bottom","Calibri",74537,123221,48684,7,1
"Sign Bottom","Calibri",32181,67958,35777,1,8
"Sign Top","Cambria",56583,92433,35850,3,3
"Sign Bottom","Cambria",9723,34110,24387,3,0
"Sign Top","Cambria",58394,87133,28739,4,3
"Sign Top","Cambria",50970,61866,10896,0,6
"Sign Top","Cambria",220945,224029,3084,5,9
"Sign Top","Calibri",125107,172427,47320,7,7
"Sign Bottom","Cambria",81870,114350,32480,0,0
"Sign Top","Calibri",38,15112,15074,8,2
"Sign Top","Calibri",42699,63844,21145,9,4
"Sign Top","Calibri",18327,61576,43249,7,6
"Sign Bottom","Calibri",43316,55662,12346,6,2
"Sign Top","Cambria",8211,36991,28780,1,1
"Sign Top","Calibri",37000,53857,16857,0,7
"Sign Bottom","Calibri",158829,205037,46208,9,7
"Sign Bottom","Cambria",141008,172929,31921,8,9
"Sign Top","Calibri",110000,125973,15973,0,3
"Sign Top","Cambria",2462,38985,36523,2,5
"Sign Top","Calibri",48146,52316,4170,6,6
"Sign Top","Cambria",48145,92203,44058,5,3
"Sign Bottom","Calibri",84456,87681,3225,6,1
"Sign Bottom","Calibri",72896,75234,2338,6,4
"Sign Bottom","Cambria",46141,50530,4389,1,0
"Sign Bottom","Calibri",8663,18671,10008,3,1
"Sign Top","Calibri",0,12016,12016,0,6
"Sign Bottom","Calibri",155905,191315,35410,5,5
"Sign Bottom","Calibri",40198,45948,5750,8,8
"Sign Top","Calibri",80365,105251,24886,5,1
"Sign Top","Calibri",80782,98560,17778,2,0
"Sign Top","Calibri",5000,46491,41491,0,1
"Sign Bottom","Calibri",36767,72720,35953,7,0
"Sign Top","Cambria",42,10848,10806,2,8
"Sign Bottom","Calibri",1595,7205,5610,5,5
"Sign Bottom","Calibri",88359,106227,17868,9,7
"Sign Bottom","Calibri",5193,42444,37251,3,4
"Sign Top","Cambria",23925,64740,40815,5,0
"Sign Top","Cambria",533,45074,44541,3,4
"Sign Bottom","Calibri",71280,71707,427,0,7
"Sign Top","Cambria",100201,105403,5202,1,3
"Sign Top","Cambria",32318,52191,19873,8,1
"Sign Top","Calibri",35014,84839,49825,4,9
"Sign Top","Calibri",7246,46531,39285,6,1
"Sign Bottom","Calibri",58100,77865,19765,0,5
"Sign Bottom","Cambria",48889,53127,4238,9,7
"Sign Top","Calibri",165000,168618,3618,0,8
"Sign Bottom","Cambria",14359,23370,9011,9,0
"Sign Bottom","Cambria",130298,166132,35834,8,2
"Sign Bottom","Calibri",58345,106842,48497,5,2
"Sign Bottom","Cambria",29965,66570,36605,5,0
"Sign Bottom","Calibri",8603,50836,42233,3,6
"Sign Top","Calibri",10000,20633,10633,0,3
"Sign Bottom","Calibri",40344,74886,34542,4,6
"Sign Top","Calibri",169000,172951,3951,0,1
"Sign Top","Cambria",48993,78243,29250,3,3
"Sign Bottom","Calibri",1264,39803,38539,4,3
"Sign Bottom","Cambria",37905,63918,26013,5,8
"Sign Top","Cambria",5873,43983,38110,3,3
"Sign Top","Cambria",4680,34265,29585,0,5
"Sign Bottom","Calibri",42451,52537,10086,1,7
"Sign Top","Calibri",62418,97584,35166,8,4
"Sign Top","Calibri",9000,30302,21302,0,2
"Sign Top","Cambria",30409,56198,25789,9,8
"Sign Top","Calibri",174464,217337,42873,4,7
"Sign Bottom","Cambria",36354,36686,332,4,6
"Sign Bottom","Cambria",18235,57419,39184,5,9
"Sign Bottom","Calibri",15070,22447,7377,0,7
"Sign Top","Cambria",124877,147319,22442,7,9
"Sign Top","Calibri",27820,71671,43851,0,1
"Sign Bottom","Calibri",31131,42535,11404,1,5
"Sign Bottom","Cambria",33476,67454,33978,6,4
"Sign Top","Cambria",58248,70354,12106,8,4
"Sign Bottom","Calibri",72880,99423,26543,0,3
"Sign Bottom","Calibri",89288,98181,8893,8,1
"Sign Bottom","Cambria",51885,92008,40123,5,8
"Sign Top","Calibri",124000,139676,15676,0,6
"Sign Bottom","Calibri",157755,179020,21265,5,0
"Sign Bottom","Calibri",114798,125736,10938,8,6
"Sign Bottom","Calibri",49479,85956,36477,9,6
"Sign Bottom","Calibri",179682,183956,4274,2,6
"Sign Top","Calibri",32000,37134,5134,0,4
"Sign Top","Cambria",34652,78552,43900,2,2
"Sign Top","Calibri",165854,200911,35057,4,1
"Sign Bottom","Cambria",33105,53568,20463,5,8
"Sign Top","Calibri",37751,67913,30162,1,3
"Sign Top","Calibri",60000,66184,6184,0,4
"Sign Top","Calibri",104790,113399,8609,0,9
"Sign Bottom","Cambria",23971,63809,39838,1,9
"Sign Bottom","Cambria",51392,68754,17362,2,4
"Sign Bottom","Calibri",61972,99335,37363,2,5
"Sign Bottom","Calibri",56408,59868,3460,8,8
"Sign Bottom","Calibri",120928,150992,30064,8,2
"Sign Bottom","Calibri",40841,51749,10908,1,9
"Sign Bottom","Cambria",95692,138576,42884,2,6
"Sign Bottom","Calibri",43535,50119,6584,5,9
"Sign Top","Calibri",1500,13401,11901,0,1
"Sign Top","Cambria",75997,100098,24101,7,8
"Sign Bottom","Calibri",12468,58930,46462,8,0
"Sign Bottom","Cambria",42136,62733,20597,6,3
"Sign Top","Calibri",150000,194240,44240,0,0
"Sign Bottom","Cambria",62330,100393,38063,0,3
"Sign Bottom","Calibri",43203,79077,35874,3,7
"Sign Bottom","Cambria",12303,19953,7650,3,3
"Sign Bottom","Cambria",91686,107386,15700,6,6
"Sign Top","Cambria",70533,88399,17866,3,9
"Sign Bottom","Cambria",34860,42848,7988,0,8
"Sign Top","Calibri",53786,100595,46809,6,5
"Sign Bottom","Cambria",6319,7972,1653,9,2
"Sign Top","Calibri",61000,83064,22064,0,4
"Sign Top","Calibri",110000,113651,3651,0,1
"Sign Top","Calibri",8000,54697,46697,0,7
"Sign Bottom","Cambria",359700,380114,20414,0,4
"Sign Bottom","Calibri",79051,85231,6180,1,1
"Sign Bottom","Cambria",34234,62565,28331,4,5
"Sign Bottom","Cambria",67893,97986,30093,3,6
"Sign Top","Calibri",53800,88253,34453,0,3
"Sign Bottom","Calibri",116477,150232,33755,7,2
"Sign Bottom","Calibri",85625,113944,28319,5,4
"Sign Bottom","Cambria",83676,84433,757,6,3
"Sign Bottom","Cambria",65142,84333,19191,2,3
"Sign Bottom","Calibri",81315,125128,43813,5,8
"Sign Bottom","Calibri",128005,139603,11598,5,3
"Sign Top","Cambria",60902,69706,8804,2,6
"Sign Top","Cambria",30509,36024,5515,9,4
"Sign Top","Cambria",28483,43510,15027,3,0
"Sign Bottom","Calibri",149399,151537,2138,9,7
"Sign Bottom","Cambria",53138,89328,36190,8,8
"Sign Top","Calibri",8,41963,41955,8,3
"Sign Top","Cambria",75673,119505,43832,3,5
"Sign Top","Cambria",120361,160458,40097,1,8
"Sign Top","Cambria",55173,90354,35181,3,4
"Sign Bottom","Calibri",94671,96457,1786,1,7
"Sign Bottom","Cambria",135739,167157,31418,9,7
"Sign Top","Calibri",186000,188834,2834,0,4
"Sign Top","Cambria",81980,102746,20766,0,6
"Sign Top","Cambria",308,7907,7599,8,7
"Sign Top","Cambria",114934,152914,37980,4,4
"Sign Bottom","Cambria",80204,96897,16693,4,7
"Sign Bottom","Cambria",31886,49988,18102,6,8
"Sign Bottom","Calibri",104775,123521,18746,5,1
"Sign Top","Calibri",14800,31137,16337,0,7
"Sign Top","Cambria",961,1504,543,1,4
"Sign Top","Calibri",100,23359,23259,0,9
"Sign Top","Calibri",12128,22941,10813,8,1
"Sign Top","Cambria",55088,92572,37484,8,2
"Sign Top","Cambria",39477,88384,48907,7,4
"Sign Top","Cambria",4307,34338,30031,7,8
"Sign Top","Cambria",24944,37047,12103,4,7
"Sign Bottom","Calibri",64882,90535,25653,2,5
"Sign Top","Cambria",9239,37256,28017,9,6
"Sign Bottom","Cambria",5538,28436,22898,8,6
"Sign Bottom","Cambria",128911,173055,44144,1,5
"Sign Top","Calibri",134000,152824,18824,0,4
"Sign Top","Calibri",50000,98861,48861,0,1
"Sign Top","Cambria",220298,238283,17985,8,3
"Sign Top","Calibri",8000,49327,41327,0,7
"Sign Top","Calibri",130000,144380,14380,0,0
"Sign Bottom","Cambria",93170,124827,31657,0,7
"Sign Top","Cambria",36767,64595,27828,7,5
"Sign Bottom","Calibri",81795,130515,48720,5,5
"Sign Top","Cambria",185739,189533,3794,9,3
"Sign Bottom","Calibri",85369,127593,42224,9,3
"Sign Top","Calibri",102071,148534,46463,1,4
"Sign Top","Cambria",43534,92869,49335,4,9
"Sign Top","Calibri",6,30153,30147,6,3
"Sign Top","Calibri",25100,72751,47651,0,1
"Sign Top","Calibri",90453,119503,29050,3,3
"Sign Top","Cambria",82042,129133,47091,2,3
"Sign Top","Calibri",80000,98635,18635,0,5
"Sign Bottom","Cambria",55552,104611,49059,2,1
"Sign Bottom","Calibri",196832,205705,8873,2,5
"Sign Top","Cambria",69729,79118,9389,9,8
"Sign Top","Cambria",651,31950,31299,1,0
"Sign Bottom","Cambria",34078,34280,202,8,0
"Sign Top","Calibri",173253,215360,42107,3,0
"Sign Top","Calibri",118491,132688,14197,1,8
"Sign Top","Calibri",3200,11156,7956,0,6
"Sign Top","Cambria",15648,54859,39211,8,9
"Sign Bottom","Cambria",20486,67116,46630,6,6
"Sign Top","Cambria",65315,104731,39416,5,1
"Sign Top","Cambria",102586,123432,20846,6,2
"Sign Top","Cambria",39120,79849,40729,0,9
"Sign Top","Calibri",54946,76032,21086,6,2
"Sign Top","Cambria",35046,80203,45157,6,3
"Sign Bottom","Cambria",39337,89101,49764,7,1
"Sign Bottom","Cambria",101715,143800,42085,5,0
"Sign Bottom","Cambria",17137,53418,36281,7,8
"Sign Bottom","Cambria",142862,178888,36026,2,8
"Sign Bottom","Calibri",79872,92353,12481,2,3
"Sign Top","Cambria",151752,187333,35581,2,3
"Sign Top","Cambria",88037,96222,8185,7,2
"Sign Bottom","Cambria",72565,108733,36168,5,3
"Sign Bottom","Calibri",85270,87231,1961,0,1
"Sign Top","Calibri",115000,144685,29685,0,5
"Sign Top","Calibri",59200,77223,18023,0,3
"Sign Top","Cambria",76800,102946,26146,0,6
"Sign Top","Cambria",155250,176310,21060,0,0
"Sign Top","Cambria",37094,70767,33673,4,7
"Sign Bottom","Cambria",165661,215636,49975,1,6
"Sign Top","Calibri",118730,158137,39407,0,7
"Sign Bottom","Calibri",36472,72837,36365,2,7
"Sign Bottom","Cambria",66362,74275,7913,2,5
"Sign Top","Calibri",135100,155545,20445,0,5
"Sign Top","Cambria",10083,49284,39201,3,4
"Sign Top","Calibri",121953,142118,20165,3,8
"Sign Top","Calibri",9000,34846,25846,0,6
"Sign Top","Cambria",192660,220597,27937,0,7
"Sign Top","Calibri",76131,89517,13386,1,7
"Sign Bottom","Cambria",49839,76593,26754,9,3
"Sign Bottom","Cambria",33330,37272,3942,0,2
"Sign Bottom","Cambria",44008,52702,8694,8,2
"Sign Top","Calibri",102922,134157,31235,2,7
"Sign Top","Calibri",154000,179892,25892,0,2
"Sign Top","Cambria",55338,60039,4701,8,9
"Sign Top","Calibri",103016,104141,1125,6,1
"Sign Bottom","Calibri",98562,120003,21441,2,3
"Sign Bottom","Calibri",66189,105022,38833,9,2
"Sign Bottom","Cambria",210179,242651,32472,9,1
"Sign Bottom","Calibri",14000,19609,5609,0,9
"Sign Top","Cambria",5367,19716,14349,7,6
"Sign Top","Cambria",47822,48815,993,2,5
"Sign Bottom","Calibri",18569,32861,14292,9,1
"Sign Top","Cambria",28612,36827,8215,2,7
"Sign Top","Cambria",19438,39065,19627,8,5
"Sign Bottom","Cambria",3019,18609,15590,9,9
"Sign Bottom","Cambria",73559,77081,3522,9,1
"Sign Bottom","Cambria",91597,111692,20095,7,2
"Sign Top","Calibri",61300,81500,20200,0,0
"Sign Top","Cambria",102670,116766,14096,0,6
"Sign Bottom","Calibri",63579,71761,8182,9,1
"Sign Top","Cambria",212705,227344,14639,5,4
"Sign Top","Cambria",70506,70551,45,6,1
"Sign Bottom","Cambria",88940,129872,40932,0,2
"Sign Top","Calibri",42000,59719,17719,0,9
"Sign Bottom","Calibri",119632,164581,44949,2,1
"Sign Top","Cambria",55681,62123,6442,1,3
"Sign Top","Calibri",138736,149453,10717,6,3
"Sign Bottom","Cambria",112992,137129,24137,2,9
"Sign Top","Calibri",205000,205165,165,0,5
"Sign Top","Calibri",57000,71550,14550,0,0
"Sign Top","Cambria",54897,74420,19523,7,0
"Sign Top","Cambria",9680,10762,1082,0,2
"Sign Top","Cambria",19873,43357,23484,3,7
"Sign Bottom","Calibri",48260,60116,11856,0,6
"Sign Top","Calibri",5570,31481,25911,0,1
"Sign Bottom","Calibri",80504,89275,8771,4,5
"Sign Top","Cambria",14292,41390,27098,2,0
"Sign Top","Cambria",97445,121381,23936,5,1
"Sign Bottom","Calibri",22180,41524,19344,0,4
"Sign Top","Calibri",28000,48980,20980,0,0
"Sign Top","Calibri",83150,110437,27287,0,7
"Sign Top","Cambria",46978,96675,49697,8,5
"Sign Bottom","Cambria",67724,70060,2336,4,0
"Sign Bottom","Cambria",18025,23758,5733,5,8
"Sign Bottom","Cambria",40142,85853,45711,2,3
"Sign Bottom","Calibri",74328,113119,38791,8,9
"Sign Top","Calibri",50000,62568,12568,0,8
"Sign Bottom","Calibri",49309,71003,21694,9,3
"Sign Top","Calibri",29000,71579,42579,0,9
"Sign Bottom","Cambria",54291,84916,30625,1,6
"Sign Bottom","Calibri",74083,120346,46263,3,6
"Sign Top","Cambria",12283,35404,23121,3,4
"Sign Bottom","Calibri",180360,195018,14658,0,8
"Sign Bottom","Calibri",35913,60833,24920,3,3
"Sign Top","Cambria",32247,41614,9367,7,4
"Sign Top","Calibri",102795,109405,6610,5,5
"Sign Top","Cambria",253023,259066,6043,3,6
"Sign Bottom","Calibri",42900,55813,12913,0,3
"Sign Bottom","Cambria",158344,161644,3300,4,4
"Sign Bottom","Cambria",20935,66474,45539,5,4
"Sign Top","Calibri",10143,51708,41565,3,8
"Sign Top","Cambria",96086,131552,35466,6,2
"Sign Bottom","Cambria",40732,61643,20911,2,3
"Sign Bottom","Cambria",23635,68045,44410,5,5
"Sign Bottom","Cambria",40466,88610,48144,6,0
"Sign Top","Cambria",3591,40730,37139,1,0
"Sign Top","Cambria",83659,128562,44903,9,2
"Sign Bottom","Cambria",70545,74018,3473,5,8
"Sign Bottom","Cambria",73839,108944,35105,9,4
"Sign Bottom","Calibri",85000,116225,31225,0,5
"Sign Bottom","Cambria",39999,40922,923,9,2
"Sign Top","Cambria",95983,132607,36624,3,7
"Sign Bottom","Cambria",31693,56887,25194,3,7
"Sign Bottom","Calibri",98750,141976,43226,0,6
"Sign Top","Cambria",108569,141648,33079,9,8
"Sign Top","Calibri",22074,22611,537,4,1
"Sign Bottom","Cambria",1940,3883,1943,0,3
"Sign Bottom","Calibri",89000,94970,5970,0,0
"Sign Top","Cambria",90865,136175,45310,5,5
"Sign Bottom","Cambria",64916,67813,2897,6,3
"Sign Top","Cambria",1140,34340,33200,0,0
"Sign Bottom","Calibri",1936,16149,14213,6,9
"Sign Bottom","Calibri",175549,205811,30262,9,1
"Sign Top","Cambria",4169,44683,40514,9,3
"Sign Top","Cambria",200132,217599,17467,2,9
"Sign Top","Cambria",30447,75552,45105,7,2
"Sign Top","Calibri",67000,109361,42361,0,1
"Sign Top","Cambria",23607,45922,22315,7,2
"Sign Bottom","Cambria",86201,100956,14755,1,6
"Sign Bottom","Cambria",4339,54309,49970,9,9
"Sign Top","Calibri",31822,53921,22099,2,1
"Sign Bottom","Cambria",40198,43778,3580,8,8
"Sign Bottom","Cambria",14181,37797,23616,1,7
"Sign Bottom","Cambria",163034,171402,8368,4,2
"Sign Bottom","Cambria",109061,146663,37602,1,3
"Sign Top","Calibri",82000,104348,22348,0,8
"Sign Top","Cambria",4632,16213,11581,2,3
"Sign Bottom","Calibri",54588,57254,2666,8,4
"Sign Bottom","Calibri",56000,92831,36831,0,1
"Sign Bottom","Calibri",120213,160716,40503,3,6
"Sign Bottom","Cambria",123178,143815,20637,8,5
"Sign Top","Cambria",36449,51671,15222,9,1
"Sign Top","Cambria",17328,56593,39265,8,3
"Sign Top","Cambria",234,32257,32023,4,7
"Sign Top","Calibri",74029,113667,39638,9,7
"Sign Top","Cambria",200233,247039,46806,3,9
"Sign Top","Cambria",160736,169178,8442,6,8
"Sign Top","Calibri",60000,108016,48016,0,6
"Sign Top","Cambria",25053,34425,9372,3,5
"Sign Bottom","Calibri",171725,187660,15935,5,0
"Sign Top","Cambria",8467,53132,44665,7,2
"Sign Bottom","Cambria",148518,167127,18609,8,7
"Sign Top","Cambria",154906,183751,28845,6,1
"Sign Top","Calibri",17000,54698,37698,0,8
"Sign Bottom","Cambria",22635,35471,12836,5,1
"Sign Bottom","Calibri",90599,125390,34791,9,0
"Sign Top","Cambria",100492,124922,24430,2,2
"Sign Bottom","Cambria",78387,108877,30490,7,7
"Sign Top","Calibri",122157,159237,37080,7,7
"Sign Bottom","Calibri",53999,84895,30896,9,5
"Sign Bottom","Cambria",73665,119702,46037,5,2
"Sign Top","Cambria",21559,27245,5686,9,5
"Sign Bottom","Cambria",34708,81335,46627,8,5
"Sign Top","Calibri",0,40473,40473,0,3
"Sign Top","Cambria",14637,61125,46488,7,5
"Sign Top","Calibri",14,35855,35841,4,5
"Sign Top","Calibri",43000,89729,46729,0,9
"Sign Top","Cambria",76766,79772,3006,6,2
"Sign Top","Cambria",184,1683,1499,4,3
"Sign Bottom","Calibri",131350,134068,2718,0,8
"Sign Top","Calibri",170120,192751,22631,0,1
"Sign Top","Cambria",66791,90178,23387,1,8
"Sign Top","Calibri",78000,99693,21693,0,3
"Sign Bottom","Calibri",61265,98605,37340,5,5
"Sign Top","Cambria",70209,94836,24627,9,6
"Sign Top","Calibri",40000,80835,40835,0,5
"Sign Top","Cambria",162424,187149,24725,4,9
"Sign Bottom","Calibri",16356,61420,45064,6,0
"Sign Top","Calibri",47650,74919,27269,0,9
"Sign Top","Calibri",148787,165799,17012,7,9
"Sign Bottom","Cambria",117727,125622,7895,7,2
"Sign Top","Calibri",185000,229756,44756,0,6
"Sign Top","Calibri",74600,97124,22524,0,4
"Sign Top","Cambria",8278,53412,45134,8,2
"Sign Bottom","Cambria",77984,85303,7319,4,3
"Sign Top","Calibri",42000,46203,4203,0,3
"Sign Bottom","Cambria",36513,82090,45577,3,0
"Sign Bottom","Cambria",63042,101705,38663,2,5
"Sign Top","Cambria",41680,48428,6748,0,8
"Sign Bottom","Calibri",61200,97475,36275,0,5
"Sign Top","Calibri",59056,64046,4990,6,6
"Sign Top","Cambria",11440,54113,42673,0,3
"Sign Bottom","Calibri",7275,28053,20778,5,3
"Sign Top","Calibri",64000,92750,28750,0,0
"Sign Bottom","Calibri",21592,29798,8206,2,8
"Sign Top","Cambria",24773,27341,2568,3,1
"Sign Top","Calibri",148999,160934,11935,9,4
"Sign Top","Calibri",77000,121402,44402,0,2
"Sign Bottom","Cambria",28911,68036,39125,1,6
"Sign Bottom","Calibri",118563,138379,19816,3,9
"Sign Bottom","Cambria",33133,35958,2825,3,8
"Sign Top","Calibri",32070,57363,25293,0,3
"Sign Bottom","Calibri",7691,57567,49876,1,7
"Sign Bottom","Cambria",6809,23195,16386,9,5
"Sign Bottom","Cambria",59099,71600,12501,9,0
"Sign Top","Calibri",13900,46288,32388,0,8
"Sign Bottom","Calibri",64924,102198,37274,4,8
"Sign Bottom","Cambria",51574,58001,6427,4,1
"Sign Bottom","Calibri",17499,53776,36277,9,6
"Sign Bottom","Cambria",53679,67101,13422,9,1
"Sign Bottom","Calibri",65238,77898,12660,8,8
"Sign Top","Calibri",33522,58067,24545,2,7
"Sign Top","Calibri",6300,39821,33521,0,1
"Sign Bottom","Cambria",55868,72460,16592,8,0
"Sign Bottom","Cambria",121408,130904,9496,8,4
"Sign Bottom","Calibri",11994,30289,18295,4,9
"Sign Bottom","Calibri",172974,191370,18396,4,0
"Sign Bottom","Cambria",37392,62022,24630,2,2
"Sign Bottom","Calibri",99321,146840,47519,1,0
"Sign Bottom","Cambria",56086,56390,304,6,0
"Sign Top","Calibri",110000,148484,38484,0,4
"Sign Bottom","Cambria",31388,34931,3543,8,1
"Sign Top","Cambria",61028,97481,36453,8,1
"Sign Top","Cambria",164935,165875,940,5,5
"Sign Top","Calibri",0,14900,14900,0,0
"Sign Bottom","Calibri",7041,52657,45616,1,7
"Sign Top","Cambria",33534,77718,44184,4,8
"Sign Top","Cambria",46463,74885,28422,3,5
"Sign Bottom","Cambria",14135,60437,46302,5,7
"Sign Top","Calibri",78256,121674,43418,6,4
"Sign Top","Cambria",8457,54150,45693,7,0
"Sign Bottom","Calibri",75557,116510,40953,7,0
"Sign Top","Calibri",68109,85592,17483,9,2
"Sign Top","Calibri",32,39744,39712,2,4
"Sign Top","Cambria",55650,75165,19515,0,5
"Sign Bottom","Cambria",55052,60020,4968,2,0
"Sign Top","Cambria",35391,76279,40888,1,9
"Sign Top","Cambria",65065,66528,1463,5,8
"Sign Bottom","Calibri",211566,219643,8077,6,3
"Sign Bottom","Calibri",22478,26236,3758,8,6
"Sign Top","Calibri",174854,214620,39766,4,0
"Sign Top","Cambria",53315,97699,44384,5,9
"Sign Bottom","Calibri",132964,156235,23271,4,5
"Sign Top","Cambria",123763,146150,22387,3,0
"Sign Bottom","Calibri",102315,146176,43861,5,6
"Sign Bottom","Calibri",21478,24329,2851,8,9
"Sign Bottom","Cambria",60065,108775,48710,5,5
"Sign Top","Cambria",99529,110567,11038,9,7
"Sign Bottom","Cambria",157790,167020,9230,0,0
"Sign Bottom","Calibri",145624,178149,32525,4,9
"Sign Bottom","Calibri",130484,134640,4156,4,0
"Sign Top","Cambria",56446,90207,33761,6,7
"Sign Bottom","Calibri",134720,162679,27959,0,9
"Sign Top","Calibri",94000,112305,18305,0,5
"Sign Bottom","Calibri",211032,253880,42848,2,0
"Sign Top","Calibri",37196,80820,43624,6,0
"Sign Bottom","Calibri",88154,118350,30196,4,0
"Sign Top","Calibri",67537,76174,8637,7,4
"Sign Bottom","Calibri",86318,117347,31029,8,7
"Sign Bottom","Calibri",40057,75720,35663,7,0
"Sign Bottom","Calibri",46003,94363,48360,3,3
"Sign Bottom","Calibri",15057,41443,26386,7,3
"Sign Bottom","Cambria",111587,159616,48029,7,6
"Sign Top","Cambria",51785,61413,9628,5,3
"Sign Top","Cambria",99629,121104,21475,9,4
"Sign Top","Cambria",91308,127350,36042,8,0
"Sign Bottom","Calibri",602368,608027,5659,8,7
"Sign Top","Calibri",170000,200539,30539,0,9
"Sign Top","Cambria",80995,98410,17415,5,0
"Sign Bottom","Calibri",77941,109924,31983,1,4
"Sign Bottom","Calibri",165587,177850,12263,7,0
"Sign Top","Cambria",122975,166482,43507,5,2
"Sign Bottom","Calibri",11320,59630,48310,0,0
"Sign Bottom","Calibri",12717,26577,13860,7,7
"Sign Top","Calibri",60000,104709,44709,0,9
"Sign Bottom","Calibri",215000,242749,27749,0,9
"Sign Top","Cambria",175678,176969,1291,8,9
"Sign Top","Calibri",10000,54744,44744,0,4
"Sign Bottom","Calibri",43004,71081,28077,4,1
"Sign Top","Calibri",52000,74375,22375,0,5
"Sign Top","Cambria",59149,85343,26194,9,3
"Sign Bottom","Cambria",55991,59284,3293,1,4
"Sign Bottom","Calibri",33500,69440,35940,0,0
"Sign Bottom","Calibri",8386,40725,32339,6,5
"Sign Bottom","Calibri",171922,193114,21192,2,4
"Sign Top","Calibri",50000,78288,28288,0,8
"Sign Top","Calibri",41000,46188,5188,0,8
"Sign Top","Calibri",26000,53508,27508,0,8
"Sign Bottom","Calibri",53439,73572,20133,9,2
"Sign Top","Cambria",6307,33861,27554,7,1
"Sign Top","Cambria",67751,89824,22073,1,4
"Sign Bottom","Cambria",2559,39750,37191,9,0
"Sign Bottom","Cambria",54454,57135,2681,4,5
"Sign Top","Calibri",118337,124400,6063,7,0
"Sign Top","Calibri",24617,65483,40866,7,3
"Sign Bottom","Cambria",165735,165834,99,5,4
"Sign Bottom","Cambria",74933,96084,21151,3,4
"Sign Top","Calibri",87599,131330,43731,9,0
"Sign Bottom","Calibri",51958,100493,48535,8,3
"Sign Bottom","Cambria",97606,118902,21296,6,2
"Sign Bottom","Calibri",39700,51775,12075,0,5
"Sign Top","Calibri",117093,155241,38148,3,1
"Sign Bottom","Cambria",115420,116362,942,0,2
"Sign Bottom","Calibri",146995,158573,11578,5,3
"Sign Top","Calibri",91057,135775,44718,7,5
"Sign Bottom","Cambria",34724,37945,3221,4,5
"Sign Bottom","Cambria",35466,44331,8865,6,1
"Sign Top","Calibri",60875,103171,42296,5,1
"Sign Top","Calibri",20464,25556,5092,4,6
"Sign Top","Cambria",77795,123657,45862,5,7
"Sign Top","Cambria",35125,56647,21522,5,7
"Sign Top","Cambria",132625,144269,11644,5,9
"Sign Top","Calibri",328549,378134,49585,9,4
"Sign Top","Cambria",206553,233624,27071,3,4
"Sign Top","Cambria",81475,114983,33508,5,3
"Sign Top","Cambria",20661,44887,24226,1,7
"Sign Bottom","Calibri",217085,258329,41244,5,9
"Sign Bottom","Cambria",75245,97650,22405,5,0
"Sign Bottom","Cambria",114977,147194,32217,7,4
"Sign Bottom","Calibri",30213,41348,11135,3,8
"Sign Bottom","Cambria",137256,165391,28135,6,1
"Sign Bottom","Cambria",93104,129440,36336,4,0
"Sign Top","Cambria",8746,55784,47038,6,4
"Sign Top","Cambria",147194,167870,20676,4,0
"Sign Top","Cambria",10463,57331,46868,3,1
"Sign Bottom","Cambria",56909,105211,48302,9,1
"Sign Bottom","Calibri",7223,54753,47530,3,3
"Sign Bottom","Calibri",129879,171337,41458,9,7
"Sign Top","Cambria",30209,73733,43524,9,3
"Sign Top","Cambria",7190,46545,39355,0,5
"Sign Bottom","Cambria",44594,80125,35531,4,5
"Sign Bottom","Cambria",57860,63026,5166,0,6
"Sign Bottom","Calibri",18500,59621,41121,0,1
"Sign Bottom","Cambria",90695,109282,18587,5,2
"Sign Top","Cambria",21479,51866,30387,9,6
"Sign Top","Cambria",98215,130612,32397,5,2
"Sign Top","Cambria",16337,55049,38712,7,9
"Sign Bottom","Cambria",748,48140,47392,8,0
"Sign Bottom","Cambria",13770,22415,8645,0,5
"Sign Bottom","Cambria",978,2370,1392,8,0
"Sign Bottom","Cambria",82907,97141,14234,7,1
"Sign Bottom","Calibri",25309,34312,9003,9,2
"Sign Bottom","Calibri",27553,43240,15687,3,0
"Sign Top","Calibri",132190,143163,10973,0,3
"Sign Bottom","Cambria",80621,122166,41545,1,6
"Sign Top","Cambria",74984,76359,1375,4,9
"Sign Bottom","Cambria",108749,143711,34962,9,1
"Sign Bottom","Cambria",85337,112400,27063,7,0
"Sign Top","Calibri",215,36052,35837,5,2
"Sign Top","Calibri",130000,146955,16955,0,5
"Sign Top","Cambria",18272,41752,23480,2,2
"Sign Bottom","Cambria",54735,73629,18894,5,9
"Sign Bottom","Calibri",136900,159110,22210,0,0
"Sign Bottom","Calibri",110800,142227,31427,0,7
"Sign Bottom","Calibri",47998,95915,47917,8,5
"Sign Top","Calibri",7519,24313,16794,9,3
"Sign Bottom","Calibri",99291,99942,651,1,2
"Sign Bottom","Calibri",114980,134876,19896,0,6
"Sign Bottom","Cambria",244544,252139,7595,4,9
"Sign Bottom","Calibri",24822,62233,37411,2,3
"Sign Top","Calibri",46200,92450,46250,0,0
"Sign Bottom","Cambria",63917,71214,7297,7,4
"Sign Top","Calibri",21050,47627,26577,0,7
"Sign Top","Cambria",79596,126868,47272,6,8
"Sign Top","Cambria",36197,60345,24148,7,5
"Sign Top","Calibri",29899,42153,12254,9,3
"Sign Bottom","Calibri",176231,212319,36088,1,9
"Sign Top","Cambria",25122,42286,17164,2,6
"Sign Bottom","Calibri",65310,66688,1378,0,8
"Sign Top","Cambria",28841,36074,7233,1,4
"Sign Top","Calibri",119501,148923,29422,1,3
"Sign Top","Calibri",82073,86491,4418,3,1
"Sign Top","Calibri",51316,97019,45703,6,9
"Sign Bottom","Calibri",69236,118877,49641,6,7
"Sign Bottom","Calibri",133727,153414,19687,7,4
"Sign Top","Cambria",71372,93308,21936,2,8
"Sign Bottom","Calibri",110763,113445,2682,3,5
"Sign Top","Cambria",591,30985,30394,1,5
"Sign Bottom","Calibri",39346,75977,36631,6,7
"Sign Bottom","Calibri",37697,45898,8201,7,8
"Sign Bottom","Calibri",65488,102691,37203,8,1
"Sign Bottom","Calibri",1e+05,105117,5117,0,7
"Sign Bottom","Cambria",52632,90907,38275,2,7
"Sign Top","Cambria",27400,71597,44197,0,7
"Sign Bottom","Calibri",79844,85905,6061,4,5
"Sign Bottom","Calibri",40205,84623,44418,5,3
"Sign Bottom","Cambria",179075,184501,5426,5,1
"Sign Bottom","Cambria",840,20174,19334,0,4
"Sign Bottom","Calibri",21360,70401,49041,0,1
"Sign Bottom","Cambria",38095,43843,5748,5,3
"Sign Bottom","Calibri",6516,33958,27442,6,8
"Sign Top","Calibri",19000,44108,25108,0,8
"Sign Bottom","Cambria",91391,126785,35394,1,5
"Sign Top","Cambria",339,38894,38555,9,4
"Sign Bottom","Cambria",80522,89337,8815,2,7
"Sign Top","Cambria",383,2701,2318,3,1
"Sign Top","Calibri",7000,29861,22861,0,1
"Sign Top","Calibri",52111,93758,41647,1,8
"Sign Bottom","Calibri",7885,20199,12314,5,9
"Sign Bottom","Cambria",43042,46685,3643,2,5
"Sign Top","Cambria",21627,26657,5030,7,7
"Sign Top","Calibri",70000,95301,25301,0,1
"Sign Top","Cambria",51354,70961,19607,4,1
"Sign Top","Cambria",25621,45715,20094,1,5
"Sign Bottom","Calibri",114864,122819,7955,4,9
"Sign Top","Calibri",4002,36282,32280,2,2
"Sign Bottom","Calibri",63353,76103,12750,3,3
"Sign Bottom","Calibri",53366,99649,46283,6,9
"Sign Top","Cambria",138369,187655,49286,9,5
"Sign Bottom","Calibri",22301,52279,29978,1,9
"Sign Top","Calibri",59543,76288,16745,3,8
"Sign Bottom","Calibri",29895,31623,1728,5,3
"Sign Top","Calibri",40000,46680,6680,0,0
"Sign Bottom","Cambria",96056,124638,28582,6,8
"Sign Bottom","Cambria",59628,66935,7307,8,5
"Sign Bottom","Cambria",143937,177147,33210,7,7
"Sign Top","Cambria",747,37548,36801,7,8
"Sign Top","Cambria",246679,280624,33945,9,4
"Sign Top","Cambria",8978,14079,5101,8,9
"Sign Bottom","Calibri",31336,34496,3160,6,6
"Sign Bottom","Cambria",85392,134545,49153,2,5
"Sign Top","Cambria",54396,63905,9509,6,5
"Sign Bottom","Calibri",95027,123754,28727,7,4
"Sign Top","Calibri",44312,68319,24007,2,9
"Sign Bottom","Calibri",5478,33917,28439,8,7
"Sign Top","Calibri",0,36786,36786,0,6
"Sign Bottom","Calibri",13330,31006,17676,0,6
"Sign Top","Calibri",10,30125,30115,0,5
"Sign Bottom","Cambria",38087,42898,4811,7,8
"Sign Bottom","Cambria",90132,112665,22533,2,5
"Sign Top","Cambria",75907,118786,42879,7,6
"Sign Bottom","Cambria",4722,44495,39773,2,5
"Sign Bottom","Cambria",125314,135887,10573,4,7
"Sign Top","Cambria",636,46553,45917,6,3
"Sign Top","Cambria",193406,213494,20088,6,4
"Sign Bottom","Calibri",94425,114412,19987,5,2
"Sign Bottom","Calibri",16257,41314,25057,7,4
"Sign Bottom","Cambria",64244,101979,37735,4,9
"Sign Bottom","Calibri",118829,136100,17271,9,0
"Sign Bottom","Calibri",120000,149875,29875,0,5
"Sign Bottom","Calibri",109140,136588,27448,0,8
"Sign Bottom","Calibri",60529,68735,8206,9,5
"Sign Top","Cambria",104385,133008,28623,5,8
"Sign Top","Cambria",13929,35612,21683,9,2
"Sign Bottom","Calibri",33987,34213,226,7,3
"Sign Bottom","Cambria",269077,295983,26906,7,3
"Sign Top","Calibri",23749,25870,2121,9,0
"Sign Bottom","Calibri",31000,59105,28105,0,5
"Sign Bottom","Calibri",52950,101563,48613,0,3
"Sign Top","Calibri",54000,99961,45961,0,1
"Sign Bottom","Calibri",52181,96738,44557,1,8
"Sign Top","Cambria",9766,31099,21333,6,9
"Sign Top","Calibri",140000,157486,17486,0,6
"Sign Top","Calibri",48623,73622,24999,3,2
"Sign Bottom","Cambria",6481,15053,8572,1,3
"Sign Top","Calibri",110000,114163,4163,0,3
"Sign Bottom","Calibri",29331,72043,42712,1,3
"Sign Top","Calibri",98138,146000,47862,8,0
"Sign Top","Calibri",103000,123253,20253,0,3
"Sign Top","Cambria",257,12492,12235,7,2
"Sign Top","Cambria",92345,142134,49789,5,4
"Sign Bottom","Calibri",75016,76431,1415,6,1
"Sign Top","Cambria",7283,21517,14234,3,7
"Sign Bottom","Calibri",163785,201877,38092,5,7
"Sign Bottom","Cambria",12339,14822,2483,9,2
"Sign Bottom","Cambria",8656,54385,45729,6,5
"Sign Top","Calibri",35000,58977,23977,0,7
"Sign Top","Cambria",79085,96476,17391,5,6
"Sign Bottom","Calibri",40245,66576,26331,5,6
"Sign Bottom","Cambria",145326,194311,48985,6,1
"Sign Bottom","Cambria",2421,19355,16934,1,5
"Sign Top","Cambria",62389,104909,42520,9,9
"Sign Bottom","Calibri",71276,91146,19870,6,6
"Sign Bottom","Cambria",41625,47282,5657,5,2
"Sign Top","Calibri",11000,36254,25254,0,4
"Sign Bottom","Calibri",55991,77191,21200,1,1
"Sign Bottom","Calibri",132461,148355,15894,1,5
"Sign Bottom","Cambria",37113,44786,7673,3,6
"Sign Top","Cambria",50174,60939,10765,4,9
"Sign Bottom","Calibri",159020,176319,17299,0,9
"Sign Top","Cambria",131265,151813,20548,5,3
"Sign Bottom","Cambria",74982,95555,20573,2,5
"Sign Top","Cambria",965,12353,11388,5,3
"Sign Bottom","Calibri",38500,52793,14293,0,3
"Sign Top","Calibri",142494,156680,14186,4,0
"Sign Bottom","Cambria",74084,115085,41001,4,5
"Sign Top","Cambria",1096,16005,14909,6,5
"Sign Bottom","Cambria",1399,17551,16152,9,1
"Sign Bottom","Cambria",44437,60300,15863,7,0
"Sign Top","Calibri",100562,122585,22023,2,5
"Sign Top","Cambria",168101,191614,23513,1,4
"Sign Top","Calibri",107965,156132,48167,5,2
"Sign Bottom","Cambria",46519,53705,7186,9,5
"Sign Top","Calibri",23459,53313,29854,9,3
"Sign Top","Calibri",34961,69858,34897,1,8
"Sign Bottom","Calibri",66055,91150,25095,5,0
"Sign Top","Cambria",49465,73883,24418,5,3
"Sign Top","Calibri",21039,42963,21924,9,3
"Sign Top","Calibri",49123,74722,25599,3,2
"Sign Bottom","Calibri",186168,216399,30231,8,9
"Sign Bottom","Cambria",112900,130621,17721,0,1
"Sign Bottom","Calibri",6068,43184,37116,8,4
"Sign Top","Cambria",6380,29933,23553,0,3
"Sign Top","Cambria",21355,70614,49259,5,4
"Sign Top","Calibri",125000,151644,26644,0,4
"Sign Top","Calibri",10400,16510,6110,0,0
"Sign Top","Calibri",56153,92871,36718,3,1
"Sign Bottom","Cambria",7334,44757,37423,4,7
"Sign Bottom","Cambria",41099,47191,6092,9,1
"Sign Bottom","Calibri",37942,48517,10575,2,7
"Sign Bottom","Cambria",21338,56806,35468,8,6
"Sign Bottom","Cambria",162600,169844,7244,0,4
"Sign Bottom","Calibri",71830,103882,32052,0,2
"Sign Top","Calibri",66500,98237,31737,0,7
"Sign Top","Cambria",70419,74127,3708,9,7
"Sign Top","Calibri",79182,92207,13025,2,7
"Sign Bottom","Cambria",155015,162451,7436,5,1
"Sign Bottom","Calibri",182626,200650,18024,6,0
"Sign Top","Calibri",9520,54876,45356,0,6
"Sign Bottom","Calibri",94776,140087,45311,6,7
"Sign Top","Cambria",44,1391,1347,4,1
"Sign Top","Cambria",90682,97434,6752,2,4
"Sign Top","Cambria",9536,46228,36692,6,8
"Sign Bottom","Calibri",91987,107369,15382,7,9
"Sign Top","Cambria",12852,54949,42097,2,9
"Sign Bottom","Calibri",10907,33429,22522,7,9
"Sign Top","Cambria",21391,44747,23356,1,7
"Sign Bottom","Cambria",15995,42132,26137,5,2
"Sign Top","Calibri",130000,155881,25881,0,1
"Sign Top","Cambria",100587,130450,29863,7,0
"Sign Top","Calibri",72982,117242,44260,2,2
"Sign Bottom","Calibri",137599,173740,36141,9,0
"Sign Top","Cambria",125195,162765,37570,5,5
"Sign Top","Cambria",50855,72544,21689,5,4
"Sign Top","Calibri",250,49515,49265,0,5
"Sign Bottom","Calibri",166891,190214,23323,1,4
"Sign Bottom","Cambria",52725,86472,33747,5,2
"Sign Bottom","Cambria",38453,65488,27035,3,8
"Sign Top","Cambria",541,2228,1687,1,8
"Sign Top","Calibri",40000,61471,21471,0,1
"Sign Bottom","Calibri",56591,97593,41002,1,3
"Sign Top","Calibri",70850,108510,37660,0,0
"Sign Top","Calibri",0,20452,20452,0,2
"Sign Top","Cambria",167874,189248,21374,4,8
"Sign Top","Cambria",20346,31326,10980,6,6
"Sign Top","Cambria",25752,55961,30209,2,1
"Sign Top","Calibri",36953,83081,46128,3,1
"Sign Bottom","Cambria",98421,144363,45942,1,3
"Sign Top","Cambria",72623,91175,18552,3,5
"Sign Bottom","Cambria",141533,155555,14022,3,5
"Sign Bottom","Cambria",117814,129631,11817,4,1
"Sign Bottom","Cambria",37618,45962,8344,8,2
"Sign Bottom","Calibri",149778,152291,2513,8,1
"Sign Bottom","Cambria",61513,87371,25858,3,1
"Sign Top","Calibri",77176,105081,27905,6,1
"Sign Top","Calibri",6821,50332,43511,1,2
"Sign Bottom","Cambria",173165,199517,26352,5,7
"Sign Bottom","Cambria",110899,150978,40079,9,8
"Sign Top","Calibri",154017,156195,2178,7,5
"Sign Bottom","Cambria",111055,153777,42722,5,7
"Sign Top","Cambria",833,40687,39854,3,7
"Sign Top","Calibri",132000,181902,49902,0,2
"Sign Bottom","Cambria",27992,49683,21691,2,3
"Sign Bottom","Cambria",61866,100020,38154,6,0
"Sign Bottom","Cambria",16223,31514,15291,3,4
"Sign Bottom","Cambria",83975,98654,14679,5,4
"Sign Bottom","Calibri",105455,121480,16025,5,0
"Sign Top","Cambria",53902,103345,49443,2,5
"Sign Bottom","Calibri",35250,79620,44370,0,0
"Sign Bottom","Cambria",51327,52905,1578,7,5
"Sign Top","Calibri",19717,48383,28666,7,3
"Sign Top","Cambria",87472,122611,35139,2,1
"Sign Top","Cambria",112836,140253,27417,6,3
"Sign Top","Cambria",124,18905,18781,4,5
"Sign Top","Cambria",72168,81845,9677,8,5
"Sign Bottom","Cambria",64815,106800,41985,5,0
"Sign Bottom","Cambria",67704,116811,49107,4,1
"Sign Bottom","Calibri",105639,117461,11822,9,1
"Sign Top","Cambria",15978,61475,45497,8,5
"Sign Top","Cambria",383,17406,17023,3,6
"Sign Bottom","Calibri",73261,104877,31616,1,7
"Sign Bottom","Calibri",38244,73993,35749,4,3
"Sign Bottom","Cambria",86527,95182,8655,7,2
"Sign Top","Cambria",15239,42576,27337,9,6
"Sign Bottom","Calibri",78058,120318,42260,8,8
"Sign Bottom","Cambria",232837,277684,44847,7,4
"Sign Top","Cambria",29479,64941,35462,9,1
"Sign Top","Cambria",44407,56660,12253,7,0
"Sign Top","Cambria",65447,95825,30378,7,5
"Sign Bottom","Calibri",87715,95520,7805,5,0
"Sign Top","Calibri",261,33649,33388,1,9
"Sign Top","Calibri",69936,90706,20770,6,6
"Sign Bottom","Cambria",50224,80979,30755,4,9
"Sign Bottom","Cambria",53312,95536,42224,2,6
"Sign Top","Cambria",64635,85427,20792,5,7
"Sign Bottom","Calibri",55930,63205,7275,0,5
"Sign Bottom","Calibri",78358,114287,35929,8,7
"Sign Top","Cambria",90308,129905,39597,8,5
"Sign Top","Cambria",50426,93977,43551,6,7
"Sign Top","Calibri",72000,105249,33249,0,9
"Sign Top","Calibri",36,40663,40627,6,3
"Sign Bottom","Cambria",17701,22623,4922,1,3
"Sign Top","Cambria",27957,72283,44326,7,3
"Sign Bottom","Cambria",131439,163476,32037,9,6
"Sign Bottom","Cambria",132816,136602,3786,6,2
"Sign Bottom","Cambria",80218,98484,18266,8,4
"Sign Top","Calibri",130747,157175,26428,7,5
"Sign Top","Calibri",70000,84566,14566,0,6
"Sign Bottom","Calibri",69250,74440,5190,0,0
"Sign Bottom","Cambria",148780,176669,27889,0,9
"Sign Bottom","Calibri",88568,102191,13623,8,1
"Sign Bottom","Cambria",37317,46869,9552,7,9
"Sign Top","Calibri",23000,27660,4660,0,0
"Sign Bottom","Cambria",58863,78948,20085,3,8
"Sign Bottom","Calibri",43179,59008,15829,9,8
"Sign Top","Calibri",32757,34569,1812,7,9
"Sign Top","Calibri",130400,171426,41026,0,6
"Sign Top","Calibri",39242,84735,45493,2,5
"Sign Top","Calibri",83036,91286,8250,6,6
"Sign Bottom","Calibri",62789,90279,27490,9,9
"Sign Top","Cambria",61757,89058,27301,7,8
"Sign Bottom","Cambria",181592,216511,34919,2,1
"Sign Bottom","Cambria",150411,191086,40675,1,6
"Sign Bottom","Cambria",56644,60416,3772,4,6
"Sign Bottom","Calibri",75657,79293,3636,7,3
"Sign Bottom","Cambria",40746,55235,14489,6,5
"Sign Bottom","Calibri",44911,69712,24801,1,2
"Sign Top","Cambria",87406,113432,26026,6,2
"Sign Top","Cambria",16010,21313,5303,0,3
"Sign Top","Cambria",120930,153599,32669,0,9
"Sign Bottom","Calibri",23754,57011,33257,4,1
"Sign Top","Calibri",45000,60017,15017,0,7
"Sign Bottom","Cambria",178593,188738,10145,3,8
"Sign Top","Calibri",230077,273626,43549,7,6
"Sign Top","Cambria",32208,71385,39177,8,5
"Sign Bottom","Calibri",130157,162030,31873,7,0
"Sign Bottom","Cambria",53115,65113,11998,5,3
"Sign Top","Calibri",101042,146605,45563,2,5
"Sign Top","Cambria",16703,55095,38392,3,5
"Sign Top","Calibri",43502,90612,47110,2,2
"Sign Top","Cambria",17731,64127,46396,1,7
"Sign Bottom","Cambria",68903,84905,16002,3,5
"Sign Top","Calibri",165000,178789,13789,0,9
"Sign Bottom","Cambria",33237,64551,31314,7,1
"Sign Top","Calibri",29000,56530,27530,0,0
"Sign Top","Cambria",5936,35896,29960,6,6
"Sign Top","Calibri",192000,235025,43025,0,5
"Sign Bottom","Cambria",111804,113376,1572,4,6
"Sign Top","Calibri",160000,205903,45903,0,3
"Sign Bottom","Cambria",241763,280306,38543,3,6
"Sign Bottom","Cambria",2869,8826,5957,9,6
"Sign Top","Cambria",70688,94976,24288,8,6
"Sign Bottom","Cambria",266964,312971,46007,4,1
"Sign Bottom","Cambria",176260,195444,19184,0,4
"Sign Bottom","Calibri",11564,56000,44436,4,0
"Sign Bottom","Calibri",84144,93356,9212,4,6
"Sign Top","Cambria",60837,92727,31890,7,7
"Sign Bottom","Cambria",83236,115198,31962,6,8
"Sign Bottom","Calibri",65270,69289,4019,0,9
"Sign Top","Calibri",32000,72584,40584,0,4
"Sign Top","Calibri",11527,60673,49146,7,3
"Sign Top","Cambria",22116,47495,25379,6,5
"Sign Bottom","Calibri",117400,127381,9981,0,1
"Sign Bottom","Cambria",119846,136510,16664,6,0
"Sign Top","Calibri",107036,136605,29569,6,5
"Sign Bottom","Cambria",31994,62811,30817,4,1
"Sign Bottom","Calibri",158594,198807,40213,4,7
"Sign Top","Cambria",15670,54056,38386,0,6
"Sign Bottom","Calibri",48151,61041,12890,1,1
"Sign Bottom","Calibri",145000,163303,18303,0,3
"Sign Top","Calibri",122214,147038,24824,4,8
"Sign Bottom","Calibri",129450,145319,15869,0,9
"Sign Bottom","Cambria",62179,89925,27746,9,5
"Sign Top","Cambria",46626,93103,46477,6,3
"Sign Bottom","Calibri",35595,79469,43874,5,9
"Sign Bottom","Calibri",108000,133513,25513,0,3
"Sign Bottom","Calibri",66525,93665,27140,5,5
"Sign Bottom","Calibri",13299,20826,7527,9,6
"Sign Top","Calibri",66280,69699,3419,0,9
"Sign Bottom","Calibri",52385,81169,28784,5,9
"Sign Bottom","Cambria",12156,40277,28121,6,7
"Sign Top","Calibri",4958,49879,44921,8,9
"Sign Bottom","Cambria",52608,92520,39912,8,0
"Sign Bottom","Calibri",10579,49269,38690,9,9
"Sign Top","Calibri",0,1540,1540,0,0
"Sign Top","Cambria",576,49812,49236,6,2
"Sign Bottom","Calibri",62994,96301,33307,4,1
"Sign Bottom","Calibri",42495,86709,44214,5,9
"Sign Top","Cambria",84785,117971,33186,5,1
"Sign Bottom","Cambria",75397,88854,13457,7,4
"Sign Bottom","Calibri",68095,102166,34071,5,6
"Sign Bottom","Cambria",136642,161040,24398,2,0
"Sign Bottom","Cambria",20961,33285,12324,1,5
"Sign Top","Cambria",20087,67416,47329,7,6
"Sign Bottom","Cambria",65311,100208,34897,1,8
"Sign Bottom","Cambria",61891,82535,20644,1,5
"Sign Top","Cambria",69789,104089,34300,9,9
"Sign Top","Calibri",120000,149966,29966,0,6
"Sign Top","Cambria",121181,154766,33585,1,6
"Sign Bottom","Calibri",54881,88883,34002,1,3
"Sign Bottom","Cambria",52567,63730,11163,7,0
"Sign Top","Calibri",85232,93665,8433,2,5
"Sign Top","Calibri",2573,31352,28779,3,2
"Sign Top","Calibri",73301,74445,1144,1,5
"Sign Bottom","Calibri",77259,93182,15923,9,2
"Sign Bottom","Cambria",57207,75617,18410,7,7
"Sign Bottom","Calibri",148234,170227,21993,4,7
"Sign Top","Calibri",147654,189193,41539,4,3
"Sign Top","Calibri",121088,155590,34502,8,0
"Sign Bottom","Calibri",42000,54530,12530,0,0
"Sign Bottom","Cambria",84462,122041,37579,2,1
"Sign Bottom","Cambria",67447,80352,12905,7,2
"Sign Top","Calibri",71227,94749,23522,7,9
"Sign Bottom","Cambria",58748,78189,19441,8,9
"Sign Bottom","Calibri",35597,41957,6360,7,7
"Sign Top","Cambria",126150,165236,39086,0,6
"Sign Top","Cambria",148073,162208,14135,3,8
"Sign Top","Calibri",31000,40382,9382,0,2
"Sign Bottom","Cambria",145951,162171,16220,1,1
"Sign Top","Cambria",10144,17382,7238,4,2
"Sign Top","Calibri",21000,50580,29580,0,0
"Sign Bottom","Calibri",101000,114564,13564,0,4
"Sign Top","Calibri",49899,83227,33328,9,7
"Sign Bottom","Calibri",259917,291788,31871,7,8
"Sign Top","Cambria",94719,142780,48061,9,0
"Sign Top","Calibri",65000,85560,20560,0,0
"Sign Top","Calibri",58590,62644,4054,0,4
"Sign Top","Cambria",109137,132219,23082,7,9
"Sign Top","Calibri",65000,91784,26784,0,4
"Sign Top","Calibri",293,41424,41131,3,4
"Sign Top","Cambria",10252,37944,27692,2,4
"Sign Top","Calibri",14500,60301,45801,0,1
"Sign Bottom","Cambria",8609,56176,47567,9,6
"Sign Bottom","Calibri",48059,62911,14852,9,1
"Sign Bottom","Cambria",68915,101739,32824,5,9
"Sign Bottom","Cambria",121301,157968,36667,1,8
"Sign Top","Calibri",15214,51206,35992,4,6
"Sign Top","Cambria",19117,25525,6408,7,5
"Sign Top","Cambria",126085,161957,35872,5,7
"Sign Top","Cambria",900,46410,45510,0,0
"Sign Bottom","Cambria",172937,182799,9862,7,9
"Sign Bottom","Cambria",179875,197980,18105,5,0
"Sign Bottom","Calibri",8000,25101,17101,0,1
"Sign Bottom","Calibri",17089,29226,12137,9,6
"Sign Bottom","Calibri",65887,102703,36816,7,3
"Sign Bottom","Calibri",64,15328,15264,4,8
"Sign Top","Cambria",89559,91163,1604,9,3
"Sign Bottom","Cambria",41291,88081,46790,1,1
"Sign Bottom","Cambria",8370,12208,3838,0,8
"Sign Top","Calibri",49290,63747,14457,0,7
"Sign Top","Calibri",77704,124489,46785,4,9
"Sign Bottom","Calibri",45848,94382,48534,8,2
"Sign Top","Calibri",55556,86887,31331,6,7
"Sign Top","Cambria",115027,150159,35132,7,9
"Sign Top","Calibri",19505,44383,24878,5,3
"Sign Top","Calibri",102000,123996,21996,0,6
"Sign Top","Cambria",40828,79729,38901,8,9
"Sign Bottom","Calibri",140287,161812,21525,7,2
"Sign Top","Calibri",120000,127836,7836,0,6
"Sign Top","Calibri",27322,41316,13994,2,6
"Sign Bottom","Cambria",65609,106926,41317,9,6
"Sign Top","Calibri",57956,65577,7621,6,7
"Sign Bottom","Calibri",49675,86044,36369,5,4
"Sign Top","Calibri",0,6588,6588,0,8
"Sign Top","Cambria",26753,50055,23302,3,5
"Sign Top","Calibri",8189,33936,25747,9,6
"Sign Top","Cambria",168568,217964,49396,8,4
"Sign Top","Calibri",1e+05,118202,18202,0,2
"Sign Bottom","Calibri",115167,117149,1982,7,9
"Sign Top","Calibri",0,44665,44665,0,5
"Sign Top","Cambria",50418,96836,46418,8,6
"Sign Top","Calibri",96072,140688,44616,2,8
"Sign Bottom","Calibri",60525,66463,5938,5,3
"Sign Bottom","Calibri",7,48329,48322,7,9
"Sign Bottom","Cambria",60415,94298,33883,5,8
"Sign Top","Cambria",94567,95989,1422,7,9
"Sign Bottom","Cambria",118733,129512,10779,3,2
"Sign Bottom","Cambria",41078,73677,32599,8,7
"Sign Bottom","Calibri",39880,65563,25683,0,3
"Sign Bottom","Cambria",92278,131439,39161,8,9
"Sign Bottom","Calibri",61777,64838,3061,7,8
"Sign Bottom","Calibri",34665,72390,37725,5,0
"Sign Bottom","Cambria",66673,113159,46486,3,9
"Sign Bottom","Calibri",142693,147950,5257,3,0
"Sign Top","Calibri",114498,152903,38405,8,3
"Sign Bottom","Cambria",58915,84951,26036,5,1
"Sign Bottom","Calibri",19089,28754,9665,9,4
"Sign Top","Cambria",30378,73627,43249,8,7
"Sign Top","Calibri",14175,21700,7525,5,0
"Sign Top","Calibri",79226,102107,22881,6,7
"Sign Top","Calibri",24592,53757,29165,2,7
"Sign Bottom","Cambria",136548,158400,21852,8,0
"Sign Bottom","Cambria",69856,71524,1668,6,4
"Sign Bottom","Cambria",70837,118704,47867,7,4
"Sign Top","Cambria",25991,71813,45822,1,3
"Sign Top","Cambria",47914,66566,18652,4,6
"Sign Top","Cambria",54585,63689,9104,5,9
"Sign Top","Calibri",130002,152792,22790,2,2
"Sign Bottom","Calibri",62500,67808,5308,0,8
"Sign Bottom","Calibri",50545,81787,31242,5,7
"Sign Top","Cambria",143623,159761,16138,3,1
"Sign Top","Cambria",108667,125501,16834,7,1
"Sign Bottom","Cambria",61387,96637,35250,7,7
"Sign Top","Calibri",55000,73138,18138,0,8
"Sign Bottom","Cambria",139218,145661,6443,8,1
"Sign Bottom","Cambria",35389,36285,896,9,5
"Sign Top","Calibri",83000,84251,1251,0,1
"Sign Top","Calibri",84874,119997,35123,4,7
"Sign Bottom","Cambria",47004,54799,7795,4,9
"Sign Bottom","Cambria",129,7417,7288,9,7
"Sign Top","Cambria",461,27061,26600,1,1
"Sign Bottom","Cambria",125565,129623,4058,5,3
"Sign Top","Cambria",55483,72704,17221,3,4
"Sign Top","Cambria",867,2325,1458,7,5
"Sign Bottom","Calibri",97107,127949,30842,7,9
"Sign Bottom","Cambria",61292,66389,5097,2,9
"Sign Bottom","Calibri",173469,204100,30631,9,0
"Sign Bottom","Calibri",164976,184688,19712,6,8
"Sign Top","Calibri",39599,86056,46457,9,6
"Sign Top","Calibri",0,28261,28261,0,1
"Sign Top","Cambria",34429,82940,48511,9,0
"Sign Top","Calibri",87846,102897,15051,6,7
"Sign Bottom","Calibri",13156,32107,18951,6,7
"Sign Bottom","Calibri",735451,736852,1401,1,2
"Sign Top","Cambria",18220,34870,16650,0,0
"Sign Top","Calibri",131100,156714,25614,0,4
"Sign Top","Calibri",155000,194755,39755,0,5
"Sign Bottom","Calibri",5163,12463,7300,3,3
"Sign Bottom","Calibri",102159,124007,21848,9,7
"Sign Bottom","Cambria",40098,41844,1746,8,4
"Sign Bottom","Cambria",31156,40080,8924,6,0
"Sign Top","Calibri",116558,124468,7910,8,8
"Sign Bottom","Cambria",45439,89694,44255,9,4
"Sign Bottom","Calibri",62294,83081,20787,4,1
"Sign Bottom","Calibri",29568,52851,23283,8,1
"Sign Top","Calibri",118000,122924,4924,0,4
"Sign Bottom","Calibri",73026,93162,20136,6,2
"Sign Top","Calibri",7214,36333,29119,4,3
"Sign Bottom","Cambria",74757,89857,15100,7,7
"Sign Bottom","Calibri",68033,88987,20954,3,7
"Sign Top","Calibri",66000,111090,45090,0,0
"Sign Bottom","Calibri",1920,8168,6248,0,8
"Sign Top","Cambria",32127,57168,25041,7,8
"Sign Top","Calibri",167269,189122,21853,9,2
"Sign Top","Calibri",153852,191671,37819,2,1
"Sign Top","Cambria",147966,162648,14682,6,8
"Sign Bottom","Cambria",60947,77126,16179,7,6
"Sign Bottom","Cambria",88724,131378,42654,4,8
"Sign Top","Cambria",58348,73706,15358,8,6
"Sign Top","Cambria",32662,39863,7201,2,3
"Sign Bottom","Cambria",153233,188786,35553,3,6
"Sign Top","Cambria",193519,241944,48425,9,4
"Sign Top","Cambria",1259,12662,11403,9,2
"Sign Bottom","Calibri",112045,126719,14674,5,9
"Sign Bottom","Cambria",32444,76417,43973,4,7
"Sign Bottom","Cambria",144896,168639,23743,6,9
"Sign Top","Cambria",59715,82647,22932,5,7
"Sign Top","Calibri",94349,124048,29699,9,8
"Sign Bottom","Cambria",43795,50477,6682,5,7
"Sign Bottom","Cambria",23920,64378,40458,0,8
"Sign Top","Cambria",3311,48982,45671,1,2
"Sign Top","Cambria",21293,24426,3133,3,6
"Sign Top","Calibri",31554,75571,44017,4,1
"Sign Bottom","Calibri",6298,28246,21948,8,6
"Sign Bottom","Calibri",202428,242178,39750,8,8
"Sign Top","Calibri",40000,70596,30596,0,6
"Sign Top","Calibri",137273,142732,5459,3,2
"Sign Top","Calibri",117051,120874,3823,1,4
"Sign Bottom","Calibri",44045,53794,9749,5,4
"Sign Top","Cambria",133801,164227,30426,1,7
"Sign Bottom","Cambria",74309,97036,22727,9,6
"Sign Bottom","Calibri",11896,51036,39140,6,6
"Sign Bottom","Calibri",108985,143467,34482,5,7
"Sign Bottom","Cambria",68879,81447,12568,9,7
"Sign Top","Cambria",25732,51672,25940,2,2
"Sign Bottom","Calibri",163410,183793,20383,0,3
"Sign Bottom","Cambria",37196,73187,35991,6,7
"Sign Top","Cambria",22869,31384,8515,9,4
"Sign Top","Calibri",35910,37629,1719,0,9
"Sign Top","Calibri",103400,115365,11965,0,5
"Sign Top","Calibri",130003,162454,32451,3,4
"Sign Top","Calibri",77335,109214,31879,5,4
"Sign Bottom","Cambria",119474,132111,12637,4,1
"Sign Top","Calibri",55000,90295,35295,0,5
"Sign Top","Cambria",153558,199524,45966,8,4
"Sign Bottom","Calibri",95599,116335,20736,9,5
"Sign Top","Cambria",71995,113902,41907,5,2
"Sign Top","Calibri",309142,325106,15964,2,6
"Sign Top","Cambria",36934,54048,17114,4,8
"Sign Top","Cambria",35622,62611,26989,2,1
"Sign Top","Cambria",34921,60728,25807,1,8
"Sign Bottom","Calibri",23872,47796,23924,2,6
"Sign Bottom","Cambria",6756,46232,39476,6,2
"Sign Bottom","Cambria",2191,12747,10556,1,7
"Sign Top","Cambria",61596,69632,8036,6,2
"Sign Bottom","Cambria",34238,80867,46629,8,7
"Sign Top","Calibri",147975,171872,23897,5,2
"Sign Bottom","Cambria",8142,24655,16513,2,5
"Sign Bottom","Cambria",144957,155328,10371,7,8
"Sign Top","Cambria",881,40635,39754,1,5
"Sign Bottom","Cambria",117786,146073,28287,6,3
"Sign Bottom","Calibri",42257,75253,32996,7,3
"Sign Bottom","Calibri",72802,95413,22611,2,3
"Sign Bottom","Cambria",8523,22856,14333,3,6
"Sign Bottom","Calibri",144956,164004,19048,6,4
"Sign Top","Calibri",31000,59971,28971,0,1
"Sign Bottom","Calibri",124190,142677,18487,0,7
"Sign Top","Cambria",39298,75605,36307,8,5
"Sign Bottom","Cambria",43550,91321,47771,0,1
"Sign Top","Cambria",25106,40250,15144,6,0
"Sign Top","Cambria",29779,58608,28829,9,8
"Sign Bottom","Calibri",63602,84505,20903,2,5
"Sign Bottom","Cambria",38247,56533,18286,7,3
"Sign Bottom","Calibri",160597,176397,15800,7,7
"Sign Bottom","Cambria",36399,72971,36572,9,1
"Sign Top","Cambria",85426,116063,30637,6,3
"Sign Bottom","Cambria",58663,78616,19953,3,6
"Sign Bottom","Cambria",41825,68102,26277,5,2
"Sign Bottom","Calibri",95958,116910,20952,8,0
"Sign Bottom","Calibri",43955,47577,3622,5,7
"Sign Bottom","Cambria",43224,82825,39601,4,5
"Sign Top","Calibri",14526,50301,35775,6,1
"Sign Top","Cambria",61958,99111,37153,8,1
"Sign Bottom","Cambria",108416,140067,31651,6,7
"Sign Bottom","Calibri",4158,16969,12811,8,9
"Sign Bottom","Cambria",63242,98201,34959,2,1
"Sign Bottom","Calibri",11500,36170,24670,0,0
"Sign Top","Cambria",321,34936,34615,1,6
"Sign Top","Calibri",86652,104691,18039,2,1
"Sign Top","Calibri",58500,92055,33555,0,5
"Sign Top","Calibri",32000,35254,3254,0,4
"Sign Bottom","Cambria",154779,184978,30199,9,8
"Sign Top","Calibri",100,21869,21769,0,9
"Sign Bottom","Cambria",67934,78421,10487,4,1
"Sign Bottom","Calibri",4713,9876,5163,3,6
"Sign Top","Calibri",0,47413,47413,0,3
"Sign Top","Cambria",55011,100939,45928,1,9
"Sign Bottom","Cambria",72054,106287,34233,4,7
"Sign Bottom","Cambria",176553,213812,37259,3,2
"Sign Top","Cambria",15316,16939,1623,6,9
"Sign Bottom","Cambria",28525,37730,9205,5,0
"Sign Top","Calibri",52000,92202,40202,0,2
"Sign Top","Calibri",101000,109882,8882,0,2
"Sign Bottom","Calibri",82980,119500,36520,0,0
"Sign Bottom","Cambria",444290,455325,11035,0,5
"Sign Bottom","Cambria",100534,101369,835,4,9
"Sign Top","Cambria",6241,43408,37167,1,8
"Sign Bottom","Cambria",34940,67210,32270,0,0
"Sign Top","Cambria",130252,172634,42382,2,4
"Sign Top","Cambria",1739,22746,21007,9,6
"Sign Bottom","Calibri",178198,216483,38285,8,3
"Sign Bottom","Calibri",3807,8272,4465,7,2
"Sign Bottom","Cambria",71391,92063,20672,1,3
"Sign Top","Calibri",358236,381903,23667,6,3
"Sign Top","Cambria",54788,72074,17286,8,4
"Sign Bottom","Cambria",105759,153423,47664,9,3
"Sign Top","Calibri",50000,61024,11024,0,4
"Sign Bottom","Calibri",18385,43475,25090,5,5
"Sign Top","Calibri",30000,70542,40542,0,2
"Sign Top","Calibri",70000,108911,38911,0,1
"Sign Bottom","Cambria",70733,82239,11506,3,9
"Sign Bottom","Calibri",63218,73270,10052,8,0
"Sign Bottom","Cambria",155783,157865,2082,3,5
"Sign Top","Calibri",59000,61530,2530,0,0
"Sign Bottom","Calibri",193961,223519,29558,1,9
"Sign Top","Calibri",36000,83009,47009,0,9
"Sign Bottom","Calibri",66745,73576,6831,5,6
"Sign Top","Cambria",160020,175040,15020,0,0
"Sign Top","Calibri",9000,44554,35554,0,4
"Sign Top","Cambria",150470,180360,29890,0,0
"Sign Top","Calibri",30000,71188,41188,0,8
"Sign Bottom","Cambria",78023,86389,8366,3,9
"Sign Bottom","Cambria",131110,157439,26329,0,9
"Sign Top","Cambria",84024,116849,32825,4,9
"Sign Top","Calibri",6000,49967,43967,0,7
"Sign Bottom","Calibri",173039,184073,11034,9,3
"Sign Top","Cambria",32615,32765,150,5,5
"Sign Bottom","Calibri",98899,127346,28447,9,6
"Sign Top","Calibri",73,21243,21170,3,3
"Sign Top","Calibri",82113,102537,20424,3,7
"Sign Bottom","Calibri",197806,214504,16698,6,4
"Sign Top","Calibri",8050,23585,15535,0,5
"Sign Top","Cambria",59224,97770,38546,4,0
"Sign Bottom","Calibri",64677,108261,43584,7,1
"Sign Bottom","Cambria",160177,167747,7570,7,7
"Sign Bottom","Calibri",25015,71527,46512,5,7
"Sign Top","Calibri",63214,95779,32565,4,9
"Sign Top","Cambria",110583,132198,21615,3,8
"Sign Top","Cambria",465,33042,32577,5,2
"Sign Top","Cambria",65402,81452,16050,2,2
"Sign Bottom","Cambria",99664,132086,32422,4,6
"Sign Bottom","Cambria",145650,191137,45487,0,7
"Sign Top","Calibri",1200,21292,20092,0,2
"Sign Top","Cambria",69681,88687,19006,1,7
"Sign Bottom","Cambria",47297,69859,22562,7,9
"Sign Top","Calibri",137520,160662,23142,0,2
"Sign Top","Cambria",156388,198381,41993,8,1
"Sign Top","Calibri",10,34407,34397,0,7
"Sign Bottom","Calibri",133375,144493,11118,5,3
"Sign Bottom","Cambria",146371,151915,5544,1,5
"Sign Bottom","Cambria",21583,22391,808,3,1
"Sign Bottom","Cambria",101041,127436,26395,1,6
"Sign Top","Calibri",26458,69079,42621,8,9
"Sign Bottom","Cambria",161465,186997,25532,5,7
"Sign Bottom","Calibri",45546,85997,40451,6,7
"Sign Top","Calibri",12000,20124,8124,0,4
"Sign Bottom","Calibri",200,20581,20381,0,1
"Sign Bottom","Cambria",60666,67360,6694,6,0
"Sign Bottom","Calibri",92861,93287,426,1,7
"Sign Bottom","Calibri",59080,79069,19989,0,9
"Sign Top","Calibri",33588,49879,16291,8,9
"Sign Top","Calibri",65000,76901,11901,0,1
"Sign Top","Calibri",112721,127407,14686,1,7
"Sign Bottom","Calibri",119308,131781,12473,8,1
"Sign Top","Calibri",3578,24582,21004,8,2
"Sign Top","Cambria",164284,169857,5573,4,7
"Sign Top","Cambria",92610,127252,34642,0,2
"Sign Top","Cambria",72634,103345,30711,4,5
"Sign Bottom","Calibri",70298,90521,20223,8,1
"Sign Bottom","Cambria",8055,42524,34469,5,4
"Sign Bottom","Cambria",186288,199092,12804,8,2
"Sign Top","Calibri",0,47335,47335,0,5
"Sign Bottom","Cambria",25809,36060,10251,9,0
"Sign Bottom","Cambria",28356,53864,25508,6,4
"Sign Top","Cambria",47951,75500,27549,1,0
"Sign Top","Calibri",60,46925,46865,0,5
"Sign Bottom","Calibri",32782,38044,5262,2,4
"Sign Top","Cambria",94557,135158,40601,7,8
"Sign Top","Calibri",24876,63988,39112,6,8
"Sign Top","Calibri",16829,36599,19770,9,9
"Sign Bottom","Cambria",4780,10231,5451,0,1
"Sign Bottom","Cambria",70219,84392,14173,9,2
"Sign Bottom","Cambria",77457,102083,24626,7,3
"Sign Top","Cambria",507,42857,42350,7,7
"Sign Top","Calibri",82700,127782,45082,0,2
"Sign Top","Cambria",24531,41099,16568,1,9
"Sign Top","Calibri",72244,97171,24927,4,1
"Sign Top","Calibri",242172,245119,2947,2,9
"Sign Top","Calibri",53065,102862,49797,5,2
"Sign Top","Cambria",13866,54950,41084,6,0
"Sign Top","Calibri",48000,51978,3978,0,8
"Sign Bottom","Cambria",178999,228673,49674,9,3
"Sign Bottom","Calibri",94200,108832,14632,0,2
"Sign Top","Cambria",130569,164149,33580,9,9
"Sign Top","Cambria",29596,75508,45912,6,8
"Sign Top","Cambria",188965,229504,40539,5,4
"Sign Top","Cambria",49246,68743,19497,6,3
"Sign Top","Calibri",41299,73229,31930,9,9
"Sign Top","Calibri",47500,69863,22363,0,3
"Sign Bottom","Cambria",95358,102734,7376,8,4
"Sign Top","Calibri",11,6377,6366,1,7
"Sign Top","Calibri",49159,83374,34215,9,4
"Sign Bottom","Cambria",61306,104941,43635,6,1
"Sign Bottom","Cambria",8854,49886,41032,4,6
"Sign Bottom","Cambria",141905,169811,27906,5,1
"Sign Bottom","Cambria",129559,176910,47351,9,0
"Sign Top","Calibri",40000,59493,19493,0,3
"Sign Top","Calibri",164675,181030,16355,5,0
"Sign Bottom","Cambria",43738,61440,17702,8,0
"Sign Bottom","Calibri",11348,49606,38258,8,6
"Sign Top","Calibri",118000,158793,40793,0,3
"Sign Bottom","Cambria",206706,233023,26317,6,3
"Sign Bottom","Calibri",43136,43614,478,6,4
"Sign Top","Calibri",128321,176857,48536,1,7
"Sign Top","Calibri",98586,108111,9525,6,1
"Sign Bottom","Calibri",140464,141779,1315,4,9
"Sign Bottom","Cambria",97045,143944,46899,5,4
"Sign Top","Calibri",200,22828,22628,0,8
"Sign Top","Calibri",94179,129851,35672,9,1
"Sign Top","Cambria",35373,49108,13735,3,8
"Sign Top","Cambria",110300,134854,24554,0,4
"Sign Bottom","Cambria",8335,25235,16900,5,5
"Sign Top","Cambria",46569,92067,45498,9,7
"Sign Top","Cambria",67858,104117,36259,8,7
"Sign Bottom","Cambria",145778,158186,12408,8,6
"Sign Top","Cambria",53324,92274,38950,4,4
"Sign Bottom","Cambria",40508,89941,49433,8,1
"Sign Top","Cambria",62105,91190,29085,5,0
"Sign Bottom","Calibri",41946,64275,22329,6,5
"Sign Top","Calibri",21016,52494,31478,6,4
"Sign Top","Calibri",85300,112118,26818,0,8
"Sign Bottom","Cambria",126515,131952,5437,5,2
"Sign Top","Calibri",30580,79542,48962,0,2
"Sign Bottom","Calibri",53904,55275,1371,4,5
"Sign Top","Calibri",61000,83022,22022,0,2
"Sign Bottom","Cambria",20927,68438,47511,7,8
"Sign Bottom","Cambria",21931,49402,27471,1,2
"Sign Top","Cambria",3354,12882,9528,4,2
"Sign Top","Cambria",17684,27354,9670,4,4
"Sign Top","Cambria",99628,123188,23560,8,8
"Sign Bottom","Calibri",51118,79368,28250,8,8
"Sign Top","Cambria",2979,37852,34873,9,2
"Sign Bottom","Cambria",56820,64972,8152,0,2
"Sign Bottom","Calibri",7692,33484,25792,2,4
"Sign Top","Cambria",56057,98435,42378,7,5
"Sign Top","Cambria",50006,83605,33599,6,5
"Sign Top","Cambria",2155,4255,2100,5,5
"Sign Bottom","Calibri",35002,41503,6501,2,3
"Sign Top","Cambria",88235,122652,34417,5,2
"Sign Bottom","Calibri",103000,111308,8308,0,8
"Sign Top","Cambria",2555,27526,24971,5,6
"Sign Bottom","Cambria",99678,137975,38297,8,5
"Sign Top","Calibri",136003,175296,39293,3,6
"Sign Top","Cambria",71881,113876,41995,1,6
"Sign Top","Calibri",71000,87281,16281,0,1
"Sign Bottom","Cambria",27639,34946,7307,9,6
"Sign Top","Cambria",806,39734,38928,6,4
"Sign Top","Calibri",92611,126803,34192,1,3
"Sign Top","Cambria",27663,61282,33619,3,2
"Sign Bottom","Calibri",43266,60653,17387,6,3
"Sign Top","Cambria",18173,47006,28833,3,6
"Sign Bottom","Cambria",103725,109068,5343,5,8
"Sign Top","Calibri",50930,85777,34847,0,7
"Sign Bottom","Cambria",843,38950,38107,3,0
"Sign Top","Cambria",30619,70746,40127,9,6
"Sign Top","Calibri",87850,109475,21625,0,5
"Sign Bottom","Cambria",93935,139590,45655,5,0
"Sign Top","Cambria",90259,93395,3136,9,5
"Sign Bottom","Calibri",215286,219570,4284,6,0
"Sign Top","Calibri",44000,63962,19962,0,2
"Sign Top","Cambria",38116,67830,29714,6,0
"Sign Top","Calibri",416537,443517,26980,7,7
"Sign Top","Calibri",26717,36546,9829,7,6
"Sign Top","Calibri",46103,76186,30083,3,6
"Sign Bottom","Cambria",17777,30360,12583,7,0
"Sign Bottom","Cambria",98632,113479,14847,2,9
"Sign Bottom","Calibri",84181,84458,277,1,8
"Sign Bottom","Calibri",87641,111217,23576,1,7
"Sign Bottom","Calibri",94752,97296,2544,2,6
"Sign Bottom","Calibri",26651,33758,7107,1,8
"Sign Bottom","Cambria",509,8200,7691,9,0
"Sign Top","Cambria",46070,47783,1713,0,3
"Sign Bottom","Cambria",138297,172331,34034,7,1
"Sign Top","Cambria",598,16606,16008,8,6
"Sign Bottom","Cambria",63945,93001,29056,5,1
"Sign Top","Cambria",2150,6306,4156,0,6
"Sign Bottom","Cambria",70605,115534,44929,5,4
"Sign Bottom","Cambria",29146,56430,27284,6,0
"Sign Top","Calibri",157032,206409,49377,2,9
"Sign Top","Cambria",1195,22223,21028,5,3
"Sign Top","Calibri",93022,97565,4543,2,5
"Sign Top","Cambria",191,10885,10694,1,5
"Sign Top","Cambria",20811,70631,49820,1,1
"Sign Top","Calibri",64000,108028,44028,0,8
"Sign Bottom","Cambria",22720,45443,22723,0,3
"Sign Bottom","Calibri",98831,108470,9639,1,0
"Sign Top","Cambria",117972,125731,7759,2,1
"Sign Bottom","Cambria",72297,78337,6040,7,7
"Sign Bottom","Calibri",126824,135055,8231,4,5
"Sign Bottom","Cambria",22717,38563,15846,7,3
"Sign Bottom","Calibri",22347,65020,42673,7,0
"Sign Bottom","Cambria",57492,106655,49163,2,5
"Sign Top","Calibri",1e+05,135614,35614,0,4
"Sign Top","Cambria",424,24437,24013,4,7
"Sign Bottom","Calibri",32085,61611,29526,5,1
"Sign Top","Cambria",3496,16263,12767,6,3
"Sign Top","Cambria",11297,14223,2926,7,3
"Sign Top","Calibri",16383,32427,16044,3,7
"Sign Bottom","Cambria",37203,83416,46213,3,6
"Sign Top","Cambria",50534,67625,17091,4,5
"Sign Bottom","Cambria",77203,86962,9759,3,2
"Sign Top","Cambria",40266,84524,44258,6,4
"Sign Bottom","Cambria",97012,116945,19933,2,5
"Sign Bottom","Cambria",77294,78546,1252,4,6
"Sign Bottom","Calibri",18384,42832,24448,4,2
"Sign Top","Calibri",28930,67525,38595,0,5
"Sign Top","Calibri",63000,105179,42179,0,9
"Sign Bottom","Calibri",38300,42027,3727,0,7
"Sign Top","Cambria",92958,141345,48387,8,5
"Sign Bottom","Calibri",92250,127156,34906,0,6
"Sign Top","Calibri",18867,64840,45973,7,0
"Sign Top","Calibri",61923,76282,14359,3,2
"Sign Bottom","Calibri",59640,66662,7022,0,2
"Sign Bottom","Calibri",175854,193643,17789,4,3
"Sign Bottom","Cambria",196490,212852,16362,0,2
"Sign Bottom","Calibri",52443,56199,3756,3,9
"Sign Top","Cambria",138222,170590,32368,2,0
"Sign Top","Calibri",13200,34781,21581,0,1
"Sign Bottom","Calibri",16796,26552,9756,6,2
"Sign Top","Calibri",75321,106110,30789,1,0
"Sign Top","Calibri",71000,90634,19634,0,4
"Sign Top","Cambria",106279,146198,39919,9,8
"Sign Bottom","Calibri",101110,149712,48602,0,2
"Sign Top","Cambria",63647,102732,39085,7,2
"Sign Top","Cambria",654,40641,39987,4,1
"Sign Bottom","Calibri",69051,88925,19874,1,5
"Sign Top","Calibri",17779,29376,11597,9,6
"Sign Bottom","Calibri",65131,101111,35980,1,1
"Sign Bottom","Cambria",95578,108158,12580,8,8
"Sign Bottom","Calibri",110000,136185,26185,0,5
"Sign Bottom","Calibri",43092,43638,546,2,8
"Sign Bottom","Calibri",83700,97031,13331,0,1
"Sign Top","Calibri",25000,55923,30923,0,3
"Sign Bottom","Cambria",35596,62516,26920,6,6
"Sign Bottom","Cambria",116590,152216,35626,0,6
"Sign Bottom","Cambria",60971,100490,39519,1,0
"Sign Bottom","Calibri",128628,172127,43499,8,7
"Sign Top","Cambria",34821,75127,40306,1,7
"Sign Top","Calibri",72501,77478,4977,1,8
"Sign Bottom","Calibri",110455,148176,37721,5,6
"Sign Top","Cambria",82493,126426,43933,3,6
"Sign Bottom","Cambria",167968,206780,38812,8,0
"Sign Top","Cambria",6,23302,23296,6,2
"Sign Bottom","Cambria",93066,95124,2058,6,4
"Sign Bottom","Calibri",12549,17442,4893,9,2
"Sign Bottom","Cambria",53832,57652,3820,2,2
"Sign Top","Calibri",20000,30440,10440,0,0
"Sign Top","Cambria",87149,112169,25020,9,9
"Sign Bottom","Calibri",71722,89519,17797,2,9
"Sign Bottom","Cambria",32932,54365,21433,2,5
"Sign Bottom","Calibri",121847,132820,10973,7,0
"Sign Top","Calibri",32800,36598,3798,0,8
"Sign Top","Cambria",104074,150368,46294,4,8
"Sign Bottom","Cambria",39931,72902,32971,1,2
"Sign Bottom","Cambria",38357,61230,22873,7,0
"Sign Top","Calibri",13511,21791,8280,1,1
"Sign Top","Cambria",1246,27839,26593,6,9
"Sign Top","Cambria",85564,97602,12038,4,2
"Sign Bottom","Calibri",80539,119136,38597,9,6
"Sign Bottom","Cambria",198709,203218,4509,9,8
"Sign Top","Calibri",56860,97360,40500,0,0
"Sign Bottom","Cambria",88054,93717,5663,4,7
"Sign Top","Cambria",82761,130917,48156,1,7
"Sign Top","Calibri",126472,137766,11294,2,6
"Sign Top","Cambria",166718,200834,34116,8,4
"Sign Top","Cambria",114291,142155,27864,1,5
"Sign Bottom","Cambria",66875,71213,4338,5,3
"Sign Bottom","Calibri",110852,123793,12941,2,3
"Sign Bottom","Cambria",11256,58362,47106,6,2
"Sign Bottom","Cambria",176535,178850,2315,5,0
"Sign Top","Cambria",55140,85429,30289,0,9
"Sign Top","Cambria",20342,42069,21727,2,9
"Sign Bottom","Cambria",83166,99636,16470,6,6
"Sign Bottom","Calibri",17330,43931,26601,0,1
"Sign Bottom","Calibri",72321,118272,45951,1,2
"Sign Top","Cambria",40283,47766,7483,3,6
"Sign Top","Cambria",307,31888,31581,7,8
"Sign Top","Calibri",225000,259092,34092,0,2
"Sign Top","Calibri",37591,64009,26418,1,9
"Sign Top","Cambria",115338,150001,34663,8,1
"Sign Top","Calibri",1400,45456,44056,0,6
"Sign Bottom","Cambria",189220,192974,3754,0,4
"Sign Bottom","Calibri",49195,54188,4993,5,8
"Sign Top","Cambria",66246,114231,47985,6,1
"Sign Bottom","Calibri",18444,66522,48078,4,2
"Sign Bottom","Calibri",98147,106252,8105,7,2
"Sign Top","Calibri",39321,77715,38394,1,5
"Sign Top","Cambria",309564,350376,40812,4,6
"Sign Bottom","Cambria",75535,94915,19380,5,5
"Sign Bottom","Cambria",128824,172684,43860,4,4
"Sign Top","Cambria",671,29303,28632,1,3
"Sign Bottom","Calibri",21313,49926,28613,3,6
"Sign Top","Cambria",127345,168316,40971,5,6
"Sign Top","Cambria",41285,74215,32930,5,5
"Sign Top","Cambria",50096,87461,37365,6,1
"Sign Top","Calibri",79000,128543,49543,0,3
"Sign Top","Cambria",90954,92890,1936,4,0
"Sign Bottom","Cambria",21559,33648,12089,9,8
"Sign Top","Calibri",25537,60490,34953,7,0
"Sign Top","Calibri",1917,26706,24789,7,6
"Sign Top","Calibri",31660,58017,26357,0,7
"Sign Bottom","Calibri",90600,113881,23281,0,1
"Sign Bottom","Cambria",12828,15445,2617,8,5
"Sign Bottom","Cambria",59007,94966,35959,7,6
"Sign Top","Cambria",4734,17936,13202,4,6
"Sign Top","Cambria",51210,67326,16116,0,6
"Sign Bottom","Calibri",131902,140511,8609,2,1
"Sign Bottom","Cambria",45090,79176,34086,0,6
"Sign Top","Cambria",44672,69654,24982,2,4
"Sign Bottom","Cambria",56109,70809,14700,9,9
"Sign Top","Calibri",55580,58358,2778,0,8
"Sign Bottom","Cambria",95597,99588,3991,7,8
"Sign Top","Cambria",275,28115,27840,5,5
"Sign Top","Cambria",100122,144625,44503,2,5
"Sign Top","Calibri",0,27778,27778,0,8
"Sign Bottom","Cambria",59626,71123,11497,6,3
"Sign Top","Calibri",87188,125181,37993,8,1
"Sign Bottom","Calibri",64438,81552,17114,8,2
"Sign Bottom","Cambria",100136,104701,4565,6,1
"Sign Bottom","Calibri",53237,100530,47293,7,0
"Sign Bottom","Cambria",43844,84345,40501,4,5
"Sign Top","Calibri",0,8411,8411,0,1
"Sign Top","Cambria",94784,100856,6072,4,6
"Sign Top","Calibri",50098,51466,1368,8,6
"Sign Bottom","Cambria",30474,46302,15828,4,2
"Sign Top","Calibri",57684,79886,22202,4,6
"Sign Bottom","Calibri",70000,70746,746,0,6
"Sign Top","Calibri",59804,87100,27296,4,0
"Sign Bottom","Cambria",59197,89392,30195,7,2
"Sign Bottom","Calibri",110000,129681,19681,0,1
"Sign Bottom","Cambria",72895,80684,7789,5,4
"Sign Top","Cambria",35831,84404,48573,1,4
"Sign Top","Cambria",44813,85851,41038,3,1
"Sign Top","Calibri",74000,113359,39359,0,9
"Sign Bottom","Calibri",14425,61773,47348,5,3
"Sign Top","Calibri",0,49418,49418,0,8
"Sign Top","Calibri",83261,95768,12507,1,8
"Sign Top","Cambria",5535,47154,41619,5,4
"Sign Bottom","Calibri",67003,97030,30027,3,0
"Sign Top","Cambria",44427,75061,30634,7,1
"Sign Top","Calibri",300,32938,32638,0,8
"Sign Top","Cambria",77365,77975,610,5,5
"Sign Bottom","Cambria",200302,207383,7081,2,3
"Sign Bottom","Cambria",197207,197461,254,7,1
"Sign Top","Calibri",3520,49401,45881,0,1
"Sign Top","Calibri",90324,115744,25420,4,4
"Sign Bottom","Cambria",40642,43784,3142,2,4
"Sign Top","Calibri",66868,73439,6571,8,9
"Sign Bottom","Calibri",27207,68502,41295,7,2
"Sign Top","Calibri",147264,187660,40396,4,0
"Sign Bottom","Calibri",61051,109186,48135,1,6
"Sign Bottom","Calibri",17117,28102,10985,7,2
"Sign Top","Cambria",118286,124674,6388,6,4
"Sign Top","Cambria",61690,98201,36511,0,1
"Sign Top","Calibri",65409,71649,6240,9,9
"Sign Bottom","Cambria",108644,127033,18389,4,3
"Sign Bottom","Cambria",59579,68896,9317,9,6
"Sign Top","Cambria",270521,302107,31586,1,7
"Sign Bottom","Calibri",110896,124673,13777,6,3
"Sign Bottom","Cambria",99756,113440,13684,6,0
"Sign Top","Calibri",146000,170920,24920,0,0
"Sign Top","Calibri",66000,73662,7662,0,2
"Sign Top","Cambria",809,25910,25101,9,0
"Sign Bottom","Cambria",25141,54529,29388,1,9
"Sign Top","Cambria",19772,58205,38433,2,5
"Sign Top","Calibri",16384,39376,22992,4,6
"Sign Bottom","Cambria",50014,81960,31946,4,0
"Sign Top","Cambria",421,28258,27837,1,8
"Sign Top","Calibri",59273,108696,49423,3,6
"Sign Bottom","Calibri",142946,149125,6179,6,5
"Sign Bottom","Cambria",99854,139714,39860,4,4
"Sign Top","Cambria",164070,174037,9967,0,7
"Sign Top","Cambria",756,35914,35158,6,4
"Sign Top","Cambria",323,29888,29565,3,8
"Sign Top","Cambria",147205,183479,36274,5,9
"Sign Top","Cambria",81315,81633,318,5,3
"Sign Top","Cambria",37327,72622,35295,7,2
"Sign Top","Calibri",52000,93610,41610,0,0
"Sign Bottom","Calibri",5634,12087,6453,4,7
"Sign Bottom","Cambria",29616,41109,11493,6,9
"Sign Bottom","Calibri",33712,42501,8789,2,1
"Sign Bottom","Calibri",51734,55755,4021,4,5
"Sign Bottom","Cambria",50474,94753,44279,4,3
"Sign Top","Cambria",114931,142667,27736,1,7
"Sign Top","Cambria",90701,106853,16152,1,3
"Sign Bottom","Cambria",11637,60781,49144,7,1
"Sign Top","Cambria",225408,254405,28997,8,5
"Sign Bottom","Calibri",25185,68063,42878,5,3
"Sign Top","Calibri",40000,78222,38222,0,2
"Sign Bottom","Calibri",181735,230387,48652,5,7
"Sign Top","Calibri",114073,151612,37539,3,2
"Sign Top","Calibri",5,22839,22834,5,9
"Sign Bottom","Cambria",18803,41334,22531,3,4
"Sign Top","Calibri",0,36099,36099,0,9
"Sign Bottom","Calibri",128001,160688,32687,1,8
"Sign Bottom","Calibri",98023,101511,3488,3,1
"Sign Top","Cambria",41714,83058,41344,4,8
"Sign Top","Cambria",475,21809,21334,5,9
"Sign Top","Calibri",136674,137824,1150,4,4
"Sign Bottom","Calibri",96953,137168,40215,3,8
"Sign Top","Cambria",48601,98536,49935,1,6
"Sign Bottom","Calibri",1954,44550,42596,4,0
"Sign Bottom","Calibri",118745,126758,8013,5,8
"Sign Bottom","Calibri",133059,134457,1398,9,7
"Sign Top","Calibri",1800,31668,29868,0,8
"Sign Top","Calibri",56616,105286,48670,6,6
"Sign Bottom","Calibri",101120,129091,27971,0,1
"Sign Bottom","Cambria",17131,49349,32218,1,9
"Sign Top","Cambria",31728,34870,3142,8,0
"Sign Top","Cambria",32008,49353,17345,8,3
"Sign Bottom","Calibri",82048,102833,20785,8,3
"Sign Bottom","Calibri",85327,130216,44889,7,6
"Sign Top","Cambria",5082,52093,47011,2,3
"Sign Bottom","Cambria",80738,108501,27763,8,1
"Sign Top","Calibri",105600,142888,37288,0,8
"Sign Top","Calibri",35,30851,30816,5,1
"Sign Top","Cambria",40088,52197,12109,8,7
"Sign Top","Cambria",663,22382,21719,3,2
"Sign Bottom","Cambria",47490,95827,48337,0,7
"Sign Top","Calibri",6898,35838,28940,8,8
"Sign Top","Cambria",91743,99304,7561,3,4
"Sign Bottom","Cambria",4381,42156,37775,1,6
"Sign Bottom","Cambria",127369,146599,19230,9,9
"Sign Top","Calibri",11652,57278,45626,2,8
"Sign Top","Cambria",52628,95022,42394,8,2
"Sign Bottom","Calibri",138220,183350,45130,0,0
"Sign Bottom","Calibri",147786,166589,18803,6,9
"Sign Bottom","Calibri",84230,86920,2690,0,0
"Sign Top","Calibri",54000,60199,6199,0,9
"Sign Bottom","Cambria",91808,115350,23542,8,0
"Sign Top","Cambria",110714,157847,47133,4,7
"Sign Top","Calibri",19442,49339,29897,2,9
"Sign Top","Calibri",174107,182212,8105,7,2
"Sign Bottom","Calibri",39852,68570,28718,2,0
"Sign Bottom","Cambria",6333,52404,46071,3,4
"Sign Top","Cambria",34208,75620,41412,8,0
"Sign Top","Cambria",5219,53767,48548,9,7
"Sign Bottom","Cambria",127486,152376,24890,6,6
"Sign Bottom","Calibri",47840,91899,44059,0,9
"Sign Top","Calibri",123,15978,15855,3,8
"Sign Top","Cambria",93706,117800,24094,6,0
"Sign Bottom","Cambria",66679,68710,2031,9,0
"Sign Bottom","Cambria",89894,106996,17102,4,6
"Sign Bottom","Calibri",56892,59830,2938,2,0
"Sign Top","Cambria",1753,18383,16630,3,3
"Sign Bottom","Calibri",90811,101339,10528,1,9
"Sign Bottom","Calibri",27191,52792,25601,1,2
"Sign Bottom","Calibri",7634,42607,34973,4,7
"Sign Bottom","Calibri",2998,14743,11745,8,3
"Sign Top","Calibri",60144,103078,42934,4,8
"Sign Top","Calibri",2000,49745,47745,0,5
"Sign Top","Calibri",6000,25792,19792,0,2
"Sign Bottom","Calibri",198611,204479,5868,1,9
"Sign Bottom","Cambria",32872,80498,47626,2,8
"Sign Top","Cambria",95859,130836,34977,9,6
"Sign Bottom","Cambria",115116,142831,27715,6,1
"Sign Bottom","Calibri",31700,58410,26710,0,0
"Sign Bottom","Calibri",78200,111472,33272,0,2
"Sign Top","Calibri",47664,74725,27061,4,5
"Sign Bottom","Cambria",130093,156809,26716,3,9
"Sign Bottom","Calibri",19496,31919,12423,6,9
"Sign Top","Cambria",642,33034,32392,2,4
"Sign Bottom","Cambria",16538,37743,21205,8,3
"Sign Bottom","Cambria",32472,66347,33875,2,7
"Sign Bottom","Calibri",10827,19038,8211,7,8
"Sign Bottom","Cambria",66136,109121,42985,6,1
"Sign Bottom","Calibri",137370,183727,46357,0,7
"Sign Top","Cambria",30343,76030,45687,3,0
"Sign Bottom","Cambria",65080,81750,16670,0,0
"Sign Bottom","Calibri",11992,59196,47204,2,6
"Sign Bottom","Cambria",131414,146061,14647,4,1
"Sign Bottom","Cambria",48698,66082,17384,8,2
"Sign Bottom","Cambria",57960,83062,25102,0,2
"Sign Top","Cambria",98378,109780,11402,8,0
"Sign Top","Cambria",32091,48141,16050,1,1
"Sign Top","Calibri",43443,52925,9482,3,5
"Sign Top","Cambria",47474,55190,7716,4,0
"Sign Bottom","Cambria",197898,242436,44538,8,6
"Sign Bottom","Cambria",72402,88282,15880,2,2
"Sign Bottom","Calibri",10734,52525,41791,4,5
"Sign Bottom","Cambria",165112,207935,42823,2,5
"Sign Bottom","Cambria",51721,84451,32730,1,1
"Sign Top","Calibri",162428,197217,34789,8,7
"Sign Top","Calibri",20700,27517,6817,0,7
"Sign Bottom","Calibri",80201,106471,26270,1,1
"Sign Bottom","Cambria",125787,163096,37309,7,6
"Sign Top","Cambria",57780,62273,4493,0,3
"Sign Top","Cambria",9724,37833,28109,4,3
"Sign Bottom","Calibri",24032,26196,2164,2,6
"Sign Bottom","Cambria",8939,23048,14109,9,8
"Sign Top","Cambria",99528,135472,35944,8,2
"Sign Bottom","Calibri",0,22627,22627,0,7
"Sign Top","Cambria",22475,65775,43300,5,5
"Sign Top","Cambria",38326,81469,43143,6,9
"Sign Top","Calibri",17,16997,16980,7,7
"Sign Bottom","Calibri",23603,32146,8543,3,6
"Sign Bottom","Calibri",10879,16460,5581,9,0
"Sign Top","Calibri",118475,140618,22143,5,8
"Sign Top","Cambria",72375,83710,11335,5,0
"Sign Top","Cambria",34463,56998,22535,3,8
"Sign Top","Calibri",61945,110334,48389,5,4
"Sign Top","Calibri",65000,106109,41109,0,9
"Sign Top","Cambria",8167,42240,34073,7,0
"Sign Top","Cambria",49556,97285,47729,6,5
"Sign Top","Cambria",45511,86809,41298,1,9
"Sign Top","Cambria",27231,38452,11221,1,2
"Sign Bottom","Calibri",107351,107831,480,1,1
"Sign Top","Calibri",21194,29356,8162,4,6
"Sign Top","Calibri",100159,104161,4002,9,1
"Sign Top","Cambria",4928,20459,15531,8,9
"Sign Top","Cambria",91598,110830,19232,8,0
"Sign Top","Calibri",1e+05,101633,1633,0,3
"Sign Top","Cambria",140265,145398,5133,5,8
"Sign Bottom","Cambria",12019,18199,6180,9,9
"Sign Top","Cambria",101012,133001,31989,2,1
"Sign Bottom","Cambria",18461,51544,33083,1,4
"Sign Top","Cambria",66930,99029,32099,0,9
"Sign Top","Cambria",72739,105381,32642,9,1
"Sign Bottom","Calibri",63671,106096,42425,1,6
"Sign Top","Calibri",7,7502,7495,7,2
"Sign Top","Cambria",33592,54290,20698,2,0
"Sign Top","Cambria",37166,78543,41377,6,3
"Sign Bottom","Calibri",56084,105580,49496,4,0
"Sign Top","Calibri",36000,77464,41464,0,4
"Sign Bottom","Cambria",138225,187165,48940,5,5
"Sign Bottom","Cambria",12018,37040,25022,8,0
"Sign Top","Calibri",48882,89909,41027,2,9
"Sign Bottom","Cambria",156760,160754,3994,0,4
"Sign Bottom","Cambria",75675,121079,45404,5,9
"Sign Bottom","Cambria",146229,161815,15586,9,5
"Sign Bottom","Calibri",91515,110048,18533,5,8
"Sign Top","Cambria",45344,95105,49761,4,5
"Sign Top","Cambria",37389,61908,24519,9,8
"Sign Bottom","Cambria",99396,107546,8150,6,6
"Sign Bottom","Cambria",90997,119184,28187,7,4
"Sign Top","Cambria",30980,75596,44616,0,6
"Sign Bottom","Cambria",64325,94877,30552,5,7
"Sign Bottom","Cambria",19796,32855,13059,6,5
"Sign Bottom","Calibri",53777,93042,39265,7,2
"Sign Top","Cambria",9969,37765,27796,9,5
"Sign Top","Calibri",54511,72219,17708,1,9
"Sign Top","Cambria",63058,86065,23007,8,5
"Sign Bottom","Calibri",100071,105823,5752,1,3
"Sign Bottom","Cambria",56134,69374,13240,4,4
"Sign Bottom","Cambria",7863,40379,32516,3,9
"Sign Bottom","Cambria",127159,154311,27152,9,1
"Sign Bottom","Calibri",104163,121012,16849,3,2
"Sign Bottom","Cambria",143946,170870,26924,6,0
"Sign Bottom","Cambria",16680,62049,45369,0,9
"Sign Top","Cambria",30229,51828,21599,9,8
"Sign Top","Cambria",54081,103701,49620,1,1
"Sign Bottom","Cambria",23440,43875,20435,0,5
"Sign Top","Calibri",80000,129675,49675,0,5
"Sign Top","Cambria",44534,73422,28888,4,2
"Sign Top","Cambria",20369,61669,41300,9,9
"Sign Bottom","Calibri",62374,70284,7910,4,4
"Sign Top","Calibri",93000,120184,27184,0,4
"Sign Bottom","Calibri",12708,44358,31650,8,8
"Sign Bottom","Cambria",33319,37490,4171,9,0
"Sign Bottom","Cambria",163283,165773,2490,3,3
"Sign Top","Cambria",60362,62220,1858,2,0
"Sign Top","Calibri",72000,76020,4020,0,0
"Sign Top","Calibri",21864,64839,42975,4,9
"Sign Bottom","Calibri",82532,103200,20668,2,0
"Sign Top","Calibri",94000,101659,7659,0,9
"Sign Bottom","Cambria",72213,121682,49469,3,2
"Sign Bottom","Cambria",294,4808,4514,4,8
"Sign Bottom","Cambria",126016,136103,10087,6,3
"Sign Top","Cambria",1160,21313,20153,0,3
"Sign Top","Cambria",9546,14477,4931,6,7
"Sign Bottom","Calibri",66661,78180,11519,1,0
"Sign Bottom","Cambria",62066,102263,40197,6,3
"Sign Top","Cambria",20376,28058,7682,6,8
"Sign Top","Calibri",10000,34349,24349,0,9
"Sign Top","Calibri",20000,62822,42822,0,2
"Sign Top","Calibri",10,37489,37479,0,9
"Sign Top","Calibri",17000,31058,14058,0,8
"Sign Top","Calibri",5390,10619,5229,0,9
"Sign Bottom","Cambria",96145,133163,37018,5,3
"Sign Top","Cambria",4281,27820,23539,1,0
"Sign Top","Cambria",45497,49469,3972,7,9
"Sign Bottom","Calibri",70673,86383,15710,3,3
"Sign Top","Calibri",109664,125215,15551,4,5
"Sign Top","Cambria",92407,113846,21439,7,6
"Sign Bottom","Cambria",44950,88609,43659,0,9
"Sign Top","Calibri",60000,74496,14496,0,6
"Sign Bottom","Cambria",70479,79751,9272,9,1
"Sign Top","Cambria",73852,84983,11131,2,3
"Sign Top","Calibri",8,11504,11496,8,4
"Sign Bottom","Cambria",832,23666,22834,2,6
"Sign Top","Cambria",32866,75896,43030,6,6
"Sign Bottom","Cambria",78013,91537,13524,3,7
"Sign Bottom","Cambria",31133,72851,41718,3,1
"Sign Bottom","Cambria",226151,238887,12736,1,7
"Sign Bottom","Calibri",102034,119200,17166,4,0
"Sign Bottom","Calibri",35968,72665,36697,8,5
"Sign Top","Cambria",22220,31040,8820,0,0
"Sign Top","Calibri",61000,110680,49680,0,0
"Sign Bottom","Calibri",129294,162561,33267,4,1
"Sign Top","Cambria",101951,149058,47107,1,8
"Sign Bottom","Cambria",99965,146434,46469,5,4
"Sign Bottom","Calibri",52910,95154,42244,0,4
"Sign Bottom","Calibri",111312,132434,21122,2,4
"Sign Bottom","Cambria",53315,77388,24073,5,8
"Sign Bottom","Cambria",6167,27246,21079,7,6
"Sign Top","Calibri",158540,173474,14934,0,4
"Sign Bottom","Calibri",100444,135933,35489,4,3
"Sign Bottom","Cambria",7911,17773,9862,1,3
"Sign Top","Calibri",38266,61303,23037,6,3
"Sign Top","Cambria",92840,122294,29454,0,4
"Sign Bottom","Calibri",124987,133384,8397,7,4
"Sign Bottom","Cambria",29153,45869,16716,3,9
"Sign Top","Calibri",42643,58172,15529,3,2
"Sign Bottom","Cambria",61311,104965,43654,1,5
"Sign Bottom","Calibri",52000,57839,5839,0,9
"Sign Top","Calibri",40000,57571,17571,0,1
"Sign Bottom","Cambria",114466,148929,34463,6,9
"Sign Bottom","Calibri",71341,111133,39792,1,3
"Sign Top","Cambria",67105,72776,5671,5,6
"Sign Bottom","Cambria",211591,224400,12809,1,0
"Sign Bottom","Cambria",28962,29570,608,2,0
"Sign Bottom","Calibri",46962,91486,44524,2,6
"Sign Bottom","Cambria",88583,138079,49496,3,9
"Sign Bottom","Calibri",97773,143834,46061,3,4
"Sign Top","Cambria",23431,64355,40924,1,5
"Sign Bottom","Cambria",177501,217187,39686,1,7
"Sign Bottom","Calibri",10342,13154,2812,2,4
"Sign Top","Cambria",21598,53817,32219,8,7
"Sign Bottom","Calibri",98632,108550,9918,2,0
"Sign Top","Calibri",44529,94203,49674,9,3
"Sign Top","Cambria",5096,26442,21346,6,2
"Sign Top","Calibri",64000,69244,5244,0,4
"Sign Bottom","Calibri",23100,66876,43776,0,6
"Sign Bottom","Cambria",72309,119280,46971,9,0
"Sign Top","Calibri",129200,166521,37321,0,1
"Sign Top","Cambria",12288,15753,3465,8,3
"Sign Bottom","Cambria",51539,80511,28972,9,1
"Sign Bottom","Cambria",58239,62607,4368,9,7
"Sign Bottom","Cambria",90098,124727,34629,8,7
"Sign Bottom","Cambria",196057,210340,14283,7,0
"Sign Top","Cambria",83247,92062,8815,7,2
"Sign Bottom","Calibri",86333,102962,16629,3,2
"Sign Bottom","Calibri",65104,110239,45135,4,9
"Sign Bottom","Calibri",129071,172237,43166,1,7
"Sign Top","Calibri",47000,59073,12073,0,3
"Sign Bottom","Calibri",35611,80914,45303,1,4
"Sign Bottom","Calibri",149000,153958,4958,0,8
"Sign Top","Calibri",14547,61109,46562,7,9
"Sign Bottom","Calibri",160615,185501,24886,5,1
"Sign Top","Cambria",184382,212916,28534,2,6
"Sign Bottom","Calibri",42355,47955,5600,5,5
"Sign Top","Calibri",38000,60174,22174,0,4
"Sign Bottom","Cambria",131370,147409,16039,0,9
"Sign Top","Calibri",0,1414,1414,0,4
"Sign Bottom","Cambria",177905,203222,25317,5,2
"Sign Bottom","Calibri",63436,70469,7033,6,9
"Sign Top","Cambria",21352,61665,40313,2,5
"Sign Top","Cambria",230699,236699,6000,9,9
"Sign Bottom","Calibri",36500,44627,8127,0,7
"Sign Top","Cambria",138832,146890,8058,2,0
"Sign Top","Cambria",78391,100181,21790,1,1
"Sign Bottom","Calibri",16306,46194,29888,6,4
"Sign Bottom","Calibri",90733,112367,21634,3,7
"Sign Bottom","Calibri",74935,123618,48683,5,8
"Sign Bottom","Calibri",43909,52125,8216,9,5
"Sign Top","Cambria",140389,184037,43648,9,7
"Sign Bottom","Calibri",96301,98761,2460,1,1
"Sign Top","Cambria",65845,108787,42942,5,7
"Sign Bottom","Calibri",209785,224069,14284,5,9
"Sign Top","Calibri",51916,68094,16178,6,4
"Sign Top","Cambria",275,19036,18761,5,6
"Sign Bottom","Calibri",163314,186844,23530,4,4
"Sign Bottom","Cambria",88799,129768,40969,9,8
"Sign Bottom","Calibri",141832,171320,29488,2,0
"Sign Top","Calibri",35252,65200,29948,2,0
"Sign Top","Cambria",93280,142845,49565,0,5
"Sign Top","Calibri",118000,151384,33384,0,4
"Sign Top","Calibri",6700,20773,14073,0,3
"Sign Top","Calibri",18000,38979,20979,0,9
"Sign Bottom","Calibri",103050,105074,2024,0,4
"Sign Top","Calibri",80014,112216,32202,4,6
"Sign Top","Cambria",49412,62489,13077,2,9
"Sign Top","Calibri",114500,145926,31426,0,6
"Sign Bottom","Calibri",327774,341440,13666,4,0
"Sign Bottom","Calibri",62480,72088,9608,0,8
"Sign Top","Cambria",35275,80678,45403,5,8
"Sign Bottom","Calibri",1563,40626,39063,3,6
"Sign Top","Cambria",131575,178746,47171,5,6
"Sign Bottom","Calibri",38417,52412,13995,7,2
"Sign Bottom","Calibri",119097,125303,6206,7,3
"Sign Bottom","Calibri",80000,82747,2747,0,7
"Sign Top","Cambria",92765,100453,7688,5,3
"Sign Bottom","Calibri",24000,63879,39879,0,9
"Sign Top","Cambria",32992,38362,5370,2,2
"Sign Top","Cambria",1997,44927,42930,7,7
"Sign Top","Cambria",103857,141189,37332,7,9
"Sign Bottom","Cambria",42544,54734,12190,4,4
"Sign Bottom","Calibri",46840,52682,5842,0,2
"Sign Bottom","Cambria",99480,121551,22071,0,1
"Sign Top","Calibri",20363,65064,44701,3,4
"Sign Bottom","Cambria",260182,287350,27168,2,0
"Sign Top","Calibri",16496,54686,38190,6,6
"Sign Top","Calibri",130000,162488,32488,0,8
"Sign Bottom","Cambria",3311,26375,23064,1,5
"Sign Bottom","Cambria",65175,94100,28925,5,0
"Sign Top","Cambria",842,43341,42499,2,1
"Sign Bottom","Calibri",137854,178005,40151,4,5
"Sign Top","Calibri",30213,61734,31521,3,4
"Sign Bottom","Calibri",38247,48938,10691,7,8
"Sign Top","Cambria",1760,31252,29492,0,2
"Sign Top","Cambria",642,43358,42716,2,8
"Sign Top","Cambria",46136,52783,6647,6,3
"Sign Top","Calibri",43000,59974,16974,0,4
"Sign Top","Calibri",121734,171287,49553,4,7
"Sign Bottom","Calibri",49127,83525,34398,7,5
"Sign Top","Cambria",5298,41583,36285,8,3
"Sign Bottom","Cambria",25837,45045,19208,7,5
"Sign Top","Cambria",59575,103821,44246,5,1
"Sign Top","Calibri",1600,48250,46650,0,0
"Sign Top","Cambria",1385,14376,12991,5,6
"Sign Top","Cambria",31363,50267,18904,3,7
"Sign Top","Cambria",102,38724,38622,2,4
"Sign Top","Calibri",73414,113870,40456,4,0
"Sign Top","Calibri",66711,91357,24646,1,7
"Sign Bottom","Calibri",133301,182781,49480,1,1
"Sign Bottom","Calibri",49987,52955,2968,7,5
"Sign Top","Calibri",91054,91085,31,4,5
"Sign Top","Calibri",179000,200596,21596,0,6
"Sign Bottom","Calibri",172726,216712,43986,6,2
"Sign Bottom","Cambria",168362,195600,27238,2,0
"Sign Bottom","Calibri",27096,32754,5658,6,4
"Sign Bottom","Cambria",40222,83907,43685,2,7
"Sign Bottom","Cambria",38839,80609,41770,9,9
"Sign Top","Cambria",70435,93658,23223,5,8
"Sign Bottom","Calibri",178000,223620,45620,0,0
"Sign Bottom","Cambria",5796,34034,28238,6,4
"Sign Top","Calibri",4500,18796,14296,0,6
"Sign Bottom","Cambria",98444,118280,19836,4,0
"Sign Top","Calibri",144000,188627,44627,0,7
"Sign Top","Cambria",15917,65769,49852,7,9
"Sign Top","Calibri",40000,72931,32931,0,1
"Sign Top","Cambria",51046,76349,25303,6,9
"Sign Bottom","Calibri",93065,102739,9674,5,9
"Sign Top","Cambria",20365,39313,18948,5,3
"Sign Bottom","Calibri",23604,72179,48575,4,9
"Sign Bottom","Calibri",268330,286734,18404,0,4
"Sign Top","Cambria",66873,80047,13174,3,7
"Sign Bottom","Cambria",104659,147579,42920,9,9
"Sign Bottom","Calibri",156000,158664,2664,0,4
"Sign Top","Cambria",6380,8218,1838,0,8
"Sign Bottom","Cambria",42071,53608,11537,1,8
"Sign Top","Cambria",77847,110303,32456,7,3
"Sign Top","Cambria",90914,122894,31980,4,4
"Sign Top","Calibri",45607,91986,46379,7,6
"Sign Top","Calibri",70100,98611,28511,0,1
"Sign Bottom","Calibri",36869,60726,23857,9,6
"Sign Top","Calibri",22672,48469,25797,2,9
"Sign Bottom","Calibri",37242,81454,44212,2,4
"Sign Top","Cambria",102743,140131,37388,3,1
"Sign Top","Cambria",133712,183013,49301,2,3
"Sign Bottom","Cambria",51300,63967,12667,0,7
"Sign Top","Calibri",220,6024,5804,0,4
"Sign Top","Cambria",187589,193613,6024,9,3
"Sign Top","Calibri",30000,53069,23069,0,9
"Sign Top","Calibri",46206,81944,35738,6,4
"Sign Top","Calibri",36000,69852,33852,0,2
"Sign Top","Calibri",71898,116163,44265,8,3
"Sign Bottom","Cambria",66632,100119,33487,2,9
"Sign Top","Cambria",28378,60655,32277,8,5
"Sign Bottom","Cambria",8217,16338,8121,7,8
"Sign Bottom","Cambria",318458,348269,29811,8,9
"Sign Bottom","Cambria",20499,56198,35699,9,8
"Sign Bottom","Cambria",81099,87459,6360,9,9
"Sign Bottom","Cambria",169896,200276,30380,6,6
"Sign Top","Cambria",701,28990,28289,1,0
"Sign Bottom","Calibri",48585,74976,26391,5,6
"Sign Bottom","Calibri",58120,83782,25662,0,2
"Sign Bottom","Cambria",143003,182060,39057,3,0
"Sign Bottom","Cambria",190932,217957,27025,2,7
"Sign Bottom","Calibri",17530,60743,43213,0,3
"Sign Bottom","Calibri",159535,187463,27928,5,3
"Sign Bottom","Calibri",268053,298901,30848,3,1
"Sign Bottom","Calibri",7735,8093,358,5,3
"Sign Bottom","Cambria",43194,43854,660,4,4
"Sign Bottom","Calibri",68000,76968,8968,0,8
"Sign Top","Calibri",58146,65095,6949,6,5
"Sign Bottom","Cambria",79630,116265,36635,0,5
"Sign Top","Cambria",40027,63353,23326,7,3
"Sign Bottom","Calibri",65401,68342,2941,1,2
"Sign Bottom","Calibri",90000,104001,14001,0,1
"Sign Bottom","Calibri",16432,56762,40330,2,2
"Sign Bottom","Cambria",14853,49655,34802,3,5
"Sign Bottom","Calibri",5690,24899,19209,0,9
"Sign Top","Cambria",89830,108033,18203,0,3
"Sign Top","Cambria",7775,56055,48280,5,5
"Sign Bottom","Calibri",15264,16026,762,4,6
"Sign Bottom","Calibri",119407,162882,43475,7,2
"Sign Bottom","Calibri",72120,120131,48011,0,1
"Sign Bottom","Calibri",54000,62562,8562,0,2
"Sign Top","Calibri",63100,98451,35351,0,1
"Sign Top","Calibri",92070,125408,33338,0,8
"Sign Top","Calibri",36,16029,15993,6,9
"Sign Top","Calibri",36000,80062,44062,0,2
"Sign Bottom","Cambria",120438,145546,25108,8,6
"Sign Bottom","Cambria",58459,87715,29256,9,5
"Sign Top","Cambria",113985,125653,11668,5,3
"Sign Top","Calibri",0,8605,8605,0,5
"Sign Bottom","Calibri",57464,72224,14760,4,4
"Sign Top","Calibri",1e+05,118500,18500,0,0
"Sign Top","Cambria",32408,80575,48167,8,5
"Sign Top","Calibri",20283,51502,31219,3,2
"Sign Bottom","Cambria",116013,141026,25013,3,6
"Sign Top","Calibri",45000,94845,49845,0,5
"Sign Bottom","Cambria",94952,113443,18491,2,3
"Sign Bottom","Cambria",36019,67007,30988,9,7
"Sign Top","Cambria",20,25279,25259,0,9
"Sign Top","Cambria",935,17465,16530,5,5
"Sign Bottom","Cambria",22594,49221,26627,4,1
"Sign Top","Calibri",77361,109931,32570,1,1
"Sign Bottom","Cambria",83207,121461,38254,7,1
"Sign Top","Calibri",89926,116224,26298,6,4
"Sign Bottom","Cambria",88193,95772,7579,3,2
"Sign Top","Cambria",35785,83341,47556,5,1
"Sign Bottom","Cambria",93387,97531,4144,7,1
"Sign Top","Calibri",52000,88940,36940,0,0
"Sign Top","Calibri",43397,77886,34489,7,6
"Sign Bottom","Cambria",178419,201558,23139,9,8
"Sign Top","Cambria",1007,32769,31762,7,9
"Sign Top","Calibri",386,3041,2655,6,1
"Sign Top","Calibri",130700,138300,7600,0,0
"Sign Bottom","Cambria",83880,95721,11841,0,1
"Sign Bottom","Cambria",104935,120539,15604,5,9
"Sign Top","Cambria",12822,50006,37184,2,6
"Sign Bottom","Calibri",10187,21353,11166,7,3
"Sign Top","Cambria",322,44114,43792,2,4
"Sign Bottom","Calibri",36600,78537,41937,0,7
"Sign Top","Cambria",82324,118041,35717,4,1
"Sign Top","Cambria",76286,92212,15926,6,2
"Sign Bottom","Calibri",44553,60335,15782,3,5
"Sign Top","Cambria",27824,47139,19315,4,9
"Sign Bottom","Cambria",188387,204813,16426,7,3
"Sign Top","Calibri",46000,66984,20984,0,4
"Sign Top","Calibri",70000,101208,31208,0,8
"Sign Bottom","Calibri",99480,143893,44413,0,3
"Sign Bottom","Calibri",20000,58839,38839,0,9
"Sign Bottom","Calibri",122273,149264,26991,3,4
"Sign Bottom","Calibri",2785,39015,36230,5,5
"Sign Bottom","Cambria",7451,48941,41490,1,1
"Sign Top","Calibri",0,22386,22386,0,6
"Sign Bottom","Calibri",27573,51670,24097,3,0
"Sign Bottom","Calibri",61683,67418,5735,3,8
"Sign Bottom","Cambria",95219,108068,12849,9,8
"Sign Top","Calibri",170000,175204,5204,0,4
"Sign Top","Cambria",108409,145490,37081,9,0
"Sign Top","Calibri",236,47692,47456,6,2
"Sign Bottom","Calibri",92540,103256,10716,0,6
"Sign Bottom","Calibri",153000,158847,5847,0,7
"Sign Bottom","Calibri",19320,42604,23284,0,4
"Sign Bottom","Cambria",99592,114658,15066,2,8
"Sign Top","Calibri",17000,22367,5367,0,7
"Sign Top","Calibri",175000,197574,22574,0,4
"Sign Top","Cambria",56986,92763,35777,6,3
"Sign Bottom","Cambria",57744,101830,44086,4,0
"Sign Bottom","Calibri",205113,249449,44336,3,9
"Sign Top","Cambria",92714,121041,28327,4,1
"Sign Bottom","Calibri",115500,129292,13792,0,2
"Sign Top","Cambria",46596,78114,31518,6,4
"Sign Bottom","Cambria",48799,64433,15634,9,3
"Sign Bottom","Cambria",69021,95294,26273,1,4
"Sign Bottom","Cambria",24311,46776,22465,1,6
"Sign Top","Cambria",649,22122,21473,9,2
"Sign Top","Cambria",81486,114917,33431,6,7
"Sign Bottom","Calibri",41285,58217,16932,5,7
"Sign Bottom","Calibri",44483,61897,17414,3,7
"Sign Top","Calibri",37000,38953,1953,0,3
"Sign Bottom","Cambria",7407,27383,19976,7,3
"Sign Bottom","Cambria",31702,61586,29884,2,6
"Sign Bottom","Calibri",112000,157288,45288,0,8
"Sign Top","Calibri",170528,214917,44389,8,7
"Sign Top","Cambria",136236,169028,32792,6,8
"Sign Bottom","Cambria",48946,72049,23103,6,9
"Sign Bottom","Calibri",26809,36130,9321,9,0
"Sign Top","Calibri",49733,80540,30807,3,0
"Sign Top","Cambria",44803,49921,5118,3,1
"Sign Top","Calibri",42412,76145,33733,2,5
"Sign Bottom","Calibri",70394,80992,10598,4,2
"Sign Top","Cambria",812,820,8,2,0
"Sign Bottom","Calibri",119463,145458,25995,3,8
"Sign Top","Calibri",56500,78075,21575,0,5
"Sign Top","Cambria",84971,101641,16670,1,1
"Sign Bottom","Calibri",119015,129267,10252,5,7
"Sign Top","Cambria",122220,128956,6736,0,6
"Sign Top","Cambria",795,12445,11650,5,5
"Sign Top","Cambria",80063,113605,33542,3,5
"Sign Top","Calibri",114100,134812,20712,0,2
"Sign Top","Cambria",95201,142465,47264,1,5
"Sign Top","Calibri",84728,98442,13714,8,2
"Sign Bottom","Calibri",31728,36822,5094,8,2
"Sign Bottom","Calibri",31512,68078,36566,2,8
"Sign Top","Cambria",704,37606,36902,4,6
"Sign Bottom","Cambria",19477,55365,35888,7,5
"Sign Bottom","Calibri",149280,169086,19806,0,6
"Sign Bottom","Calibri",194214,226537,32323,4,7
"Sign Bottom","Calibri",35038,49669,14631,8,9
"Sign Top","Calibri",24224,69535,45311,4,5
"Sign Bottom","Cambria",6088,47341,41253,8,1
"Sign Top","Cambria",13014,41486,28472,4,6
"Sign Top","Cambria",24371,70242,45871,1,2
"Sign Top","Calibri",126300,154507,28207,0,7
"Sign Bottom","Cambria",94000,117768,23768,0,8
"Sign Bottom","Cambria",79594,115906,36312,4,6
"Sign Top","Cambria",40438,80454,40016,8,4
"Sign Top","Calibri",106000,135289,29289,0,9
"Sign Top","Calibri",103098,121085,17987,8,5
"Sign Top","Calibri",56047,78611,22564,7,1
"Sign Top","Cambria",30341,52360,22019,1,0
"Sign Bottom","Cambria",89172,124661,35489,2,1
"Sign Top","Calibri",58500,65202,6702,0,2
"Sign Bottom","Calibri",42894,68114,25220,4,4
"Sign Bottom","Calibri",88447,110894,22447,7,4
"Sign Top","Cambria",35917,81773,45856,7,3
"Sign Top","Cambria",75199,105098,29899,9,8
"Sign Top","Cambria",13037,48205,35168,7,5
"Sign Top","Cambria",107709,119073,11364,9,3
"Sign Bottom","Calibri",77026,78753,1727,6,3
"Sign Top","Calibri",0,37212,37212,0,2
"Sign Bottom","Calibri",34746,77852,43106,6,2
"Sign Top","Calibri",59058,88122,29064,8,2
"Sign Top","Cambria",130208,163384,33176,8,4
"Sign Top","Cambria",42488,85222,42734,8,2
"Sign Bottom","Cambria",118651,163810,45159,1,0
"Sign Bottom","Calibri",40840,61398,20558,0,8
"Sign Top","Cambria",675,13512,12837,5,2
"Sign Top","Cambria",97633,100353,2720,3,3
"Sign Bottom","Cambria",129585,131316,1731,5,6
"Sign Top","Calibri",30000,58824,28824,0,4
"Sign Top","Calibri",9390,53219,43829,0,9
"Sign Top","Calibri",2600,39634,37034,0,4
"Sign Bottom","Cambria",62838,99589,36751,8,9
"Sign Top","Cambria",69125,73511,4386,5,1
"Sign Top","Cambria",39343,59144,19801,3,4
"Sign Top","Calibri",25634,26388,754,4,8
"Sign Bottom","Calibri",23600,36976,13376,0,6
"Sign Top","Cambria",23393,23923,530,3,3
"Sign Top","Calibri",10,44687,44677,0,7
"Sign Bottom","Cambria",82093,93873,11780,3,3
"Sign Top","Calibri",60185,102713,42528,5,3
"Sign Top","Cambria",118079,146930,28851,9,0
"Sign Top","Calibri",500,30724,30224,0,4
"Sign Bottom","Calibri",19420,52619,33199,0,9
"Sign Bottom","Cambria",104991,134985,29994,1,5
"Sign Bottom","Cambria",60246,92796,32550,6,6
"Sign Top","Calibri",17000,55397,38397,0,7
"Sign Bottom","Cambria",53761,63850,10089,1,0
"Sign Top","Cambria",12250,15562,3312,0,2
"Sign Top","Calibri",55532,88871,33339,2,1
"Sign Top","Calibri",5427,8089,2662,7,9
"Sign Top","Calibri",9000,56973,47973,0,3
"Sign Top","Calibri",167293,184171,16878,3,1
"Sign Bottom","Calibri",7561,40397,32836,1,7
"Sign Bottom","Cambria",20156,55448,35292,6,8
"Sign Bottom","Cambria",179658,205199,25541,8,9
"Sign Bottom","Calibri",72691,107309,34618,1,9
"Sign Bottom","Calibri",88136,90493,2357,6,3
"Sign Bottom","Cambria",286120,306619,20499,0,9
"Sign Bottom","Cambria",195412,221133,25721,2,3
"Sign Top","Calibri",15000,49643,34643,0,3
"Sign Top","Calibri",110569,111831,1262,9,1
"Sign Top","Cambria",25017,71023,46006,7,3
"Sign Top","Calibri",19019,66992,47973,9,2
"Sign Top","Calibri",2,2045,2043,2,5
"Sign Bottom","Cambria",31087,80571,49484,7,1
"Sign Bottom","Cambria",76605,110989,34384,5,9
"Sign Top","Cambria",510,46128,45618,0,8
"Sign Bottom","Calibri",72150,87455,15305,0,5
"Sign Top","Calibri",59000,69906,10906,0,6
"Sign Bottom","Calibri",130000,148266,18266,0,6
"Sign Top","Calibri",223629,252145,28516,9,5
"Sign Bottom","Cambria",34449,62439,27990,9,9
"Sign Bottom","Calibri",51199,92108,40909,9,8
"Sign Bottom","Calibri",23726,56382,32656,6,2
"Sign Top","Calibri",70912,85383,14471,2,3
"Sign Top","Cambria",17365,24959,7594,5,9
"Sign Bottom","Cambria",111434,157783,46349,4,3
"Sign Top","Calibri",20044,63233,43189,4,3
"Sign Top","Calibri",150000,190954,40954,0,4
"Sign Top","Cambria",494,47511,47017,4,1
"Sign Bottom","Cambria",113832,154996,41164,2,6
"Sign Top","Cambria",20766,66179,45413,6,9
"Sign Bottom","Cambria",44178,58691,14513,8,1
"Sign Bottom","Calibri",111201,142206,31005,1,6
"Sign Bottom","Calibri",117786,125289,7503,6,9
"Sign Top","Cambria",77761,124565,46804,1,5
"Sign Top","Calibri",60826,66961,6135,6,1
"Sign Bottom","Cambria",105984,131868,25884,4,8
"Sign Bottom","Calibri",70713,106295,35582,3,5
"Sign Top","Cambria",83643,121397,37754,3,7
"Sign Bottom","Calibri",63670,109174,45504,0,4
"Sign Bottom","Cambria",87903,100736,12833,3,6
"Sign Top","Calibri",206092,237876,31784,2,6
"Sign Top","Cambria",50229,82798,32569,9,8
"Sign Top","Cambria",46992,81481,34489,2,1
"Sign Top","Calibri",34573,70325,35752,3,5
"Sign Bottom","Cambria",23796,66689,42893,6,9
"Sign Top","Cambria",73576,106058,32482,6,8
"Sign Bottom","Calibri",85941,123166,37225,1,6
"Sign Bottom","Calibri",30064,79515,49451,4,5
"Sign Top","Calibri",171000,211011,40011,0,1
"Sign Top","Calibri",263,30606,30343,3,6
"Sign Top","Cambria",116945,133435,16490,5,5
"Sign Top","Calibri",18,3812,3794,8,2
"Sign Bottom","Calibri",69453,92547,23094,3,7
"Sign Top","Calibri",121067,137652,16585,7,2
"Sign Bottom","Cambria",206520,227166,20646,0,6
"Sign Bottom","Calibri",146510,185224,38714,0,4
"Sign Top","Calibri",7117,33178,26061,7,8
"Sign Bottom","Calibri",22871,52915,30044,1,5
"Sign Top","Calibri",50000,72191,22191,0,1
"Sign Top","Cambria",18853,53429,34576,3,9
"Sign Top","Cambria",98216,122466,24250,6,6
"Sign Bottom","Cambria",96524,117124,20600,4,4
"Sign Bottom","Cambria",95748,103343,7595,8,3
"Sign Bottom","Cambria",19001,55395,36394,1,5
"Sign Bottom","Calibri",13700,48420,34720,0,0
"Sign Top","Calibri",95444,137695,42251,4,5
"Sign Top","Cambria",120031,165421,45390,1,1
"Sign Top","Cambria",59490,81172,21682,0,2
"Sign Top","Calibri",0,5977,5977,0,7
"Sign Top","Cambria",66022,114247,48225,2,7
"Sign Top","Cambria",115716,133636,17920,6,6
"Sign Bottom","Cambria",78323,111989,33666,3,9
"Sign Bottom","Cambria",14180,38134,23954,0,4
"Sign Top","Calibri",91869,137578,45709,9,8
"Sign Top","Cambria",44259,64233,19974,9,3
"Sign Top","Cambria",57622,96989,39367,2,9
"Sign Top","Calibri",113008,144258,31250,8,8
"Sign Bottom","Cambria",31961,49103,17142,1,3
"Sign Top","Cambria",1186,28417,27231,6,7
"Sign Bottom","Cambria",11591,16644,5053,1,4
"Sign Bottom","Cambria",75231,89275,14044,1,5
"Sign Top","Cambria",2029,27350,25321,9,0
"Sign Top","Cambria",35744,75155,39411,4,5
"Sign Bottom","Cambria",7043,36823,29780,3,3
"Sign Top","Cambria",48253,57734,9481,3,4
"Sign Top","Calibri",98000,140495,42495,0,5
"Sign Bottom","Calibri",87102,110785,23683,2,5
"Sign Bottom","Calibri",28043,56330,28287,3,0
"Sign Top","Cambria",17344,62027,44683,4,7
"Sign Bottom","Calibri",102660,119808,17148,0,8
"Sign Top","Cambria",186380,214446,28066,0,6
"Sign Top","Calibri",13000,43426,30426,0,6
"Sign Bottom","Calibri",221639,226799,5160,9,9
"Sign Top","Calibri",19000,40464,21464,0,4
"Sign Bottom","Calibri",17237,30942,13705,7,2
"Sign Top","Calibri",65000,99591,34591,0,1
"Sign Top","Calibri",28941,46973,18032,1,3
"Sign Bottom","Calibri",299100,312384,13284,0,4
"Sign Top","Cambria",90822,130111,39289,2,1
"Sign Bottom","Calibri",89140,131529,42389,0,9
"Sign Top","Cambria",175359,179411,4052,9,1
"Sign Bottom","Calibri",44809,50101,5292,9,1
"Sign Top","Cambria",54247,100073,45826,7,3
"Sign Bottom","Cambria",68812,72905,4093,2,5
"Sign Bottom","Calibri",36999,69650,32651,9,0
"Sign Top","Cambria",75453,97406,21953,3,6
"Sign Bottom","Calibri",146006,188147,42141,6,7
"Sign Top","Calibri",18543,36899,18356,3,9
"Sign Top","Calibri",104000,138787,34787,0,7
"Sign Top","Cambria",45551,90119,44568,1,9
"Sign Bottom","Cambria",46494,73493,26999,4,3
"Sign Top","Cambria",200776,222079,21303,6,9
"Sign Top","Calibri",1300,12755,11455,0,5
"Sign Top","Calibri",85255,85881,626,5,1
"Sign Bottom","Cambria",121320,132787,11467,0,7
"Sign Bottom","Calibri",51929,73673,21744,9,3
"Sign Top","Cambria",37289,57968,20679,9,8
"Sign Top","Calibri",40000,74723,34723,0,3
"Sign Top","Calibri",48000,84910,36910,0,0
"Sign Bottom","Cambria",72860,115011,42151,0,1
"Sign Top","Calibri",16000,44278,28278,0,8
"Sign Top","Cambria",23734,55152,31418,4,2
"Sign Bottom","Cambria",73479,87549,14070,9,9
"Sign Bottom","Cambria",14433,53850,39417,3,0
"Sign Bottom","Cambria",85193,118587,33394,3,7
"Sign Top","Cambria",18152,30447,12295,2,7
"Sign Top","Calibri",20461,24508,4047,1,8
"Sign Top","Calibri",52600,101965,49365,0,5
"Sign Top","Calibri",32096,32536,440,6,6
"Sign Bottom","Cambria",61126,89634,28508,6,4
"Sign Bottom","Calibri",101627,105029,3402,7,9
"Sign Top","Calibri",32000,62228,30228,0,8
"Sign Top","Calibri",0,5540,5540,0,0
"Sign Top","Cambria",80403,129934,49531,3,4
"Sign Bottom","Calibri",117263,165823,48560,3,3
"Sign Top","Cambria",293,32851,32558,3,1
"Sign Bottom","Cambria",59484,74188,14704,4,8
"Sign Top","Calibri",90000,114720,24720,0,0
"Sign Top","Calibri",72455,103155,30700,5,5
"Sign Top","Calibri",21000,65295,44295,0,5
"Sign Bottom","Cambria",35309,71656,36347,9,6
"Sign Bottom","Calibri",83079,121259,38180,9,9
"Sign Top","Calibri",1,44293,44292,1,3
"Sign Top","Calibri",31000,78669,47669,0,9
"Sign Top","Cambria",22641,39497,16856,1,7
"Sign Bottom","Calibri",81127,118308,37181,7,8
"Sign Top","Cambria",9058,25998,16940,8,8
"Sign Top","Calibri",64234,65260,1026,4,0
"Sign Top","Calibri",2,49821,49819,2,1
"Sign Top","Cambria",36169,63084,26915,9,4
"Sign Top","Calibri",94000,98295,4295,0,5
"Sign Bottom","Cambria",71333,117490,46157,3,0
"Sign Top","Calibri",24225,48859,24634,5,9
"Sign Bottom","Cambria",36936,64206,27270,6,6
"Sign Top","Calibri",318102,347989,29887,2,9
"Sign Bottom","Calibri",11648,12195,547,8,5
"Sign Bottom","Calibri",46871,89431,42560,1,1
"Sign Top","Calibri",9050,55782,46732,0,2
"Sign Bottom","Calibri",19000,59015,40015,0,5
"Sign Top","Cambria",30853,40453,9600,3,3
"Sign Bottom","Calibri",54178,82345,28167,8,5
"Sign Top","Calibri",34000,54047,20047,0,7
"Sign Top","Cambria",102482,140688,38206,2,8
"Sign Bottom","Calibri",77769,105129,27360,9,9
"Sign Top","Calibri",133000,163049,30049,0,9
"Sign Top","Calibri",77500,111260,33760,0,0
"Sign Bottom","Calibri",152246,175854,23608,6,4
"Sign Bottom","Cambria",18077,41443,23366,7,3
"Sign Top","Cambria",60778,96735,35957,8,5
"Sign Bottom","Calibri",77369,95140,17771,9,0
"Sign Top","Calibri",0,31618,31618,0,8
"Sign Top","Calibri",134000,167486,33486,0,6
"Sign Top","Calibri",20,40071,40051,0,1
"Sign Bottom","Cambria",2206,7320,5114,6,0
"Sign Bottom","Cambria",108247,132090,23843,7,0
"Sign Bottom","Calibri",134668,159143,24475,8,3
"Sign Bottom","Cambria",12815,56230,43415,5,0
"Sign Top","Calibri",72139,94068,21929,9,8
"Sign Top","Calibri",50,20162,20112,0,2
"Sign Bottom","Calibri",78436,99294,20858,6,4
"Sign Bottom","Calibri",104104,106751,2647,4,1
"Sign Top","Cambria",11409,42990,31581,9,0
"Sign Bottom","Calibri",160102,169086,8984,2,6
"Sign Top","Calibri",33457,73318,39861,7,8
"Sign Top","Cambria",46516,63902,17386,6,2
"Sign Bottom","Calibri",49995,55163,5168,5,3
"Sign Bottom","Cambria",23860,64227,40367,0,7
"Sign Top","Cambria",116382,118212,1830,2,2
"Sign Top","Calibri",125530,149310,23780,0,0
"Sign Top","Calibri",765,34005,33240,5,5
"Sign Top","Calibri",49381,58159,8778,1,9
"Sign Bottom","Calibri",25468,36558,11090,8,8
"Sign Bottom","Calibri",29239,51683,22444,9,3
"Sign Bottom","Cambria",87825,98705,10880,5,5
"Sign Top","Calibri",51000,57655,6655,0,5
"Sign Bottom","Cambria",208003,230711,22708,3,1
"Sign Top","Cambria",63504,99427,35923,4,7
"Sign Bottom","Cambria",53427,85871,32444,7,1
"Sign Bottom","Calibri",54564,85636,31072,4,6
"Sign Top","Calibri",47100,50378,3278,0,8
"Sign Top","Cambria",935,15201,14266,5,1
"Sign Top","Calibri",33518,71151,37633,8,1
"Sign Bottom","Cambria",85940,131099,45159,0,9
"Sign Bottom","Cambria",118945,162738,43793,5,8
"Sign Bottom","Cambria",48604,94631,46027,4,1
"Sign Top","Cambria",220723,270544,49821,3,4
"Sign Bottom","Cambria",31020,55681,24661,0,1
"Sign Top","Calibri",8240,37449,29209,0,9
"Sign Top","Calibri",46017,71794,25777,7,4
"Sign Top","Cambria",21629,62119,40490,9,9
"Sign Top","Calibri",90413,127392,36979,3,2
"Sign Bottom","Cambria",46088,81167,35079,8,7
"Sign Bottom","Cambria",12316,39660,27344,6,0
"Sign Top","Cambria",40278,76051,35773,8,1
"Sign Bottom","Cambria",9057,56006,46949,7,6
"Sign Top","Calibri",14473,47211,32738,3,1
"Sign Top","Cambria",17514,38565,21051,4,5
"Sign Top","Cambria",47460,85855,38395,0,5
"Sign Top","Cambria",169306,173326,4020,6,6
"Sign Top","Cambria",100977,125240,24263,7,0
"Sign Bottom","Cambria",36821,69487,32666,1,7
"Sign Top","Cambria",96403,128471,32068,3,1
"Sign Top","Calibri",24000,27960,3960,0,0
"Sign Bottom","Cambria",36275,52060,15785,5,0
"Sign Bottom","Calibri",20716,39392,18676,6,2
"Sign Top","Calibri",302,3656,3354,2,6
"Sign Bottom","Calibri",109899,144864,34965,9,4
"Sign Top","Cambria",40055,47005,6950,5,5
"Sign Bottom","Cambria",102487,138969,36482,7,9
"Sign Top","Calibri",88500,133480,44980,0,0
"Sign Bottom","Calibri",15610,32128,16518,0,8
"Sign Bottom","Calibri",58479,91208,32729,9,8
"Sign Top","Calibri",73500,104087,30587,0,7
"Sign Bottom","Cambria",91939,113453,21514,9,3
"Sign Bottom","Calibri",43342,54594,11252,2,4
"Sign Top","Cambria",108864,149683,40819,4,3
"Sign Bottom","Calibri",75307,110367,35060,7,7
"Sign Bottom","Calibri",125540,130407,4867,0,7
"Sign Top","Cambria",17122,26587,9465,2,7
"Sign Top","Cambria",30953,45324,14371,3,4
"Sign Top","Cambria",936,18547,17611,6,7
"Sign Bottom","Calibri",30697,63503,32806,7,3
"Sign Top","Cambria",34205,54312,20107,5,2
"Sign Bottom","Cambria",77264,122675,45411,4,5
"Sign Bottom","Calibri",47870,89243,41373,0,3
"Sign Top","Cambria",17643,57360,39717,3,0
"Sign Bottom","Calibri",89530,112925,23395,0,5
"Sign Bottom","Calibri",43095,64693,21598,5,3
"Sign Bottom","Cambria",71235,81147,9912,5,7
"Sign Bottom","Cambria",71800,83220,11420,0,0
"Sign Top","Calibri",2600,16727,14127,0,7
"Sign Top","Calibri",0,17228,17228,0,8
"Sign Top","Cambria",845,25093,24248,5,3
"Sign Top","Cambria",80509,103571,23062,9,1
"Sign Bottom","Cambria",76433,108672,32239,3,2
"Sign Top","Cambria",87768,123026,35258,8,6
"Sign Top","Cambria",29,45658,45629,9,8
"Sign Bottom","Calibri",50791,84013,33222,1,3
"Sign Top","Calibri",20804,57299,36495,4,9
"Sign Top","Cambria",50,32847,32797,0,7
"Sign Top","Cambria",10043,19964,9921,3,4
"Sign Top","Cambria",73773,94564,20791,3,4
"Sign Bottom","Calibri",443920,466248,22328,0,8
"Sign Top","Cambria",23658,67136,43478,8,6
"Sign Bottom","Calibri",5845,11564,5719,5,4
"Sign Bottom","Calibri",53052,96830,43778,2,0
"Sign Top","Cambria",63804,81251,17447,4,1
"Sign Bottom","Cambria",78145,96196,18051,5,6
"Sign Top","Calibri",10122,52923,42801,2,3
"Sign Top","Calibri",25000,29825,4825,0,5
"Sign Bottom","Cambria",131995,155771,23776,5,1
"Sign Bottom","Cambria",98297,132626,34329,7,6
"Sign Bottom","Calibri",32600,57465,24865,0,5
"Sign Top","Cambria",165286,181295,16009,6,5
"Sign Top","Calibri",60000,79444,19444,0,4
"Sign Bottom","Cambria",93730,124185,30455,0,5
"Sign Top","Cambria",153044,161715,8671,4,5
"Sign Bottom","Calibri",48982,50951,1969,2,1
"Sign Bottom","Calibri",32220,41612,9392,0,2
"Sign Bottom","Calibri",126756,149383,22627,6,3
"Sign Bottom","Calibri",68112,84352,16240,2,2
"Sign Bottom","Calibri",1452,39333,37881,2,3
"Sign Bottom","Calibri",92000,141810,49810,0,0
"Sign Top","Calibri",35940,71904,35964,0,4
"Sign Bottom","Cambria",164240,210949,46709,0,9
"Sign Top","Cambria",176072,197179,21107,2,9
"Sign Bottom","Cambria",31377,76418,45041,7,8
"Sign Bottom","Cambria",50614,64522,13908,4,2
"Sign Bottom","Calibri",255,9500,9245,5,0
"Sign Top","Cambria",58989,107914,48925,9,4
"Sign Top","Cambria",56563,99429,42866,3,9
"Sign Bottom","Cambria",89775,126689,36914,5,9
"Sign Top","Cambria",115571,117492,1921,1,2
"Sign Top","Cambria",25382,47622,22240,2,2
"Sign Top","Cambria",4216,39098,34882,6,8
"Sign Top","Cambria",114105,148930,34825,5,0
"Sign Bottom","Cambria",57148,69277,12129,8,7
"Sign Top","Cambria",1933,26627,24694,3,7
"Sign Bottom","Calibri",28623,66765,38142,3,5
"Sign Top","Calibri",97382,111664,14282,2,4
"Sign Top","Calibri",76000,92467,16467,0,7
"Sign Bottom","Calibri",44210,69280,25070,0,0
"Sign Bottom","Calibri",76000,101136,25136,0,6
"Sign Top","Calibri",46000,62853,16853,0,3
"Sign Bottom","Cambria",64093,76273,12180,3,3
"Sign Top","Cambria",42327,43685,1358,7,5
"Sign Bottom","Calibri",64580,72657,8077,0,7
"Sign Top","Calibri",1000,42288,41288,0,8
"Sign Top","Calibri",140029,182335,42306,9,5
"Sign Bottom","Cambria",26098,70343,44245,8,3
"Sign Top","Calibri",195000,206060,11060,0,0
"Sign Top","Calibri",125268,164990,39722,8,0
"Sign Top","Calibri",74880,79404,4524,0,4
"Sign Top","Cambria",10173,48706,38533,3,6
"Sign Bottom","Calibri",93366,125606,32240,6,6
"Sign Bottom","Cambria",30629,62473,31844,9,3
"Sign Top","Cambria",917,49609,48692,7,9
"Sign Bottom","Calibri",161018,202233,41215,8,3
"Sign Bottom","Calibri",54902,78873,23971,2,3
"Sign Bottom","Calibri",72290,73115,825,0,5
"Sign Top","Cambria",23196,23980,784,6,0
"Sign Top","Calibri",42671,46829,4158,1,9
"Sign Bottom","Cambria",31465,64878,33413,5,8
"Sign Top","Calibri",3000,52573,49573,0,3
"Sign Bottom","Cambria",186507,187953,1446,7,3
"Sign Bottom","Cambria",39075,69089,30014,5,9
"Sign Top","Cambria",45639,72428,26789,9,8
"Sign Top","Calibri",80800,106843,26043,0,3
"Sign Top","Calibri",3200,43627,40427,0,7
"Sign Top","Cambria",70280,119280,49000,0,0
"Sign Bottom","Cambria",36793,83153,46360,3,3
"Sign Bottom","Cambria",30211,61008,30797,1,8
"Sign Top","Cambria",19198,43984,24786,8,4
"Sign Bottom","Calibri",156470,157295,825,0,5
"Sign Top","Cambria",9230,33336,24106,0,6
"Sign Bottom","Cambria",122929,160286,37357,9,6
"Sign Top","Calibri",41009,59790,18781,9,0
"Sign Top","Cambria",134929,157581,22652,9,1
"Sign Top","Cambria",34676,68010,33334,6,0
"Sign Top","Calibri",4493,45620,41127,3,0
"Sign Bottom","Calibri",28112,50731,22619,2,1
"Sign Top","Calibri",50,10815,10765,0,5
"Sign Top","Calibri",63000,74060,11060,0,0
"Sign Top","Cambria",211157,228881,17724,7,1
"Sign Top","Cambria",18850,38519,19669,0,9
"Sign Bottom","Cambria",127483,129251,1768,3,1
"Sign Top","Calibri",176823,199054,22231,3,4
"Sign Top","Cambria",4404,34876,30472,4,6
"Sign Top","Calibri",102335,126825,24490,5,5
"Sign Bottom","Calibri",60254,69830,9576,4,0
"Sign Top","Cambria",28753,43880,15127,3,0
"Sign Top","Calibri",12,5781,5769,2,1
"Sign Top","Cambria",84506,133677,49171,6,7
"Sign Top","Cambria",129572,158187,28615,2,7
"Sign Top","Calibri",41000,43805,2805,0,5
"Sign Bottom","Cambria",48714,59854,11140,4,4
"Sign Bottom","Cambria",105865,145214,39349,5,4
"Sign Bottom","Calibri",136340,177053,40713,0,3
"Sign Bottom","Calibri",33119,66264,33145,9,4
"Sign Bottom","Cambria",40221,80217,39996,1,7
"Sign Bottom","Calibri",28205,65819,37614,5,9
"Sign Top","Cambria",63638,67279,3641,8,9
"Sign Bottom","Cambria",90988,119221,28233,8,1
"Sign Top","Calibri",48000,92084,44084,0,4
"Sign Top","Cambria",80664,119759,39095,4,9
"Sign Top","Calibri",52000,97141,45141,0,1
"Sign Bottom","Calibri",23516,50024,26508,6,4
"Sign Bottom","Calibri",91427,138040,46613,7,0
"Sign Top","Calibri",68775,73116,4341,5,6
"Sign Bottom","Calibri",101038,138361,37323,8,1
"Sign Top","Calibri",83433,84325,892,3,5
"Sign Top","Cambria",65668,111526,45858,8,6
"Sign Top","Calibri",65000,102154,37154,0,4
"Sign Bottom","Calibri",98461,107572,9111,1,2
"Sign Bottom","Cambria",61186,67189,6003,6,9
"Sign Bottom","Calibri",99033,139598,40565,3,8
"Sign Bottom","Cambria",89326,104773,15447,6,3
"Sign Top","Calibri",5000,21908,16908,0,8
"Sign Top","Cambria",12601,38131,25530,1,1
"Sign Bottom","Cambria",121625,123355,1730,5,5
"Sign Bottom","Calibri",75479,95058,19579,9,8
"Sign Top","Cambria",89094,131882,42788,4,2
"Sign Top","Calibri",14472,30740,16268,2,0
"Sign Bottom","Calibri",142037,164622,22585,7,2
"Sign Top","Cambria",57063,67422,10359,3,2
"Sign Bottom","Calibri",70478,73023,2545,8,3
"Sign Top","Calibri",39000,83297,44297,0,7
"Sign Top","Calibri",5000,13418,8418,0,8
"Sign Bottom","Cambria",88318,122856,34538,8,6
"Sign Bottom","Calibri",22700,46929,24229,0,9
"Sign Bottom","Cambria",4726,11287,6561,6,7
"Sign Bottom","Cambria",41213,62084,20871,3,4
"Sign Bottom","Calibri",17770,65961,48191,0,1
"Sign Top","Calibri",54484,73616,19132,4,6
"Sign Top","Calibri",1610,31161,29551,0,1
"Sign Top","Cambria",42456,75406,32950,6,6
"Sign Top","Calibri",11500,12491,991,0,1
"Sign Bottom","Cambria",75415,80071,4656,5,1
"Sign Top","Calibri",22700,59570,36870,0,0
"Sign Top","Calibri",10,40159,40149,0,9
"Sign Bottom","Calibri",10189,10800,611,9,0
"Sign Top","Cambria",95715,99857,4142,5,7
"Sign Bottom","Cambria",50250,67940,17690,0,0
"Sign Top","Calibri",77000,107976,30976,0,6
"Sign Bottom","Calibri",199938,215286,15348,8,6
"Sign Bottom","Cambria",24892,25298,406,2,8
"Sign Top","Calibri",65326,66633,1307,6,3
"Sign Top","Calibri",81615,95663,14048,5,3
"Sign Bottom","Cambria",22871,66887,44016,1,7
"Sign Bottom","Cambria",30169,57011,26842,9,1
"Sign Bottom","Calibri",97427,100326,2899,7,6
"Sign Top","Calibri",9952,29614,19662,2,4
"Sign Top","Calibri",46309,91555,45246,9,5
"Sign Top","Calibri",150550,177333,26783,0,3
"Sign Bottom","Calibri",3905,35029,31124,5,9
"Sign Top","Cambria",394,9619,9225,4,9
"Sign Top","Calibri",63023,110754,47731,3,4
"Sign Top","Calibri",75000,76926,1926,0,6
"Sign Bottom","Cambria",112098,114961,2863,8,1
"Sign Bottom","Calibri",120000,169531,49531,0,1
"Sign Bottom","Calibri",150348,152569,2221,8,9
"Sign Top","Calibri",6,12918,12912,6,8
"Sign Top","Calibri",9,7981,7972,9,1
"Sign Top","Cambria",10919,56898,45979,9,8
"Sign Top","Cambria",96659,114100,17441,9,0
"Sign Top","Cambria",41039,56736,15697,9,6
"Sign Bottom","Calibri",145250,162616,17366,0,6
"Sign Top","Calibri",50200,82765,32565,0,5
"Sign Bottom","Cambria",101912,137657,35745,2,7
"Sign Top","Calibri",38719,71292,32573,9,2
"Sign Bottom","Cambria",80820,119363,38543,0,3
"Sign Top","Calibri",2,26644,26642,2,4
"Sign Bottom","Calibri",7978,9161,1183,8,1
"Sign Top","Cambria",119377,142042,22665,7,2
"Sign Bottom","Cambria",27679,32352,4673,9,2
"Sign Bottom","Cambria",171721,175732,4011,1,2
"Sign Top","Cambria",154,46435,46281,4,5
"Sign Top","Cambria",61198,99018,37820,8,8
"Sign Top","Cambria",39332,83919,44587,2,9
"Sign Top","Cambria",15382,54835,39453,2,5
"Sign Top","Calibri",11937,52868,40931,7,8
"Sign Bottom","Cambria",35887,83484,47597,7,4
"Sign Top","Cambria",63136,80141,17005,6,1
"Sign Top","Cambria",54868,81170,26302,8,0
"Sign Bottom","Cambria",29276,64526,35250,6,6
"Sign Bottom","Cambria",14846,23819,8973,6,9
"Sign Bottom","Cambria",29412,70280,40868,2,0
"Sign Bottom","Cambria",97396,109416,12020,6,6
"Sign Bottom","Calibri",37184,68180,30996,4,0
"Sign Top","Cambria",46226,51571,5345,6,1
"Sign Bottom","Cambria",122310,156374,34064,0,4
"Sign Top","Cambria",59827,100549,40722,7,9
"Sign Top","Calibri",109000,118921,9921,0,1
"Sign Top","Calibri",204999,221700,16701,9,0
"Sign Bottom","Calibri",25,21335,21310,5,5
"Sign Bottom","Calibri",92495,99358,6863,5,8
"Sign Bottom","Calibri",60054,69495,9441,4,5
"Sign Top","Calibri",106600,139394,32794,0,4
"Sign Bottom","Calibri",102200,126015,23815,0,5
"Sign Top","Cambria",67646,96949,29303,6,9
"Sign Bottom","Cambria",78190,128137,49947,0,7
"Sign Top","Calibri",34937,71939,37002,7,9
"Sign Top","Calibri",3800,6576,2776,0,6
"Sign Bottom","Cambria",25969,70281,44312,9,1
"Sign Bottom","Calibri",158020,189187,31167,0,7
"Sign Bottom","Cambria",115378,130713,15335,8,3
"Sign Bottom","Cambria",71904,72628,724,4,8
"Sign Top","Cambria",993,13384,12391,3,4
"Sign Bottom","Calibri",43086,83637,40551,6,7
"Sign Bottom","Calibri",150000,182743,32743,0,3
"Sign Top","Calibri",56953,61955,5002,3,5
"Sign Bottom","Cambria",142131,160215,18084,1,5
"Sign Bottom","Cambria",80703,100904,20201,3,4
"Sign Top","Cambria",36453,37996,1543,3,6
"Sign Top","Cambria",114043,130837,16794,3,7
"Sign Bottom","Calibri",9200,9609,409,0,9
"Sign Top","Calibri",90480,115886,25406,0,6
"Sign Top","Calibri",17201,58584,41383,1,4
"Sign Top","Cambria",17555,26566,9011,5,6
"Sign Top","Calibri",21000,26481,5481,0,1
"Sign Top","Cambria",89034,133878,44844,4,8
"Sign Bottom","Cambria",8672,45407,36735,2,7
"Sign Bottom","Calibri",78200,112474,34274,0,4
"Sign Bottom","Cambria",59297,68845,9548,7,5
"Sign Top","Cambria",210496,225228,14732,6,8
"Sign Bottom","Calibri",39977,42493,2516,7,3
"Sign Bottom","Cambria",129936,164125,34189,6,5
"Sign Bottom","Cambria",54946,61656,6710,6,6
"Sign Top","Cambria",353,44997,44644,3,7
"Sign Top","Cambria",35137,49863,14726,7,3
"Sign Top","Cambria",58591,67689,9098,1,9
"Sign Bottom","Cambria",107418,155343,47925,8,3
"Sign Bottom","Calibri",57668,84510,26842,8,0
"Sign Bottom","Cambria",226500,267791,41291,0,1
"Sign Top","Cambria",367,40084,39717,7,4
"Sign Bottom","Calibri",56348,93482,37134,8,2
"Sign Top","Calibri",15812,64606,48794,2,6
"Sign Top","Cambria",136844,165644,28800,4,4
"Sign Bottom","Cambria",55807,81456,25649,7,6
"Sign Top","Cambria",558,16240,15682,8,0
"Sign Top","Cambria",1474,50160,48686,4,0
"Sign Top","Cambria",4087,25411,21324,7,1
"Sign Bottom","Calibri",120692,149923,29231,2,3
"Sign Bottom","Calibri",49622,76087,26465,2,7
"Sign Bottom","Cambria",60107,94193,34086,7,3
"Sign Top","Cambria",110263,150311,40048,3,1
"Sign Bottom","Cambria",150387,191030,40643,7,0
"Sign Top","Cambria",34116,38043,3927,6,3
"Sign Bottom","Cambria",8985,42164,33179,5,4
"Sign Bottom","Cambria",12291,59065,46774,1,5
"Sign Top","Cambria",154676,187269,32593,6,9
"Sign Top","Cambria",97394,131703,34309,4,3
"Sign Top","Calibri",168724,204228,35504,4,8
"Sign Top","Calibri",10,10662,10652,0,2
"Sign Bottom","Calibri",55366,72790,17424,6,0
"Sign Bottom","Calibri",73266,78305,5039,6,5
"Sign Top","Calibri",59000,92175,33175,0,5
"Sign Bottom","Cambria",17768,23886,6118,8,6
"Sign Bottom","Cambria",82375,97734,15359,5,4
"Sign Top","Calibri",50,46530,46480,0,0
"Sign Top","Cambria",134203,135842,1639,3,2
"Sign Bottom","Calibri",118487,153198,34711,7,8
"Sign Top","Calibri",143955,192426,48471,5,6
"Sign Top","Cambria",1001,10918,9917,1,8
"Sign Bottom","Calibri",105510,141534,36024,0,4
"Sign Bottom","Calibri",259342,271299,11957,2,9
"Sign Top","Calibri",34297,60888,26591,7,8
"Sign Bottom","Calibri",27603,52370,24767,3,0
"Sign Top","Calibri",89000,92164,3164,0,4
"Sign Bottom","Calibri",4535,14085,9550,5,5
"Sign Bottom","Cambria",80283,99708,19425,3,8
"Sign Bottom","Calibri",130427,146124,15697,7,4
"Sign Top","Calibri",170000,206118,36118,0,8
"Sign Bottom","Cambria",49330,78054,28724,0,4
"Sign Bottom","Calibri",138172,187487,49315,2,7
"Sign Top","Calibri",30000,66551,36551,0,1
"Sign Bottom","Cambria",17019,17348,329,9,8
"Sign Top","Calibri",68989,109061,40072,9,1
"Sign Bottom","Calibri",91786,140103,48317,6,3
"Sign Bottom","Calibri",16648,19742,3094,8,2
"Sign Bottom","Cambria",38663,79126,40463,3,6
"Sign Top","Cambria",56767,66084,9317,7,4
"Sign Top","Cambria",149873,191382,41509,3,2
"Sign Top","Cambria",160089,187475,27386,9,5
"Sign Bottom","Cambria",6395,32259,25864,5,9
"Sign Bottom","Cambria",74347,115785,41438,7,5
"Sign Bottom","Calibri",53696,76412,22716,6,2
"Sign Top","Cambria",184244,208351,24107,4,1
"Sign Top","Calibri",33168,78070,44902,8,0
"Sign Bottom","Cambria",57799,84178,26379,9,8
"Sign Top","Cambria",40468,66374,25906,8,4
"Sign Bottom","Cambria",12576,16594,4018,6,4
"Sign Bottom","Cambria",52185,57970,5785,5,0
"Sign Top","Cambria",92549,125839,33290,9,9
"Sign Top","Calibri",1931,35083,33152,1,3
"Sign Bottom","Cambria",113124,117628,4504,4,8
"Sign Top","Calibri",91000,129932,38932,0,2
"Sign Bottom","Calibri",16345,42675,26330,5,5
"Sign Bottom","Calibri",340232,363731,23499,2,1
"Sign Bottom","Calibri",130262,163369,33107,2,9
"Sign Bottom","Calibri",79550,96281,16731,0,1
"Sign Top","Calibri",42029,60233,18204,9,3
"Sign Top","Cambria",94349,116764,22415,9,4
"Sign Bottom","Cambria",17906,19904,1998,6,4
"Sign Top","Cambria",20437,58873,38436,7,3
"Sign Bottom","Calibri",141740,148681,6941,0,1
"Sign Top","Calibri",152970,195202,42232,0,2
"Sign Bottom","Calibri",216674,248561,31887,4,1
"Sign Top","Cambria",70850,84447,13597,0,7
"Sign Top","Calibri",4000,24898,20898,0,8
"Sign Bottom","Calibri",90262,115962,25700,2,2
"Sign Bottom","Calibri",3465,18657,15192,5,7
"Sign Bottom","Calibri",68587,105048,36461,7,8
"Sign Top","Cambria",700,22738,22038,0,8
"Sign Top","Calibri",54302,59286,4984,2,6
"Sign Top","Cambria",2065,37329,35264,5,9
"Sign Top","Cambria",107,15521,15414,7,1
"Sign Bottom","Calibri",86937,134689,47752,7,9
"Sign Top","Calibri",7782,11403,3621,2,3
"Sign Top","Calibri",98085,106114,8029,5,4
"Sign Top","Cambria",97155,106287,9132,5,7
"Sign Top","Cambria",103657,110101,6444,7,1
"Sign Bottom","Cambria",37190,83431,46241,0,1
"Sign Bottom","Calibri",163219,166218,2999,9,8
"Sign Bottom","Cambria",70661,98601,27940,1,1
"Sign Top","Calibri",50377,51775,1398,7,5
"Sign Top","Calibri",99600,148215,48615,0,5
"Sign Top","Cambria",60817,64114,3297,7,4
"Sign Top","Calibri",137000,184415,47415,0,5
"Sign Top","Calibri",90010,132964,42954,0,4
"Sign Top","Cambria",148513,151290,2777,3,0
"Sign Bottom","Calibri",98927,148277,49350,7,7
"Sign Bottom","Cambria",139037,174431,35394,7,1
"Sign Bottom","Calibri",126107,168635,42528,7,5
"Sign Top","Cambria",16,35793,35777,6,3
"Sign Bottom","Cambria",32401,61426,29025,1,6
"Sign Top","Calibri",48000,69377,21377,0,7
"Sign Top","Cambria",56530,77168,20638,0,8
"Sign Top","Calibri",98224,136120,37896,4,0
"Sign Top","Cambria",51055,79083,28028,5,3
"Sign Bottom","Cambria",135164,152351,17187,4,1
"Sign Bottom","Cambria",47120,48932,1812,0,2
"Sign Bottom","Calibri",10643,60324,49681,3,4
"Sign Bottom","Cambria",138014,142895,4881,4,5
"Sign Top","Cambria",647,22379,21732,7,9
"Sign Top","Calibri",0,15204,15204,0,4
"Sign Bottom","Calibri",76077,110799,34722,7,9
"Sign Top","Calibri",107206,123979,16773,6,9
"Sign Bottom","Calibri",93954,97426,3472,4,6
"Sign Top","Cambria",98068,139639,41571,8,9
"Sign Top","Calibri",120000,129897,9897,0,7
"Sign Bottom","Cambria",83878,123909,40031,8,9
"Sign Top","Cambria",29765,76392,46627,5,2
"Sign Bottom","Cambria",128659,144931,16272,9,1
"Sign Top","Cambria",91298,132643,41345,8,3
"Sign Bottom","Cambria",43099,70636,27537,9,6
"Sign Top","Cambria",31198,44666,13468,8,6
"Sign Top","Cambria",525,18790,18265,5,0
"Sign Top","Calibri",51760,83886,32126,0,6
"Sign Bottom","Calibri",32454,47160,14706,4,0
"Sign Bottom","Cambria",44511,67378,22867,1,8
"Sign Bottom","Calibri",55297,95593,40296,7,3
"Sign Bottom","Cambria",79396,104869,25473,6,9
"Sign Top","Calibri",14000,31064,17064,0,4
"Sign Top","Calibri",97000,145458,48458,0,8
"Sign Bottom","Calibri",76985,105361,28376,5,1
"Sign Bottom","Cambria",75675,89694,14019,5,4
"Sign Bottom","Cambria",61766,85886,24120,6,6
"Sign Top","Calibri",45,1709,1664,5,9
"Sign Bottom","Calibri",92781,107944,15163,1,4
"Sign Bottom","Cambria",28300,38928,10628,0,8
"Sign Bottom","Cambria",14578,58149,43571,8,9
"Sign Bottom","Calibri",146182,192374,46192,2,4
"Sign Bottom","Calibri",40806,70636,29830,6,6
"Sign Top","Calibri",8500,33060,24560,0,0
"Sign Top","Cambria",30107,41013,10906,7,3
"Sign Top","Cambria",698,32724,32026,8,4
"Sign Bottom","Cambria",102985,130619,27634,5,9
"Sign Bottom","Cambria",137540,171991,34451,0,1
"Sign Bottom","Calibri",89253,131151,41898,3,1
"Sign Bottom","Cambria",51056,51819,763,6,9
"Sign Bottom","Cambria",72053,96310,24257,3,0
"Sign Top","Cambria",54572,74810,20238,2,0
"Sign Top","Cambria",32612,61911,29299,2,1
"Sign Bottom","Cambria",102159,131624,29465,9,4
"Sign Top","Calibri",42000,74518,32518,0,8
"Sign Bottom","Cambria",118029,143568,25539,9,8
"Sign Top","Cambria",1067,26838,25771,7,8
"Sign Top","Cambria",50195,59302,9107,5,2
"Sign Top","Calibri",27433,73703,46270,3,3
"Sign Bottom","Cambria",40269,60189,19920,9,9
"Sign Top","Calibri",58950,102792,43842,0,2
"Sign Top","Cambria",201,22714,22513,1,4
"Sign Bottom","Calibri",96878,123718,26840,8,8
"Sign Top","Calibri",11289,23070,11781,9,0
"Sign Top","Calibri",160885,194092,33207,5,2
"Sign Bottom","Cambria",20973,23793,2820,3,3
"Sign Top","Cambria",5100,40804,35704,0,4
"Sign Top","Calibri",97000,117396,20396,0,6
"Sign Bottom","Calibri",84736,85218,482,6,8
"Sign Top","Calibri",42000,51456,9456,0,6
"Sign Top","Calibri",0,7177,7177,0,7
"Sign Bottom","Cambria",71713,71737,24,3,7
"Sign Top","Cambria",22667,23735,1068,7,5
"Sign Bottom","Calibri",71458,87993,16535,8,3
"Sign Top","Calibri",62886,110894,48008,6,4
"Sign Top","Calibri",9000,21443,12443,0,3
"Sign Top","Calibri",110156,127941,17785,6,1
"Sign Top","Cambria",830,37325,36495,0,5
"Sign Bottom","Calibri",142014,167806,25792,4,6
"Sign Top","Calibri",38500,52028,13528,0,8
"Sign Bottom","Cambria",28091,55269,27178,1,9
"Sign Bottom","Calibri",150000,184389,34389,0,9
"Sign Bottom","Cambria",21528,21590,62,8,0
"Sign Top","Calibri",52000,63233,11233,0,3
"Sign Bottom","Cambria",86407,116336,29929,7,6
"Sign Bottom","Calibri",38117,85543,47426,7,3
"Sign Bottom","Calibri",35400,57361,21961,0,1
"Sign Top","Cambria",49519,77437,27918,9,7
"Sign Top","Cambria",19511,28128,8617,1,8
"Sign Top","Cambria",43296,84760,41464,6,0
"Sign Bottom","Calibri",41781,46626,4845,1,6
"Sign Bottom","Calibri",115692,116208,516,2,8
"Sign Top","Calibri",81000,130958,49958,0,8
"Sign Top","Cambria",72013,109943,37930,3,3
"Sign Top","Cambria",70185,91140,20955,5,0
"Sign Top","Calibri",9000,43584,34584,0,4
"Sign Top","Cambria",52487,64375,11888,7,5
"Sign Bottom","Cambria",54774,84198,29424,4,8
"Sign Bottom","Calibri",44126,92198,48072,6,8
"Sign Top","Cambria",3745,6654,2909,5,4
"Sign Top","Calibri",31400,58917,27517,0,7
"Sign Top","Cambria",65601,81249,15648,1,9
"Sign Bottom","Cambria",24707,55544,30837,7,4
"Sign Bottom","Calibri",61100,99417,38317,0,7
"Sign Bottom","Cambria",126310,148355,22045,0,5
"Sign Top","Cambria",25119,32926,7807,9,6
"Sign Bottom","Calibri",84500,95565,11065,0,5
"Sign Top","Calibri",63285,85831,22546,5,1
"Sign Top","Calibri",180000,218420,38420,0,0
"Sign Bottom","Calibri",35387,47637,12250,7,7
"Sign Top","Calibri",24014,35226,11212,4,6
"Sign Top","Calibri",5,49212,49207,5,2
"Sign Bottom","Cambria",188512,204225,15713,2,5
"Sign Top","Cambria",29636,55804,26168,6,4
"Sign Bottom","Cambria",44519,80116,35597,9,6
"Sign Bottom","Cambria",171013,211565,40552,3,5
"Sign Bottom","Cambria",88618,114714,26096,8,4
"Sign Top","Calibri",0,46100,46100,0,0
"Sign Top","Calibri",60000,108799,48799,0,9
"Sign Top","Cambria",630,22996,22366,0,6
"Sign Top","Cambria",3628,38199,34571,8,9
"Sign Top","Cambria",782,9618,8836,2,8
"Sign Top","Cambria",77781,116433,38652,1,3
"Sign Top","Cambria",135757,139882,4125,7,2
"Sign Top","Cambria",53881,63980,10099,1,0
"Sign Bottom","Cambria",90224,132398,42174,4,8
"Sign Bottom","Cambria",189978,210603,20625,8,3
"Sign Top","Cambria",125920,149529,23609,0,9
"Sign Bottom","Calibri",89362,119573,30211,2,3
"Sign Top","Calibri",133458,143217,9759,8,7
"Sign Bottom","Cambria",85715,121869,36154,5,9
"Sign Bottom","Calibri",148000,161417,13417,0,7
"Sign Bottom","Cambria",13402,60735,47333,2,5
"Sign Top","Cambria",34081,65761,31680,1,1
"Sign Bottom","Calibri",62000,84265,22265,0,5
"Sign Bottom","Cambria",184198,222606,38408,8,6
"Sign Top","Calibri",0,44434,44434,0,4
"Sign Top","Cambria",40263,78304,38041,3,4
"Sign Bottom","Cambria",853,11652,10799,3,2
"Sign Top","Calibri",94090,123209,29119,0,9
"Sign Bottom","Calibri",80385,127357,46972,5,7
"Sign Top","Cambria",71644,115630,43986,4,0
"Sign Top","Cambria",59326,72719,13393,6,9
"Sign Bottom","Calibri",184080,210594,26514,0,4
"Sign Top","Calibri",80974,100199,19225,4,9
"Sign Bottom","Cambria",293803,299935,6132,3,5
"Sign Bottom","Calibri",5743,31809,26066,3,9
"Sign Top","Cambria",47647,72518,24871,7,8
"Sign Top","Cambria",63657,73204,9547,7,4
"Sign Top","Cambria",180090,215801,35711,0,1
"Sign Bottom","Calibri",32796,56312,23516,6,2
"Sign Top","Cambria",740,35917,35177,0,7
"Sign Bottom","Calibri",85204,93053,7849,4,3
"Sign Bottom","Calibri",30109,79967,49858,9,7
"Sign Top","Cambria",201915,239721,37806,5,1
"Sign Bottom","Cambria",150377,165450,15073,7,0
"Sign Bottom","Cambria",65892,68613,2721,2,3
"Sign Bottom","Cambria",55147,71573,16426,7,3
"Sign Bottom","Calibri",197000,213263,16263,0,3
"Sign Bottom","Calibri",66062,67034,972,2,4
"Sign Top","Cambria",14309,46927,32618,9,7
"Sign Top","Calibri",60000,94762,34762,0,2
"Sign Top","Cambria",82813,119109,36296,3,9
"Sign Top","Calibri",126000,172032,46032,0,2
"Sign Bottom","Cambria",100137,146401,46264,7,1
"Sign Bottom","Calibri",121955,125414,3459,5,4
"Sign Top","Cambria",1075,36518,35443,5,8
"Sign Bottom","Calibri",14103,30926,16823,3,6
"Sign Top","Cambria",79344,128394,49050,4,4
"Sign Bottom","Cambria",40019,64526,24507,9,6
"Sign Bottom","Calibri",99406,116568,17162,6,8
"Sign Top","Calibri",20000,47456,27456,0,6
"Sign Bottom","Calibri",140757,185249,44492,7,9
"Sign Bottom","Cambria",53399,54487,1088,9,7
"Sign Bottom","Calibri",30563,76408,45845,3,8
"Sign Top","Cambria",32320,56068,23748,0,8
"Sign Top","Calibri",16200,46180,29980,0,0
"Sign Bottom","Cambria",20670,33941,13271,0,1
"Sign Top","Calibri",3,29732,29729,3,2
"Sign Bottom","Cambria",31363,74074,42711,3,4
"Sign Bottom","Cambria",113627,154626,40999,7,6
"Sign Bottom","Calibri",206666,235243,28577,6,3
"Sign Bottom","Cambria",13780,54726,40946,0,6
"Sign Top","Calibri",75000,90566,15566,0,6
"Sign Bottom","Calibri",50539,97806,47267,9,6
"Sign Top","Cambria",25210,51390,26180,0,0
"Sign Top","Calibri",10,7305,7295,0,5
"Sign Top","Calibri",52103,57539,5436,3,9
"Sign Top","Cambria",111232,122330,11098,2,0
"Sign Top","Cambria",228098,253210,25112,8,0
"Sign Top","Cambria",114622,121564,6942,2,4
"Sign Top","Cambria",18684,43210,24526,4,0
"Sign Bottom","Calibri",203158,213281,10123,8,1
"Sign Top","Cambria",25163,70801,45638,3,1
"Sign Bottom","Cambria",44729,88610,43881,9,0
"Sign Bottom","Cambria",46311,52539,6228,1,9
"Sign Top","Calibri",106000,147591,41591,0,1
"Sign Top","Calibri",8408,22357,13949,8,7
"Sign Top","Calibri",63168,90115,26947,8,5
"Sign Bottom","Cambria",3954,32605,28651,4,5
"Sign Top","Calibri",17000,31163,14163,0,3
"Sign Top","Calibri",29,42731,42702,9,1
"Sign Top","Cambria",67778,107643,39865,8,3
"Sign Bottom","Cambria",10460,59563,49103,0,3
"Sign Top","Calibri",101301,109237,7936,1,7
"Sign Bottom","Cambria",8500,16974,8474,0,4
"Sign Top","Cambria",62148,104744,42596,8,4
"Sign Top","Cambria",73520,73889,369,0,9
"Sign Bottom","Cambria",155637,201762,46125,7,2
"Sign Bottom","Cambria",64580,111085,46505,0,5
"Sign Bottom","Calibri",2386,8874,6488,6,4
"Sign Top","Calibri",129500,156641,27141,0,1
"Sign Top","Calibri",35475,67435,31960,5,5
"Sign Top","Calibri",34164,68548,34384,4,8
"Sign Top","Cambria",36339,53436,17097,9,6
"Sign Bottom","Cambria",57227,79083,21856,7,3
"Sign Top","Cambria",68200,72122,3922,0,2
"Sign Top","Cambria",104159,144402,40243,9,2
"Sign Top","Calibri",76104,79602,3498,4,2
"Sign Top","Cambria",5612,40740,35128,2,0
"Sign Bottom","Calibri",30115,48517,18402,5,7
"Sign Bottom","Calibri",53538,80053,26515,8,3
"Sign Top","Calibri",6878,40111,33233,8,1
"Sign Bottom","Cambria",2052,34714,32662,2,4
"Sign Top","Calibri",21727,69189,47462,7,9
"Sign Bottom","Cambria",140149,158150,18001,9,0
"Sign Top","Calibri",28593,70555,41962,3,5
"Sign Bottom","Calibri",5650,19959,14309,0,9
"Sign Top","Calibri",48385,78150,29765,5,0
"Sign Top","Cambria",142821,172773,29952,1,3
"Sign Top","Cambria",29957,78555,48598,7,5
"Sign Bottom","Calibri",38000,60077,22077,0,7
"Sign Bottom","Calibri",2300,3755,1455,0,5
"Sign Top","Calibri",103,15479,15376,3,9
"Sign Top","Calibri",139492,167008,27516,2,8
"Sign Bottom","Calibri",59000,70189,11189,0,9
"Sign Top","Calibri",62000,109967,47967,0,7
"Sign Top","Calibri",196000,227300,31300,0,0
"Sign Bottom","Cambria",10276,59926,49650,6,6
"Sign Top","Calibri",108466,119707,11241,6,7
"Sign Top","Cambria",8207,16719,8512,7,9
"Sign Bottom","Cambria",10770,40024,29254,0,4
"Sign Bottom","Calibri",70022,103592,33570,2,2
"Sign Bottom","Calibri",125124,137256,12132,4,6
"Sign Bottom","Calibri",26428,53258,26830,8,8
"Sign Top","Calibri",175000,214544,39544,0,4
"Sign Bottom","Cambria",139893,188132,48239,3,2
"Sign Top","Cambria",38271,59952,21681,1,2
"Sign Bottom","Cambria",126429,139361,12932,9,1
"Sign Bottom","Calibri",87170,103543,16373,0,3
"Sign Bottom","Cambria",11126,59806,48680,6,6
"Sign Top","Cambria",116299,161535,45236,9,5
"Sign Top","Cambria",157911,157987,76,1,7
"Sign Bottom","Cambria",120564,150723,30159,4,3
"Sign Bottom","Cambria",2413,25790,23377,3,0
"Sign Bottom","Calibri",13149,60313,47164,9,3
"Sign Bottom","Calibri",112456,126263,13807,6,3
"Sign Bottom","Calibri",11463,39143,27680,3,3
"Sign Top","Calibri",41341,63909,22568,1,9
"Sign Top","Cambria",765,47772,47007,5,2
"Sign Bottom","Cambria",31126,37627,6501,6,7
"Sign Bottom","Calibri",6922,18487,11565,2,7
"Sign Top","Cambria",79927,106926,26999,7,6
"Sign Bottom","Cambria",57085,87544,30459,5,4
"Sign Top","Calibri",1e+05,139792,39792,0,2
"Sign Bottom","Cambria",153246,165734,12488,6,4
"Sign Bottom","Cambria",200334,229614,29280,4,4
"Sign Bottom","Calibri",96610,102399,5789,0,9
"Sign Top","Calibri",52925,69285,16360,5,5
"Sign Top","Calibri",37000,57802,20802,0,2
"Sign Bottom","Calibri",25687,49283,23596,7,3
"Sign Bottom","Cambria",105785,116236,10451,5,6
"Sign Top","Calibri",73986,102021,28035,6,1
"Sign Bottom","Calibri",35349,77891,42542,9,1
"Sign Top","Cambria",963,20852,19889,3,2
"Sign Top","Calibri",46370,87550,41180,0,0
"Sign Bottom","Cambria",22458,43467,21009,8,7
"Sign Top","Cambria",42794,46150,3356,4,0
"Sign Top","Calibri",6500,24378,17878,0,8
"Sign Bottom","Calibri",4481,23972,19491,1,2
"Sign Top","Calibri",0,10351,10351,0,1
"Sign Top","Cambria",74618,123038,48420,8,8
"Sign Bottom","Cambria",35615,37964,2349,5,4
"Sign Bottom","Cambria",48433,71411,22978,3,1
"Sign Bottom","Cambria",160707,203995,43288,7,5
"Sign Bottom","Cambria",6234,28230,21996,4,0
"Sign Bottom","Calibri",34092,51858,17766,2,8
"Sign Bottom","Cambria",19442,39645,20203,2,5
"Sign Bottom","Cambria",24898,71200,46302,8,0
"Sign Bottom","Cambria",112754,129843,17089,4,3
"Sign Top","Calibri",11000,52324,41324,0,4
"Sign Top","Calibri",46254,78229,31975,4,9
"Sign Top","Cambria",23475,58010,34535,5,0
"Sign Bottom","Cambria",64137,74820,10683,7,0
"Sign Top","Calibri",72000,92562,20562,0,2
"Sign Top","Cambria",59298,82938,23640,8,8
"Sign Bottom","Calibri",201755,227258,25503,5,8
"Sign Bottom","Calibri",72311,84608,12297,1,8
"Sign Top","Cambria",40,41425,41385,0,5
"Sign Bottom","Cambria",39042,53508,14466,2,8
"Sign Bottom","Calibri",79640,115913,36273,0,3
"Sign Top","Cambria",112481,116697,4216,1,7
"Sign Top","Cambria",87877,93874,5997,7,4
"Sign Top","Cambria",114509,157281,42772,9,1
"Sign Top","Cambria",100010,126286,26276,0,6
"Sign Bottom","Cambria",53140,56504,3364,0,4
"Sign Top","Calibri",106000,122052,16052,0,2
"Sign Top","Calibri",45989,58266,12277,9,6
"Sign Bottom","Cambria",174526,218520,43994,6,0
"Sign Top","Cambria",45694,93453,47759,4,3
"Sign Top","Cambria",160627,168995,8368,7,5
"Sign Top","Cambria",115123,164365,49242,3,5
"Sign Top","Cambria",29813,62766,32953,3,6
"Sign Bottom","Cambria",118316,148053,29737,6,3
"Sign Top","Cambria",81106,98193,17087,6,3
"Sign Top","Calibri",70000,82359,12359,0,9
"Sign Top","Cambria",84690,120915,36225,0,5
"Sign Bottom","Calibri",36966,62348,25382,6,8
"Sign Bottom","Cambria",108641,124754,16113,1,4
"Sign Bottom","Cambria",59828,90249,30421,8,9
"Sign Bottom","Calibri",21974,29907,7933,4,7
"Sign Top","Cambria",99333,127745,28412,3,5
"Sign Bottom","Calibri",90367,105081,14714,7,1
"Sign Top","Calibri",122509,160749,38240,9,9
"Sign Top","Calibri",168124,180800,12676,4,0
"Sign Bottom","Calibri",72300,103798,31498,0,8
"Sign Bottom","Cambria",109349,135476,26127,9,6
"Sign Top","Calibri",22000,56970,34970,0,0
"Sign Bottom","Calibri",115000,141733,26733,0,3
"Sign Bottom","Cambria",91709,140197,48488,9,7
"Sign Bottom","Calibri",66932,109394,42462,2,4
"Sign Top","Cambria",97518,109830,12312,8,0
"Sign Top","Cambria",13545,55644,42099,5,4
"Sign Bottom","Calibri",133924,183179,49255,4,9
"Sign Bottom","Calibri",54969,64041,9072,9,1
"Sign Top","Cambria",90410,134692,44282,0,2
"Sign Bottom","Calibri",39616,70839,31223,6,9
"Sign Top","Cambria",58600,74147,15547,0,7
"Sign Bottom","Calibri",123208,124701,1493,8,1
"Sign Bottom","Calibri",0,26621,26621,0,1
"Sign Top","Cambria",80707,126153,45446,7,3
"Sign Bottom","Calibri",40284,66644,26360,4,4
"Sign Bottom","Cambria",46183,64576,18393,3,6
"Sign Bottom","Calibri",41868,80372,38504,8,2
"Sign Top","Cambria",59207,105542,46335,7,2
"Sign Bottom","Calibri",120898,155969,35071,8,9
"Sign Top","Calibri",34950,62770,27820,0,0
"Sign Bottom","Calibri",18017,45033,27016,7,3
"Sign Top","Calibri",4000,10497,6497,0,7
"Sign Top","Calibri",0,35538,35538,0,8
"Sign Bottom","Cambria",51959,64186,12227,9,6
"Sign Top","Calibri",134000,137546,3546,0,6
"Sign Bottom","Calibri",88400,108990,20590,0,0
"Sign Top","Cambria",9661,42874,33213,1,4
"Sign Top","Calibri",3400,22356,18956,0,6
"Sign Bottom","Cambria",66371,113663,47292,1,3
"Sign Bottom","Cambria",86612,120506,33894,2,6
"Sign Bottom","Calibri",216432,220023,3591,2,3
"Sign Bottom","Cambria",241317,275231,33914,7,1
"Sign Bottom","Cambria",10403,54751,44348,3,1
"Sign Top","Cambria",141514,167824,26310,4,4
"Sign Bottom","Calibri",5303,14974,9671,3,4
"Sign Top","Cambria",48394,69958,21564,4,8
"Sign Bottom","Calibri",93428,121238,27810,8,8
"Sign Bottom","Cambria",11606,34583,22977,6,3
"Sign Bottom","Calibri",104646,111964,7318,6,4
"Sign Top","Calibri",118726,160732,42006,6,2
"Sign Top","Calibri",150300,159651,9351,0,1
"Sign Top","Calibri",29,42553,42524,9,3
"Sign Bottom","Calibri",105504,145698,40194,4,8
"Sign Top","Calibri",21561,60843,39282,1,3
"Sign Bottom","Calibri",122575,159756,37181,5,6
"Sign Top","Cambria",307,27797,27490,7,7
"Sign Top","Cambria",34840,36698,1858,0,8
"Sign Top","Calibri",35068,79158,44090,8,8
"Sign Top","Calibri",34000,46733,12733,0,3
"Sign Top","Cambria",146516,188929,42413,6,9
"Sign Bottom","Cambria",47678,73036,25358,8,6
"Sign Bottom","Cambria",75152,107563,32411,2,3
"Sign Bottom","Calibri",102815,146741,43926,5,1
"Sign Bottom","Cambria",62268,105463,43195,8,3
"Sign Bottom","Cambria",10413,47171,36758,3,1
"Sign Top","Calibri",0,13423,13423,0,3
"Sign Top","Cambria",100904,128609,27705,4,9
"Sign Top","Calibri",46000,92921,46921,0,1
"Sign Top","Calibri",65000,108396,43396,0,6
"Sign Top","Calibri",7103,17772,10669,3,2
"Sign Top","Calibri",78000,88948,10948,0,8
"Sign Top","Cambria",42909,73002,30093,9,2
"Sign Top","Calibri",30000,78060,48060,0,0
"Sign Top","Calibri",2000,13489,11489,0,9
"Sign Bottom","Calibri",226158,246148,19990,8,8
"Sign Top","Cambria",3389,45412,42023,9,2
"Sign Top","Calibri",41079,51100,10021,9,0
"Sign Bottom","Calibri",39700,82931,43231,0,1
"Sign Top","Calibri",71953,110766,38813,3,6
"Sign Top","Cambria",70718,101728,31010,8,8
"Sign Bottom","Calibri",83000,130525,47525,0,5
"Sign Top","Cambria",78508,111154,32646,8,4
"Sign Bottom","Cambria",208610,210105,1495,0,5
"Sign Bottom","Calibri",98427,134334,35907,7,4
"Sign Top","Cambria",8477,49969,41492,7,9
"Sign Top","Calibri",289436,304485,15049,6,5
"Sign Top","Calibri",51000,74530,23530,0,0
"Sign Bottom","Cambria",115660,152344,36684,0,4
"Sign Bottom","Cambria",60130,106217,46087,0,7
"Sign Bottom","Calibri",100306,135635,35329,6,5
"Sign Bottom","Cambria",26683,45674,18991,3,4
"Sign Top","Calibri",103200,132652,29452,0,2
"Sign Top","Cambria",45160,54121,8961,0,1
"Sign Bottom","Calibri",80367,95378,15011,7,8
"Sign Top","Cambria",24513,34811,10298,3,1
"Sign Top","Cambria",19256,43081,23825,6,1
"Sign Top","Cambria",4870,44290,39420,0,0
"Sign Bottom","Cambria",96234,119399,23165,4,9
"Sign Bottom","Cambria",22483,36115,13632,3,5
"Sign Bottom","Calibri",75627,91448,15821,7,8
"Sign Bottom","Calibri",136000,171475,35475,0,5
"Sign Bottom","Calibri",93256,112650,19394,6,0
"Sign Top","Cambria",61564,106763,45199,4,3
"Sign Bottom","Calibri",39102,45413,6311,2,3
"Sign Bottom","Calibri",20000,29309,9309,0,9
"Sign Top","Calibri",70809,78871,8062,9,1
"Sign Top","Calibri",107000,135568,28568,0,8
"Sign Bottom","Cambria",65553,103098,37545,3,8
"Sign Top","Calibri",78905,113163,34258,5,3
"Sign Top","Cambria",64952,80758,15806,2,8
"Sign Top","Cambria",11273,26478,15205,3,8
"Sign Bottom","Calibri",51555,62563,11008,5,3
"Sign Top","Calibri",128,19370,19242,8,0
"Sign Top","Cambria",33998,75943,41945,8,3
"Sign Bottom","Cambria",17761,19601,1840,1,1
"Sign Bottom","Calibri",28229,31200,2971,9,0
"Sign Bottom","Cambria",167404,194159,26755,4,9
"Sign Bottom","Cambria",60543,107865,47322,3,5
"Sign Top","Cambria",72455,104856,32401,5,6
"Sign Top","Calibri",114000,118941,4941,0,1
"Sign Top","Cambria",729,27950,27221,9,0
"Sign Bottom","Calibri",46845,58032,11187,5,2
"Sign Bottom","Calibri",16393,26276,9883,3,6
"Sign Top","Cambria",50535,82624,32089,5,4
"Sign Bottom","Calibri",7201,55387,48186,1,7
"Sign Bottom","Calibri",3700,34182,30482,0,2
"Sign Bottom","Calibri",97358,125838,28480,8,8
"Sign Bottom","Cambria",18314,66975,48661,4,5
"Sign Top","Calibri",162000,167532,5532,0,2
"Sign Top","Calibri",83466,102150,18684,6,0
"Sign Bottom","Cambria",95430,133402,37972,0,2
"Sign Top","Calibri",115251,153809,38558,1,9
"Sign Bottom","Calibri",88277,137007,48730,7,7
"Sign Top","Calibri",20654,30656,10002,4,6
"Sign Bottom","Cambria",126989,148145,21156,9,5
"Sign Bottom","Cambria",82606,91075,8469,6,5
"Sign Top","Cambria",72998,99710,26712,8,0
"Sign Bottom","Calibri",30652,73180,42528,2,0
"Sign Top","Calibri",51822,94862,43040,2,2
"Sign Bottom","Calibri",143831,156553,12722,1,3
"Sign Bottom","Cambria",11683,37963,26280,3,3
"Sign Top","Cambria",2458,14230,11772,8,0
"Sign Bottom","Calibri",111721,115368,3647,1,8
"Sign Bottom","Cambria",260243,298350,38107,3,0
"Sign Top","Cambria",67,19917,19850,7,7
"Sign Bottom","Calibri",116476,124793,8317,6,3
"Sign Bottom","Cambria",89922,127226,37304,2,6
"Sign Top","Calibri",21,11827,11806,1,7
"Sign Top","Cambria",62034,87906,25872,4,6
"Sign Bottom","Calibri",129957,136023,6066,7,3
"Sign Top","Calibri",197454,226332,28878,4,2
"Sign Bottom","Calibri",128431,154589,26158,1,9
"Sign Top","Cambria",94473,120228,25755,3,8
"Sign Bottom","Cambria",48917,76410,27493,7,0
"Sign Top","Calibri",40000,73399,33399,0,9
"Sign Top","Calibri",17000,61152,44152,0,2
"Sign Bottom","Cambria",85567,125596,40029,7,6
"Sign Top","Calibri",10000,12267,2267,0,7
"Sign Bottom","Calibri",124583,148422,23839,3,2
"Sign Bottom","Calibri",90179,113857,23678,9,7
"Sign Bottom","Cambria",201217,221328,20111,7,8
"Sign Top","Calibri",103139,145285,42146,9,5
"Sign Bottom","Cambria",87468,118149,30681,8,9
"Sign Top","Cambria",111043,138208,27165,3,8
"Sign Bottom","Cambria",76930,107661,30731,0,1
"Sign Bottom","Cambria",104753,107324,2571,3,4
"Sign Top","Cambria",165346,208390,43044,6,0
"Sign Bottom","Cambria",88405,128770,40365,5,0
"Sign Top","Calibri",16000,18680,2680,0,0
"Sign Top","Cambria",10593,38285,27692,3,5
"Sign Top","Calibri",136127,168530,32403,7,0
"Sign Bottom","Calibri",195311,242079,46768,1,9
"Sign Bottom","Cambria",12500,19121,6621,0,1
"Sign Top","Calibri",66100,111691,45591,0,1
"Sign Top","Calibri",365,46232,45867,5,2
"Sign Top","Calibri",50100,66761,16661,0,1
"Sign Bottom","Cambria",34375,65070,30695,5,0
"Sign Top","Calibri",126591,134697,8106,1,7
"Sign Bottom","Calibri",25203,73498,48295,3,8
"Sign Top","Calibri",61948,90973,29025,8,3
"Sign Bottom","Cambria",34760,54495,19735,0,5
"Sign Top","Cambria",110898,136619,25721,8,9
"Sign Bottom","Calibri",108538,126257,17719,8,7
"Sign Top","Cambria",54011,64578,10567,1,8
"Sign Top","Calibri",6200,46732,40532,0,2
"Sign Bottom","Cambria",120888,137602,16714,8,2
"Sign Bottom","Calibri",41579,68653,27074,9,3
"Sign Bottom","Cambria",348702,394206,45504,2,6
"Sign Top","Cambria",24597,61384,36787,7,4
"Sign Bottom","Calibri",135056,142381,7325,6,1
"Sign Top","Cambria",285792,298307,12515,2,7
"Sign Bottom","Calibri",101305,135108,33803,5,8
"Sign Top","Cambria",103,5819,5716,3,9
"Sign Top","Calibri",30768,50565,19797,8,5
"Sign Top","Cambria",104832,151814,46982,2,4
"Sign Top","Cambria",59059,98266,39207,9,6
"Sign Bottom","Cambria",144088,166753,22665,8,3
"Sign Top","Cambria",19767,51075,31308,7,5
"Sign Top","Calibri",12505,49261,36756,5,1
"Sign Top","Cambria",132659,151441,18782,9,1
"Sign Bottom","Calibri",41514,41733,219,4,3
"Sign Bottom","Calibri",193910,218999,25089,0,9
"Sign Bottom","Calibri",75002,120470,45468,2,0
"Sign Bottom","Cambria",75167,114066,38899,7,6
"Sign Bottom","Calibri",11060,36502,25442,0,2
"Sign Bottom","Cambria",169983,184519,14536,3,9
"Sign Bottom","Cambria",16981,30118,13137,1,8
"Sign Top","Calibri",10,21382,21372,0,2
"Sign Top","Cambria",41042,86992,45950,2,2
"Sign Top","Cambria",34982,52614,17632,2,4
"Sign Bottom","Cambria",96832,116018,19186,2,8
"Sign Bottom","Calibri",16523,25929,9406,3,9
"Sign Top","Cambria",160763,192054,31291,3,4
"Sign Bottom","Cambria",14677,18279,3602,7,9
"Sign Bottom","Calibri",266923,308066,41143,3,6
"Sign Top","Calibri",47000,70418,23418,0,8
"Sign Bottom","Cambria",3155,52941,49786,5,1
"Sign Bottom","Cambria",22108,23531,1423,8,1
"Sign Top","Calibri",44345,94342,49997,5,2
"Sign Top","Cambria",214,13155,12941,4,5
"Sign Bottom","Cambria",45350,64234,18884,0,4
"Sign Bottom","Cambria",62365,88899,26534,5,9
"Sign Bottom","Cambria",138805,165048,26243,5,8
"Sign Bottom","Cambria",127855,166278,38423,5,8
"Sign Bottom","Cambria",110924,136442,25518,4,2
"Sign Bottom","Calibri",80649,88469,7820,9,9
"Sign Bottom","Calibri",73148,98080,24932,8,0
"Sign Bottom","Calibri",39450,41577,2127,0,7
"Sign Top","Calibri",12699,45023,32324,9,3
"Sign Top","Cambria",45529,74404,28875,9,4
"Sign Bottom","Cambria",41588,86002,44414,8,2
"Sign Bottom","Cambria",54789,59381,4592,9,1
"Sign Top","Cambria",53882,54846,964,2,6
"Sign Top","Calibri",28000,50567,22567,0,7
"Sign Top","Cambria",190494,219087,28593,4,7
"Sign Bottom","Cambria",1089,29729,28640,9,9
"Sign Bottom","Cambria",63377,91003,27626,7,3
"Sign Bottom","Calibri",110070,151379,41309,0,9
"Sign Bottom","Cambria",58398,83703,25305,8,3
"Sign Bottom","Cambria",125998,131246,5248,8,6
"Sign Bottom","Calibri",76092,116030,39938,2,0
"Sign Top","Cambria",64073,67100,3027,3,0
"Sign Bottom","Calibri",102867,126596,23729,7,6
"Sign Top","Calibri",89027,126682,37655,7,2
"Sign Top","Calibri",83000,115995,32995,0,5
"Sign Top","Calibri",20595,53040,32445,5,0
"Sign Bottom","Cambria",25559,37872,12313,9,2
"Sign Top","Cambria",4831,37656,32825,1,6
"Sign Top","Cambria",33319,59703,26384,9,3
"Sign Top","Calibri",31000,36740,5740,0,0
"Sign Top","Cambria",5046,33734,28688,6,4
"Sign Top","Calibri",180500,230048,49548,0,8
"Sign Top","Cambria",31873,49493,17620,3,3
"Sign Top","Calibri",50000,72657,22657,0,7
"Sign Bottom","Cambria",26818,61277,34459,8,7
"Sign Bottom","Cambria",104302,144831,40529,2,1
"Sign Top","Calibri",65000,93341,28341,0,1
"Sign Bottom","Calibri",30308,70561,40253,8,1
"Sign Bottom","Calibri",103485,105564,2079,5,4
"Sign Bottom","Calibri",154503,155467,964,3,7
"Sign Top","Calibri",129000,174569,45569,0,9
"Sign Top","Cambria",79641,114699,35058,1,9
"Sign Bottom","Calibri",57901,79718,21817,1,8
"Sign Bottom","Cambria",122615,165621,43006,5,1
"Sign Bottom","Cambria",102082,111352,9270,2,2
"Sign Bottom","Cambria",63124,88902,25778,4,2
"Sign Bottom","Cambria",62392,63674,1282,2,4
"Sign Top","Cambria",41033,50858,9825,3,8
"Sign Top","Cambria",23554,64272,40718,4,2
"Sign Bottom","Cambria",53317,68947,15630,7,7
"Sign Bottom","Cambria",186899,235905,49006,9,5
"Sign Bottom","Cambria",53039,60902,7863,9,2
"Sign Top","Cambria",192428,224668,32240,8,8
"Sign Top","Cambria",28785,72255,43470,5,5
"Sign Top","Cambria",90543,110075,19532,3,5
"Sign Bottom","Calibri",150951,166094,15143,1,4
"Sign Top","Cambria",31050,73893,42843,0,3
"Sign Top","Calibri",75000,109150,34150,0,0
"Sign Top","Calibri",39320,88411,49091,0,1
"Sign Bottom","Calibri",76348,123511,47163,8,1
"Sign Top","Calibri",225,28722,28497,5,2
"Sign Top","Cambria",75158,108483,33325,8,3
"Sign Bottom","Calibri",41010,62408,21398,0,8
"Sign Top","Cambria",1033,25801,24768,3,1
"Sign Bottom","Calibri",7573,21684,14111,3,4
"Sign Bottom","Cambria",97207,98149,942,7,9
"Sign Bottom","Cambria",11635,34102,22467,5,2
"Sign Top","Cambria",105,23279,23174,5,9
"Sign Bottom","Calibri",48695,66178,17483,5,8
"Sign Bottom","Cambria",54761,71860,17099,1,0
"Sign Top","Cambria",16584,41472,24888,4,2
"Sign Top","Calibri",132045,167363,35318,5,3
"Sign Bottom","Cambria",61106,62837,1731,6,7
"Sign Top","Calibri",214000,241321,27321,0,1
"Sign Bottom","Cambria",22517,51353,28836,7,3
"Sign Bottom","Calibri",22571,60556,37985,1,6
"Sign Top","Cambria",21577,40342,18765,7,2
"Sign Top","Cambria",32722,72519,39797,2,9
"Sign Top","Cambria",85319,128092,42773,9,2
"Sign Bottom","Calibri",8476,55419,46943,6,9
"Sign Bottom","Calibri",213500,218313,4813,0,3
"Sign Bottom","Calibri",43199,43383,184,9,3
"Sign Top","Cambria",7690,55933,48243,0,3
"Sign Bottom","Cambria",50593,56535,5942,3,5
"Sign Bottom","Calibri",131020,136710,5690,0,0
"Sign Top","Calibri",9286,51322,42036,6,2
"Sign Top","Calibri",87565,137364,49799,5,4
"Sign Top","Calibri",67764,79266,11502,4,6
"Sign Top","Calibri",38500,80568,42068,0,8
"Sign Top","Calibri",177739,186851,9112,9,1
"Sign Bottom","Cambria",108024,119166,11142,4,6
"Sign Bottom","Calibri",14376,33771,19395,6,1
"Sign Bottom","Calibri",14437,22348,7911,7,8
"Sign Top","Calibri",50,3006,2956,0,6
"Sign Top","Calibri",72000,106409,34409,0,9
"Sign Bottom","Cambria",67895,115349,47454,5,9
"Sign Top","Calibri",37801,70905,33104,1,5
"Sign Bottom","Cambria",158407,183637,25230,7,7
"Sign Bottom","Cambria",10684,13112,2428,4,2
"Sign Bottom","Calibri",51532,77408,25876,2,8
"Sign Bottom","Cambria",43781,60337,16556,1,7
"Sign Top","Calibri",5309,42644,37335,9,4
"Sign Top","Cambria",124954,174263,49309,4,3
"Sign Bottom","Calibri",102121,124640,22519,1,0
"Sign Top","Calibri",148000,156198,8198,0,8
"Sign Bottom","Calibri",29680,62166,32486,0,6
"Sign Top","Cambria",144467,166654,22187,7,4
"Sign Bottom","Calibri",78856,82121,3265,6,1
"Sign Bottom","Calibri",20402,47627,27225,2,7
"Sign Bottom","Cambria",111430,147369,35939,0,9
"Sign Top","Calibri",165555,197725,32170,5,5
"Sign Bottom","Calibri",87500,115317,27817,0,7
"Sign Top","Cambria",412,2828,2416,2,8
"Sign Bottom","Calibri",34408,37085,2677,8,5
"Sign Top","Calibri",42336,68368,26032,6,8
"Sign Top","Cambria",22169,31459,9290,9,9
"Sign Top","Calibri",8000,30649,22649,0,9
"Sign Bottom","Cambria",8305,43170,34865,5,0
"Sign Bottom","Cambria",47482,91555,44073,2,5
"Sign Bottom","Cambria",48993,87965,38972,3,5
"Sign Bottom","Cambria",43920,82722,38802,0,2
"Sign Bottom","Cambria",143757,179045,35288,7,5
"Sign Bottom","Calibri",19930,40401,20471,0,1
"Sign Bottom","Cambria",10035,25337,15302,5,7
"Sign Bottom","Calibri",97196,108910,11714,6,0
"Sign Bottom","Cambria",36900,50418,13518,0,8
"Sign Top","Cambria",25913,28959,3046,3,9
"Sign Bottom","Cambria",38590,49021,10431,0,1
"Sign Bottom","Calibri",19487,60561,41074,7,1
"Sign Top","Calibri",41906,79519,37613,6,9
"Sign Bottom","Calibri",119787,160703,40916,7,3
"Sign Top","Cambria",789,34880,34091,9,0
"Sign Top","Calibri",46762,54363,7601,2,3
"Sign Top","Calibri",42000,62448,20448,0,8
"Sign Bottom","Calibri",146011,167839,21828,1,9
"Sign Bottom","Cambria",102788,128783,25995,8,3
"Sign Top","Calibri",97,31395,31298,7,5
"Sign Top","Cambria",28563,66199,37636,3,9
"Sign Bottom","Cambria",64712,76229,11517,2,9
"Sign Bottom","Calibri",58919,70010,11091,9,0
"Sign Bottom","Cambria",30596,38447,7851,6,7
"Sign Bottom","Calibri",97646,101140,3494,6,0
"Sign Top","Cambria",69524,90655,21131,4,5
"Sign Top","Calibri",10001,29213,19212,1,3
"Sign Bottom","Cambria",68066,97355,29289,6,5
"Sign Top","Calibri",23,9800,9777,3,0
"Sign Top","Calibri",87500,130054,42554,0,4
"Sign Top","Cambria",9261,24317,15056,1,7
"Sign Bottom","Cambria",5782,16127,10345,2,7
"Sign Bottom","Calibri",98612,102107,3495,2,7
"Sign Bottom","Cambria",28456,54572,26116,6,2
"Sign Top","Calibri",64318,113277,48959,8,7
"Sign Top","Calibri",26500,62143,35643,0,3
"Sign Top","Cambria",63435,74688,11253,5,8
"Sign Bottom","Cambria",138869,145003,6134,9,3
"Sign Top","Cambria",83783,97670,13887,3,0
"Sign Bottom","Cambria",65884,81236,15352,4,6
"Sign Top","Calibri",102000,131853,29853,0,3
"Sign Top","Cambria",59874,69176,9302,4,6
"Sign Top","Calibri",43466,54970,11504,6,0
"Sign Top","Cambria",62249,77164,14915,9,4
"Sign Top","Calibri",195402,221194,25792,2,4
"Sign Top","Calibri",91178,131983,40805,8,3
"Sign Top","Calibri",58069,86205,28136,9,5
"Sign Bottom","Calibri",96721,113765,17044,1,5
"Sign Top","Cambria",41662,85666,44004,2,6
"Sign Top","Calibri",180000,225551,45551,0,1
"Sign Bottom","Cambria",49047,68545,19498,7,5
"Sign Bottom","Cambria",101786,115001,13215,6,1
"Sign Top","Cambria",71634,117291,45657,4,1
"Sign Top","Calibri",55160,98286,43126,0,6
"Sign Top","Cambria",135675,142762,7087,5,2
"Sign Top","Calibri",70000,85474,15474,0,4
"Sign Bottom","Cambria",24252,33301,9049,2,1
"Sign Bottom","Cambria",51080,99212,48132,0,2
"Sign Top","Cambria",64329,68505,4176,9,5
"Sign Top","Cambria",25837,70922,45085,7,2
"Sign Top","Calibri",91481,110024,18543,1,4
"Sign Bottom","Calibri",26923,62988,36065,3,8
"Sign Bottom","Cambria",13053,17350,4297,3,0
"Sign Top","Cambria",58916,102855,43939,6,5
"Sign Bottom","Cambria",38056,69815,31759,6,5
"Sign Bottom","Calibri",148000,178687,30687,0,7
"Sign Bottom","Calibri",49217,93798,44581,7,8
"Sign Top","Cambria",79807,109175,29368,7,5
"Sign Bottom","Calibri",9400,58328,48928,0,8
"Sign Bottom","Cambria",182292,187985,5693,2,5
"Sign Bottom","Calibri",195945,230573,34628,5,3
"Sign Top","Cambria",100522,147737,47215,2,7
"Sign Top","Cambria",60715,96517,35802,5,7
"Sign Top","Cambria",20471,22190,1719,1,0
"Sign Bottom","Cambria",73751,91714,17963,1,4
"Sign Top","Cambria",34981,40170,5189,1,0
"Sign Bottom","Cambria",25291,41190,15899,1,0
"Sign Bottom","Cambria",46608,70433,23825,8,3
"Sign Bottom","Cambria",28951,33622,4671,1,2
"Sign Bottom","Calibri",36863,52802,15939,3,2
"Sign Top","Cambria",20002,65933,45931,2,3
"Sign Bottom","Calibri",87275,105532,18257,5,2
"Sign Top","Cambria",149534,197308,47774,4,8
"Sign Top","Cambria",859,17155,16296,9,5
"Sign Bottom","Cambria",77679,86610,8931,9,0
"Sign Bottom","Cambria",84899,87979,3080,9,9
"Sign Bottom","Calibri",142600,170347,27747,0,7
"Sign Top","Calibri",10500,34738,24238,0,8
"Sign Top","Calibri",46722,62968,16246,2,8
"Sign Top","Calibri",92000,126627,34627,0,7
"Sign Top","Calibri",103,22672,22569,3,2
"Sign Bottom","Cambria",165306,170316,5010,6,6
"Sign Top","Calibri",16004,16556,552,4,6
"Sign Top","Cambria",523,43471,42948,3,1
"Sign Top","Cambria",38052,43297,5245,2,7
"Sign Bottom","Calibri",78723,101526,22803,3,6
"Sign Bottom","Cambria",57175,103001,45826,5,1
"Sign Bottom","Calibri",16751,48299,31548,1,9
"Sign Top","Calibri",114929,129617,14688,9,7
"Sign Bottom","Calibri",77776,79894,2118,6,4
"Sign Bottom","Calibri",73513,92152,18639,3,2
"Sign Bottom","Calibri",44284,76399,32115,4,9
"Sign Bottom","Calibri",114634,146703,32069,4,3
"Sign Top","Cambria",115497,134478,18981,7,8
"Sign Bottom","Cambria",115528,157844,42316,8,4
"Sign Top","Cambria",15120,17854,2734,0,4
"Sign Top","Cambria",12111,17389,5278,1,9
"Sign Top","Calibri",43600,72003,28403,0,3
"Sign Bottom","Cambria",27968,65717,37749,8,7
"Sign Top","Calibri",98258,98285,27,8,5
"Sign Bottom","Cambria",35401,37887,2486,1,7
"Sign Top","Calibri",55875,70483,14608,5,3
"Sign Top","Cambria",594,36298,35704,4,8
"Sign Top","Cambria",523,35112,34589,3,2
"Sign Top","Cambria",61390,66413,5023,0,3
"Sign Bottom","Cambria",77314,124834,47520,4,4
"Sign Top","Cambria",24486,46113,21627,6,3
"Sign Bottom","Cambria",62794,102437,39643,4,7
"Sign Bottom","Cambria",49838,67539,17701,8,9
"Sign Bottom","Calibri",41859,49189,7330,9,9
"Sign Top","Cambria",869,40200,39331,9,0
"Sign Bottom","Cambria",47094,89397,42303,4,7
"Sign Bottom","Calibri",54192,103238,49046,2,8
"Sign Top","Cambria",70995,112417,41422,5,7
"Sign Bottom","Cambria",21561,51823,30262,1,3
"Sign Top","Calibri",0,15024,15024,0,4
"Sign Bottom","Cambria",53703,86036,32333,3,6
"Sign Bottom","Cambria",109933,142180,32247,3,0
"Sign Top","Cambria",57094,103517,46423,4,7
"Sign Bottom","Calibri",70550,111771,41221,0,1
"Sign Bottom","Calibri",1346,20841,19495,6,1
"Sign Top","Calibri",96516,102149,5633,6,9
"Sign Bottom","Cambria",79243,79871,628,3,1
"Sign Bottom","Calibri",60712,69767,9055,2,7
"Sign Top","Calibri",178336,193648,15312,6,8
"Sign Bottom","Calibri",67027,86966,19939,7,6
"Sign Bottom","Cambria",95569,141445,45876,9,5
"Sign Bottom","Cambria",26064,58822,32758,4,2
"Sign Bottom","Calibri",102087,122359,20272,7,9
"Sign Top","Calibri",210000,245323,35323,0,3
"Sign Top","Cambria",83145,128139,44994,5,9
"Sign Bottom","Calibri",90631,115892,25261,1,2
"Sign Top","Cambria",870,17791,16921,0,1
"Sign Bottom","Cambria",134828,156888,22060,8,8
"Sign Bottom","Calibri",25450,73273,47823,0,3
"Sign Top","Cambria",65923,88488,22565,3,8
"Sign Top","Calibri",13182,26855,13673,2,5
"Sign Top","Cambria",50421,64870,14449,1,0
"Sign Bottom","Cambria",38925,48232,9307,5,2
"Sign Top","Cambria",6956,46443,39487,6,3
"Sign Bottom","Calibri",36140,61536,25396,0,6
"Sign Bottom","Calibri",21732,69442,47710,2,2
"Sign Top","Calibri",96,15447,15351,6,7
"Sign Top","Cambria",60888,80465,19577,8,5
"Sign Bottom","Calibri",16710,45802,29092,0,2
"Sign Top","Calibri",160000,180702,20702,0,2
"Sign Top","Cambria",50181,57436,7255,1,6
"Sign Top","Cambria",17954,62283,44329,4,3
"Sign Bottom","Calibri",82916,110752,27836,6,2
"Sign Top","Calibri",3765,22612,18847,5,2
"Sign Bottom","Cambria",100539,146270,45731,9,0
"Sign Bottom","Calibri",53926,78752,24826,6,2
"Sign Top","Calibri",44,20579,20535,4,9
"Sign Top","Cambria",59126,86921,27795,6,1
"Sign Top","Calibri",65554,83850,18296,4,0
"Sign Bottom","Cambria",29730,72000,42270,0,0
"Sign Top","Calibri",55363,66351,10988,3,1
"Sign Top","Calibri",19143,44803,25660,3,3
"Sign Top","Calibri",32000,34225,2225,0,5
"Sign Top","Calibri",26000,35462,9462,0,2
"Sign Top","Cambria",32008,57095,25087,8,5
"Sign Bottom","Cambria",34144,65219,31075,4,9
"Sign Top","Calibri",48810,96344,47534,0,4
"Sign Bottom","Cambria",39404,87880,48476,4,0
"Sign Bottom","Calibri",147287,164337,17050,7,7
"Sign Top","Cambria",195032,225908,30876,2,8
"Sign Top","Cambria",5917,10361,4444,7,1
"Sign Top","Calibri",54000,67951,13951,0,1
"Sign Top","Cambria",74854,84327,9473,4,7
"Sign Top","Calibri",0,46041,46041,0,1
"Sign Bottom","Cambria",173112,190074,16962,2,4
"Sign Top","Calibri",100561,142758,42197,1,8
"Sign Top","Cambria",13361,27764,14403,1,4
"Sign Bottom","Calibri",160784,195495,34711,4,5
"Sign Bottom","Calibri",80164,90976,10812,4,6
"Sign Top","Calibri",48864,56464,7600,4,4
"Sign Bottom","Calibri",22311,36200,13889,1,0
"Sign Top","Cambria",53373,73215,19842,3,5
"Sign Top","Calibri",123400,143090,19690,0,0
"Sign Top","Cambria",30439,68916,38477,9,6
"Sign Top","Calibri",71800,76888,5088,0,8
"Sign Bottom","Calibri",50003,56783,6780,3,3
"Sign Bottom","Calibri",1214,29774,28560,4,4
"Sign Top","Calibri",70334,94058,23724,4,8
"Sign Top","Cambria",25670,54525,28855,0,5
"Sign Top","Calibri",43000,76770,33770,0,0
"Sign Top","Cambria",56894,92149,35255,4,9
"Sign Bottom","Cambria",31024,50328,19304,4,8
"Sign Bottom","Cambria",78699,105888,27189,9,8
"Sign Top","Calibri",167000,211742,44742,0,2
"Sign Bottom","Calibri",14229,55314,41085,9,4
"Sign Bottom","Calibri",126840,147658,20818,0,8
"Sign Top","Cambria",137427,173600,36173,7,0
"Sign Top","Cambria",189283,220930,31647,3,0
"Sign Top","Calibri",72000,99649,27649,0,9
"Sign Top","Calibri",20400,37185,16785,0,5
"Sign Top","Calibri",56334,67922,11588,4,2
"Sign Bottom","Cambria",161099,167122,6023,9,2
"Sign Top","Cambria",7625,53617,45992,5,7
"Sign Bottom","Calibri",126788,135974,9186,8,4
"Sign Bottom","Calibri",2908,47370,44462,8,0
"Sign Top","Cambria",195667,196388,721,7,8
"Sign Bottom","Cambria",59745,97355,37610,5,5
"Sign Top","Cambria",1487,12767,11280,7,7
"Sign Top","Cambria",35759,53002,17243,9,2
"Sign Top","Calibri",53400,89299,35899,0,9
"Sign Bottom","Cambria",100788,139369,38581,8,9
"Sign Bottom","Calibri",57099,57621,522,9,1
"Sign Bottom","Calibri",16746,56926,40180,6,6
"Sign Bottom","Calibri",85851,116551,30700,1,1
"Sign Bottom","Cambria",87541,105644,18103,1,4
"Sign Bottom","Cambria",43423,46417,2994,3,7
"Sign Top","Cambria",151214,167835,16621,4,5
"Sign Top","Cambria",14944,31776,16832,4,6
"Sign Top","Cambria",88285,102340,14055,5,0
"Sign Bottom","Calibri",35805,74263,38458,5,3
"Sign Top","Calibri",8245,51571,43326,5,1
"Sign Top","Cambria",133,10567,10434,3,7
"Sign Bottom","Calibri",103903,115891,11988,3,1
"Sign Top","Cambria",31047,50098,19051,7,8
"Sign Bottom","Cambria",51347,75377,24030,7,7
"Sign Top","Cambria",30306,35081,4775,6,1
"Sign Top","Calibri",42718,48400,5682,8,0
"Sign Top","Cambria",42382,66944,24562,2,4
"Sign Bottom","Cambria",40920,48768,7848,0,8
"Sign Top","Cambria",56896,93940,37044,6,0
"Sign Top","Cambria",18525,32995,14470,5,5
"Sign Bottom","Calibri",44547,65841,21294,7,1
"Sign Bottom","Cambria",150988,182184,31196,8,4
"Sign Top","Calibri",98000,114397,16397,0,7
"Sign Bottom","Calibri",48586,91543,42957,6,3
"Sign Bottom","Calibri",36569,41971,5402,9,1
"Sign Bottom","Calibri",23557,27151,3594,7,1
"Sign Bottom","Cambria",147930,163261,15331,0,1
"Sign Bottom","Calibri",31890,36568,4678,0,8
"Sign Bottom","Cambria",52966,61933,8967,6,3
"Sign Bottom","Calibri",18926,25748,6822,6,8
"Sign Top","Cambria",76788,92089,15301,8,9
"Sign Top","Calibri",211892,259284,47392,2,4
"Sign Top","Cambria",49289,80735,31446,9,5
"Sign Top","Calibri",69601,85257,15656,1,7
"Sign Bottom","Cambria",14066,52298,38232,6,8
"Sign Bottom","Cambria",62322,105687,43365,2,7
"Sign Bottom","Calibri",53118,95102,41984,8,2
"Sign Bottom","Calibri",54552,70237,15685,2,7
"Sign Bottom","Cambria",83501,85071,1570,1,1
"Sign Top","Calibri",38209,43350,5141,9,0
"Sign Bottom","Cambria",29467,56982,27515,7,2
"Sign Top","Cambria",39666,78349,38683,6,9
"Sign Top","Calibri",50850,89802,38952,0,2
"Sign Bottom","Cambria",73956,79813,5857,6,3
"Sign Top","Cambria",120430,134075,13645,0,5
"Sign Bottom","Calibri",99788,112762,12974,8,2
"Sign Top","Cambria",59382,82359,22977,2,9
"Sign Top","Calibri",1,25283,25282,1,3
"Sign Top","Cambria",60949,104733,43784,9,3
"Sign Bottom","Calibri",12600,16161,3561,0,1
"Sign Top","Cambria",71297,79149,7852,7,9
"Sign Top","Calibri",247,14431,14184,7,1
"Sign Bottom","Calibri",127019,150465,23446,9,5
"Sign Top","Cambria",34520,48711,14191,0,1
"Sign Top","Calibri",41915,89053,47138,5,3
"Sign Top","Calibri",85517,131899,46382,7,9
"Sign Bottom","Cambria",7516,14581,7065,6,1
"Sign Bottom","Cambria",97648,103222,5574,8,2
"Sign Top","Calibri",0,21513,21513,0,3
"Sign Top","Cambria",43537,91133,47596,7,3
"Sign Top","Cambria",6930,49240,42310,0,0
"Sign Top","Cambria",708,8754,8046,8,4
"Sign Top","Calibri",51000,58482,7482,0,2
"Sign Bottom","Calibri",49210,92998,43788,0,8
"Sign Bottom","Calibri",60724,78670,17946,4,0
"Sign Bottom","Calibri",36420,78364,41944,0,4
"Sign Bottom","Calibri",21469,46828,25359,9,8
"Sign Top","Cambria",103461,146146,42685,1,6
"Sign Top","Cambria",42702,76089,33387,2,9
"Sign Top","Calibri",83337,126658,43321,7,8
"Sign Top","Cambria",55202,65268,10066,2,8
"Sign Bottom","Cambria",13629,50677,37048,9,7
"Sign Bottom","Calibri",51024,80468,29444,4,8
"Sign Top","Cambria",45085,69250,24165,5,0
"Sign Bottom","Cambria",32965,80028,47063,5,8
"Sign Bottom","Calibri",51253,92662,41409,3,2
"Sign Top","Calibri",27470,50451,22981,0,1
"Sign Bottom","Calibri",51966,89022,37056,6,2
"Sign Top","Cambria",80469,101695,21226,9,5
"Sign Top","Calibri",28000,73348,45348,0,8
"Sign Top","Calibri",96124,121444,25320,4,4
"Sign Top","Calibri",2500,27844,25344,0,4
"Sign Top","Calibri",114560,142722,28162,0,2
"Sign Bottom","Cambria",81384,111873,30489,4,3
"Sign Top","Cambria",73436,74879,1443,6,9
"Sign Bottom","Cambria",606,10307,9701,6,7
"Sign Bottom","Calibri",82352,86747,4395,2,7
"Sign Top","Cambria",86656,131948,45292,6,8
"Sign Bottom","Calibri",1700,4618,2918,0,8
"Sign Top","Calibri",65000,104226,39226,0,6
"Sign Bottom","Cambria",76784,83449,6665,4,9
"Sign Bottom","Cambria",55775,62628,6853,5,8
"Sign Top","Calibri",23190,66766,43576,0,6
"Sign Top","Calibri",50,31679,31629,0,9
"Sign Top","Cambria",23419,32040,8621,9,0
"Sign Bottom","Cambria",23446,59868,36422,6,8
"Sign Top","Calibri",109584,130530,20946,4,0
"Sign Bottom","Calibri",11693,28585,16892,3,5
"Sign Top","Cambria",22481,32127,9646,1,7
"Sign Bottom","Calibri",178883,194343,15460,3,3
"Sign Top","Calibri",18000,49515,31515,0,5
"Sign Top","Cambria",94085,142209,48124,5,9
"Sign Bottom","Calibri",81048,100867,19819,8,7
"Sign Top","Cambria",34325,75368,41043,5,8
"Sign Top","Calibri",62911,111817,48906,1,7
"Sign Top","Cambria",91792,94532,2740,2,2
"Sign Bottom","Cambria",80972,109669,28697,2,9
"Sign Top","Cambria",74721,104124,29403,1,4
"Sign Bottom","Cambria",17465,23878,6413,5,8
"Sign Top","Cambria",50480,88825,38345,0,5
"Sign Bottom","Cambria",69222,99228,30006,2,8
"Sign Bottom","Cambria",31147,64020,32873,7,0
"Sign Top","Calibri",143617,144767,1150,7,7
"Sign Bottom","Calibri",30923,51744,20821,3,4
"Sign Top","Cambria",730,8340,7610,0,0
"Sign Top","Cambria",62795,106686,43891,5,6
"Sign Top","Cambria",936,3175,2239,6,5
"Sign Bottom","Cambria",83937,99267,15330,7,7
"Sign Bottom","Cambria",46113,69638,23525,3,8
"Sign Bottom","Calibri",17900,58589,40689,0,9
"Sign Top","Cambria",90109,96086,5977,9,6
"Sign Bottom","Cambria",98010,113960,15950,0,0
"Sign Bottom","Calibri",111121,137316,26195,1,6
"Sign Bottom","Calibri",195680,239078,43398,0,8
"Sign Top","Cambria",39074,55313,16239,4,3
"Sign Top","Cambria",74997,79624,4627,7,4
"Sign Top","Cambria",37787,62698,24911,7,8
"Sign Bottom","Calibri",89761,111579,21818,1,9
"Sign Bottom","Calibri",77403,85226,7823,3,6
"Sign Bottom","Calibri",100110,107127,7017,0,7
"Sign Top","Calibri",152,11471,11319,2,1
"Sign Top","Cambria",78565,123548,44983,5,8
"Sign Top","Cambria",289730,335645,45915,0,5
"Sign Bottom","Calibri",78719,91374,12655,9,4
"Sign Bottom","Cambria",189323,238008,48685,3,8
"Sign Bottom","Cambria",100011,131504,31493,1,4
"Sign Top","Cambria",94614,106769,12155,4,9
"Sign Bottom","Calibri",7611,36730,29119,1,0
"Sign Top","Calibri",21467,40556,19089,7,6
"Sign Bottom","Calibri",76560,116761,40201,0,1
"Sign Bottom","Calibri",18290,56446,38156,0,6
"Sign Top","Calibri",800,26054,25254,0,4
"Sign Bottom","Calibri",99004,102874,3870,4,4
"Sign Top","Cambria",46019,61718,15699,9,8
"Sign Top","Cambria",1042,40613,39571,2,3
"Sign Bottom","Calibri",62408,70010,7602,8,0
"Sign Bottom","Calibri",165000,184411,19411,0,1
"Sign Bottom","Cambria",31104,41170,10066,4,0
"Sign Bottom","Calibri",51350,73008,21658,0,8
"Sign Bottom","Cambria",237908,263355,25447,8,5
"Sign Top","Calibri",41000,73245,32245,0,5
"Sign Bottom","Calibri",85179,96811,11632,9,1
"Sign Top","Calibri",93587,106371,12784,7,1
"Sign Bottom","Calibri",91212,104479,13267,2,9
"Sign Bottom","Calibri",117792,141791,23999,2,1
"Sign Bottom","Cambria",207283,211215,3932,3,5
"Sign Top","Cambria",90034,104260,14226,4,0
"Sign Bottom","Calibri",88421,137250,48829,1,0
"Sign Bottom","Calibri",57147,106368,49221,7,8
"Sign Top","Calibri",84502,125036,40534,2,6
"Sign Bottom","Calibri",166691,186960,20269,1,0
"Sign Top","Cambria",263,39798,39535,3,8
"Sign Top","Cambria",200873,202466,1593,3,6
"Sign Top","Cambria",65269,77013,11744,9,3
"Sign Bottom","Calibri",78750,93163,14413,0,3
"Sign Top","Calibri",104000,130359,26359,0,9
"Sign Bottom","Calibri",37500,64574,27074,0,4
"Sign Bottom","Cambria",102323,124689,22366,3,9
"Sign Bottom","Calibri",72904,114520,41616,4,0
"Sign Bottom","Cambria",36162,56694,20532,2,4
"Sign Bottom","Cambria",118828,147408,28580,8,8
"Sign Bottom","Calibri",237406,272133,34727,6,3
"Sign Bottom","Calibri",41285,79071,37786,5,1
"Sign Top","Cambria",60040,76218,16178,0,8
"Sign Top","Cambria",60998,99993,38995,8,3
"Sign Bottom","Calibri",59540,73484,13944,0,4
"Sign Bottom","Calibri",40071,78039,37968,1,9
"Sign Top","Calibri",132144,133856,1712,4,6
"Sign Top","Calibri",54768,58139,3371,8,9
"Sign Top","Cambria",21331,57733,36402,1,3
"Sign Bottom","Cambria",97554,122169,24615,4,9
"Sign Bottom","Calibri",35322,53783,18461,2,3
"Sign Bottom","Cambria",138926,184976,46050,6,6
"Sign Bottom","Cambria",113629,150262,36633,9,2
"Sign Bottom","Calibri",12179,44383,32204,9,3
"Sign Top","Cambria",99485,144364,44879,5,4
"Sign Bottom","Calibri",18078,47596,29518,8,6
"Sign Bottom","Calibri",43082,44970,1888,2,0
"Sign Top","Cambria",111172,155957,44785,2,7
"Sign Bottom","Calibri",2850,21600,18750,0,0
"Sign Bottom","Cambria",32639,62323,29684,9,3
"Sign Bottom","Cambria",154616,159964,5348,6,4
"Sign Top","Cambria",134277,164102,29825,7,2
"Sign Top","Calibri",15000,48319,33319,0,9
"Sign Top","Cambria",107372,142716,35344,2,6
"Sign Top","Calibri",17200,33790,16590,0,0
"Sign Top","Calibri",6238,38957,32719,8,7
"Sign Top","Cambria",61101,98950,37849,1,0
"Sign Bottom","Calibri",131031,142169,11138,1,9
"Sign Bottom","Cambria",120430,158941,38511,0,1
"Sign Bottom","Cambria",917,9724,8807,7,4
"Sign Top","Cambria",423,6180,5757,3,0
"Sign Top","Calibri",64949,109007,44058,9,7
"Sign Bottom","Cambria",108549,118831,10282,9,1
"Sign Top","Cambria",225746,274888,49142,6,8
"Sign Bottom","Cambria",105175,132371,27196,5,1
"Sign Bottom","Calibri",5196,16060,10864,6,0
"Sign Bottom","Cambria",102701,143189,40488,1,9
"Sign Top","Cambria",94005,116503,22498,5,3
"Sign Top","Calibri",30812,47941,17129,2,1
"Sign Top","Calibri",0,2796,2796,0,6
"Sign Top","Calibri",15000,27105,12105,0,5
"Sign Bottom","Calibri",112836,154209,41373,6,9
"Sign Bottom","Calibri",25448,51060,25612,8,0
"Sign Bottom","Calibri",143398,182861,39463,8,1
"Sign Bottom","Cambria",119282,154889,35607,2,9
"Sign Bottom","Cambria",36713,62671,25958,3,1
"Sign Bottom","Cambria",73262,114764,41502,2,4
"Sign Top","Calibri",147,8047,7900,7,7
"Sign Top","Calibri",58544,69809,11265,4,9
"Sign Top","Cambria",74692,101084,26392,2,4
"Sign Top","Cambria",68943,71667,2724,3,7
"Sign Bottom","Calibri",86679,105800,19121,9,0
"Sign Top","Calibri",87000,101474,14474,0,4
"Sign Bottom","Calibri",50713,87787,37074,3,7
"Sign Bottom","Calibri",37432,38736,1304,2,6
"Sign Bottom","Cambria",177185,189429,12244,5,9
"Sign Bottom","Cambria",123792,156852,33060,2,2
"Sign Bottom","Calibri",139355,159889,20534,5,9
"Sign Bottom","Cambria",62561,78013,15452,1,3
"Sign Top","Calibri",64481,84748,20267,1,8
"Sign Bottom","Cambria",22876,51464,28588,6,4
"Sign Top","Cambria",27347,38472,11125,7,2
"Sign Top","Cambria",77676,118013,40337,6,3
"Sign Top","Calibri",22000,42396,20396,0,6
"Sign Bottom","Calibri",55771,63798,8027,1,8
"Sign Top","Calibri",37542,60409,22867,2,9
"Sign Bottom","Calibri",44000,60509,16509,0,9
"Sign Bottom","Calibri",57002,99266,42264,2,6
"Sign Bottom","Calibri",20399,49115,28716,9,5
"Sign Top","Calibri",29270,35700,6430,0,0
"Sign Top","Cambria",45586,82441,36855,6,1
"Sign Top","Calibri",38463,87066,48603,3,6
"Sign Bottom","Cambria",28247,35058,6811,7,8
"Sign Bottom","Cambria",131016,170215,39199,6,5
"Sign Top","Calibri",80000,124396,44396,0,6
"Sign Bottom","Cambria",6186,31035,24849,6,5
"Sign Bottom","Cambria",116894,127200,10306,4,0
"Sign Top","Calibri",28949,66966,38017,9,6
"Sign Top","Calibri",27500,30866,3366,0,6
"Sign Bottom","Cambria",62098,109338,47240,8,8
"Sign Top","Calibri",153000,191991,38991,0,1
"Sign Bottom","Cambria",95427,134293,38866,7,3
"Sign Top","Cambria",38187,60930,22743,7,0
"Sign Top","Cambria",8334,46069,37735,4,9
"Sign Top","Cambria",58844,60144,1300,4,4
"Sign Bottom","Calibri",17000,34414,17414,0,4
"Sign Top","Calibri",41000,68542,27542,0,2
"Sign Top","Cambria",29130,42951,13821,0,1
"Sign Bottom","Cambria",60422,98672,38250,2,2
"Sign Bottom","Cambria",40175,53270,13095,5,0
"Sign Top","Calibri",7128,38332,31204,8,2
"Sign Bottom","Cambria",146346,167511,21165,6,1
"Sign Bottom","Calibri",162009,176067,14058,9,7
"Sign Top","Calibri",99282,130795,31513,2,5
"Sign Top","Cambria",120828,128027,7199,8,7
"Sign Bottom","Calibri",83066,96133,13067,6,3
"Sign Bottom","Cambria",92415,123053,30638,5,3
"Sign Bottom","Cambria",73628,110352,36724,8,2
"Sign Bottom","Cambria",93257,122820,29563,7,0
"Sign Top","Calibri",0,17308,17308,0,8
"Sign Bottom","Calibri",18848,48461,29613,8,1
"Sign Bottom","Cambria",27131,39653,12522,1,3
"Sign Top","Calibri",61506,76500,14994,6,0
"Sign Top","Calibri",17600,29903,12303,0,3
"Sign Top","Cambria",118577,138785,20208,7,5
"Sign Bottom","Cambria",9950,39151,29201,0,1
"Sign Top","Cambria",27539,61591,34052,9,1
"Sign Top","Calibri",95000,107140,12140,0,0
"Sign Top","Calibri",83000,111469,28469,0,9
"Sign Bottom","Cambria",29640,67789,38149,0,9
"Sign Bottom","Cambria",46849,83441,36592,9,1
"Sign Top","Calibri",51000,69862,18862,0,2
"Sign Top","Calibri",33000,36038,3038,0,8
"Sign Bottom","Cambria",141286,142280,994,6,0
"Sign Top","Cambria",62451,98903,36452,1,3
"Sign Top","Cambria",54684,83923,29239,4,3
"Sign Bottom","Cambria",49584,89402,39818,4,2
"Sign Bottom","Cambria",17328,57892,40564,8,2
"Sign Bottom","Cambria",42464,53892,11428,4,2
"Sign Bottom","Calibri",178886,210524,31638,6,4
"Sign Top","Calibri",75000,80888,5888,0,8
"Sign Bottom","Calibri",29024,30963,1939,4,3
"Sign Bottom","Calibri",59132,94163,35031,2,3
"Sign Top","Cambria",92688,120738,28050,8,8
"Sign Top","Calibri",55000,68765,13765,0,5
"Sign Top","Calibri",55560,95302,39742,0,2
"Sign Top","Calibri",24146,61155,37009,6,5
"Sign Top","Cambria",58328,106681,48353,8,1
"Sign Top","Cambria",447,29032,28585,7,2
"Sign Top","Cambria",42501,50631,8130,1,1
"Sign Bottom","Calibri",123577,136769,13192,7,9
"Sign Bottom","Calibri",79784,118579,38795,4,9
"Sign Top","Cambria",100295,104715,4420,5,5
"Sign Top","Calibri",33000,77965,44965,0,5
"Sign Bottom","Calibri",61878,100644,38766,8,4
"Sign Top","Calibri",51000,76568,25568,0,8
"Sign Bottom","Calibri",60000,77271,17271,0,1
"Sign Top","Cambria",98585,130689,32104,5,9
"Sign Bottom","Cambria",152691,162753,10062,1,3
"Sign Bottom","Calibri",60559,62690,2131,9,0
"Sign Bottom","Calibri",41241,47962,6721,1,2
"Sign Top","Calibri",135000,161028,26028,0,8
"Sign Bottom","Calibri",9268,24194,14926,8,4
"Sign Bottom","Calibri",131419,162031,30612,9,1
"Sign Bottom","Cambria",110961,126619,15658,1,9
"Sign Top","Calibri",10,43691,43681,0,1
"Sign Bottom","Cambria",49819,93084,43265,9,4
"Sign Bottom","Calibri",535,6838,6303,5,8
"Sign Top","Calibri",55000,88628,33628,0,8
"Sign Top","Cambria",165545,176717,11172,5,7
"Sign Bottom","Calibri",16503,49095,32592,3,5
"Sign Bottom","Cambria",105528,118475,12947,8,5
"Sign Top","Calibri",35432,84253,48821,2,3
"Sign Top","Calibri",38000,54167,16167,0,7
"Sign Top","Cambria",54075,94652,40577,5,2
"Sign Bottom","Calibri",57632,74147,16515,2,7
"Sign Top","Calibri",93339,140897,47558,9,7
"Sign Bottom","Calibri",114063,131293,17230,3,3
"Sign Bottom","Calibri",105950,136899,30949,0,9
"Sign Top","Cambria",55747,76869,21122,7,9
"Sign Bottom","Calibri",11132,55450,44318,2,0
"Sign Bottom","Calibri",68238,96531,28293,8,1
"Sign Top","Cambria",679,47128,46449,9,8
"Sign Bottom","Cambria",50467,95764,45297,7,4
"Sign Bottom","Cambria",22533,65988,43455,3,8
"Sign Bottom","Cambria",93792,139874,46082,2,4
"Sign Bottom","Calibri",125472,130894,5422,2,4
"Sign Bottom","Cambria",97380,105290,7910,0,0
"Sign Bottom","Calibri",35271,58152,22881,1,2
"Sign Bottom","Cambria",20122,31188,11066,2,8
"Sign Bottom","Calibri",138805,183710,44905,5,0
"Sign Bottom","Calibri",7002,49883,42881,2,3
"Sign Top","Calibri",55000,68951,13951,0,1
"Sign Top","Cambria",40643,62997,22354,3,7
"Sign Bottom","Cambria",38273,69274,31001,3,4
"Sign Top","Calibri",54000,86995,32995,0,5
"Sign Top","Calibri",67210,97408,30198,0,8
"Sign Top","Calibri",44,41097,41053,4,7
"Sign Bottom","Cambria",161024,199815,38791,4,5
"Sign Bottom","Cambria",49777,88097,38320,7,7
"Sign Top","Cambria",803,15862,15059,3,2
"Sign Bottom","Calibri",97000,126454,29454,0,4
"Sign Bottom","Calibri",12176,49189,37013,6,9
"Sign Bottom","Calibri",190000,224656,34656,0,6
"Sign Bottom","Calibri",131,43547,43416,1,7
"Sign Top","Cambria",1211,7774,6563,1,4
"Sign Top","Cambria",61832,63149,1317,2,9
"Sign Top","Cambria",135968,160295,24327,8,5
"Sign Bottom","Cambria",2872,22053,19181,2,3
"Sign Bottom","Calibri",69426,76181,6755,6,1
"Sign Top","Cambria",34636,65131,30495,6,1
"Sign Top","Calibri",76000,94087,18087,0,7
"Sign Bottom","Cambria",45136,72726,27590,6,6
"Sign Top","Calibri",78000,117900,39900,0,0
"Sign Bottom","Calibri",100738,133360,32622,8,0
"Sign Bottom","Calibri",118110,129302,11192,0,2
"Sign Bottom","Calibri",96199,129466,33267,9,6
"Sign Top","Cambria",553,46869,46316,3,9
"Sign Top","Cambria",127239,139021,11782,9,1
"Sign Bottom","Cambria",118235,165450,47215,5,0
"Sign Bottom","Cambria",80900,104618,23718,0,8
"Sign Bottom","Cambria",9066,56380,47314,6,0
"Sign Bottom","Calibri",51032,79407,28375,2,7
"Sign Bottom","Calibri",68452,71843,3391,2,3
"Sign Top","Cambria",23914,69244,45330,4,4
"Sign Bottom","Cambria",132800,140243,7443,0,3
"Sign Top","Calibri",258685,276155,17470,5,5
"Sign Top","Cambria",66708,98047,31339,8,7
"Sign Bottom","Calibri",78653,97931,19278,3,1
"Sign Top","Calibri",5400,46770,41370,0,0
"Sign Top","Cambria",109712,156457,46745,2,7
"Sign Bottom","Calibri",30397,69292,38895,7,2
"Sign Bottom","Calibri",152695,164641,11946,5,1
"Sign Top","Cambria",13063,61635,48572,3,5
"Sign Top","Cambria",156983,156993,10,3,3
"Sign Top","Calibri",12500,35861,23361,0,1
"Sign Bottom","Cambria",71251,98371,27120,1,1
"Sign Top","Calibri",3000,21369,18369,0,9
"Sign Top","Calibri",99504,147166,47662,4,6
"Sign Top","Cambria",31132,47596,16464,2,6
"Sign Top","Calibri",91119,96632,5513,9,2
"Sign Bottom","Calibri",6474,53684,47210,4,4
"Sign Top","Cambria",92702,108405,15703,2,5
"Sign Bottom","Cambria",13552,25220,11668,2,0
"Sign Top","Calibri",5000,8489,3489,0,9
"Sign Top","Cambria",99916,141923,42007,6,3
"Sign Bottom","Cambria",18325,30250,11925,5,0
"Sign Bottom","Calibri",280454,306109,25655,4,9
"Sign Top","Cambria",38263,69014,30751,3,4
"Sign Bottom","Calibri",44695,94554,49859,5,4
"Sign Bottom","Cambria",118919,163589,44670,9,9
"Sign Top","Calibri",63000,110017,47017,0,7
"Sign Top","Calibri",13046,25685,12639,6,5
"Sign Bottom","Cambria",93849,109762,15913,9,2
"Sign Top","Cambria",35456,41630,6174,6,0
"Sign Bottom","Calibri",53000,87018,34018,0,8
"Sign Top","Cambria",63314,112691,49377,4,1
"Sign Bottom","Calibri",55626,102906,47280,6,6
"Sign Bottom","Cambria",48760,61448,12688,0,8
"Sign Top","Cambria",132300,147568,15268,0,8
"Sign Top","Calibri",99186,142351,43165,6,1
"Sign Bottom","Cambria",64578,105583,41005,8,3
"Sign Top","Calibri",15000,63800,48800,0,0
"Sign Top","Calibri",33915,60271,26356,5,1
"Sign Top","Calibri",75000,96337,21337,0,7
"Sign Bottom","Calibri",252892,258454,5562,2,4
"Sign Top","Calibri",192096,241710,49614,6,0
"Sign Top","Calibri",33262,48128,14866,2,8
"Sign Top","Calibri",31209,60166,28957,9,6
"Sign Top","Cambria",1158,47837,46679,8,7
"Sign Top","Calibri",6,5566,5560,6,6
"Sign Bottom","Cambria",56121,58786,2665,1,6
"Sign Bottom","Cambria",69805,116662,46857,5,2
"Sign Bottom","Calibri",30898,76970,46072,8,0
"Sign Top","Cambria",115167,156589,41422,7,9
"Sign Top","Cambria",42449,77483,35034,9,3
"Sign Top","Cambria",32811,63103,30292,1,3
"Sign Bottom","Cambria",120176,126137,5961,6,7
"Sign Top","Cambria",267026,278056,11030,6,6
"Sign Top","Cambria",36899,40408,3509,9,8
"Sign Top","Calibri",5000,5658,658,0,8
"Sign Bottom","Calibri",20600,69190,48590,0,0
"Sign Top","Calibri",33000,49742,16742,0,2
"Sign Bottom","Cambria",81892,82407,515,2,7
"Sign Bottom","Calibri",121635,153135,31500,5,5
"Sign Bottom","Calibri",43325,60013,16688,5,3
"Sign Bottom","Calibri",161926,203816,41890,6,6
"Sign Bottom","Cambria",46106,76471,30365,6,1
"Sign Top","Cambria",91059,93447,2388,9,7
"Sign Bottom","Cambria",59939,74746,14807,9,6
"Sign Top","Cambria",26327,26665,338,7,5
"Sign Bottom","Calibri",33258,72417,39159,8,7
"Sign Top","Cambria",57787,70929,13142,7,9
"Sign Bottom","Cambria",8522,44597,36075,2,7
"Sign Bottom","Cambria",61922,93368,31446,2,8
"Sign Bottom","Cambria",72562,73839,1277,2,9
"Sign Bottom","Calibri",144733,193051,48318,3,1
"Sign Bottom","Cambria",152102,165340,13238,2,0
"Sign Bottom","Calibri",91000,126690,35690,0,0
"Sign Bottom","Cambria",18349,47587,29238,9,7
"Sign Top","Calibri",69071,76155,7084,1,5
"Sign Top","Cambria",116735,132986,16251,5,6
"Sign Bottom","Cambria",71652,97306,25654,2,6
"Sign Top","Cambria",106602,139465,32863,2,5
"Sign Bottom","Cambria",39112,47358,8246,2,8
"Sign Top","Cambria",118933,164363,45430,3,3
"Sign Top","Calibri",10000,27219,17219,0,9
"Sign Top","Cambria",49264,88723,39459,4,3
"Sign Top","Cambria",73458,87539,14081,8,9
"Sign Top","Cambria",63877,65549,1672,7,9
"Sign Bottom","Cambria",103724,116222,12498,4,2
"Sign Top","Calibri",61500,89665,28165,0,5
"Sign Bottom","Calibri",41321,48315,6994,1,5
"Sign Top","Calibri",0,41104,41104,0,4
"Sign Bottom","Calibri",9104,55141,46037,4,1
"Sign Bottom","Calibri",75321,94950,19629,1,0
"Sign Bottom","Cambria",21117,49774,28657,7,4
"Sign Top","Calibri",84500,109543,25043,0,3
"Sign Bottom","Cambria",185215,188920,3705,5,0
"Sign Top","Calibri",152355,167351,14996,5,1
"Sign Top","Cambria",44099,76771,32672,9,1
"Sign Top","Cambria",1173,30427,29254,3,7
"Sign Top","Calibri",50000,62880,12880,0,0
"Sign Top","Cambria",62952,94940,31988,2,0
"Sign Top","Calibri",14,28935,28921,4,5
"Sign Bottom","Calibri",127169,162094,34925,9,4
"Sign Top","Cambria",20343,46357,26014,3,7
"Sign Bottom","Cambria",42004,85489,43485,4,9
"Sign Top","Calibri",81344,104606,23262,4,6
"Sign Top","Calibri",75000,109630,34630,0,0
"Sign Bottom","Cambria",41183,55663,14480,3,3
"Sign Bottom","Calibri",121138,151962,30824,8,2
"Sign Bottom","Calibri",98713,99072,359,3,2
"Sign Top","Calibri",121234,152791,31557,4,1
"Sign Bottom","Cambria",15400,21569,6169,0,9
"Sign Top","Cambria",52375,58822,6447,5,2
"Sign Top","Calibri",148000,177815,29815,0,5
"Sign Bottom","Calibri",63570,108701,45131,0,1
"Sign Top","Calibri",78723,106926,28203,3,6
"Sign Top","Cambria",75339,84643,9304,9,3
"Sign Bottom","Calibri",69848,70720,872,8,0
"Sign Bottom","Cambria",49593,58603,9010,3,3
"Sign Bottom","Cambria",87519,92024,4505,9,4
"Sign Top","Cambria",80077,109269,29192,7,9
"Sign Bottom","Calibri",82642,121190,38548,2,0
"Sign Top","Calibri",133083,177835,44752,3,5
"Sign Top","Cambria",52108,73847,21739,8,7
"Sign Bottom","Cambria",50322,53044,2722,2,4
"Sign Bottom","Calibri",21819,41410,19591,9,0
"Sign Top","Cambria",6318,47148,40830,8,8
"Sign Bottom","Calibri",30187,42498,12311,7,8
"Sign Bottom","Calibri",1681,14982,13301,1,2
"Sign Top","Cambria",79457,119750,40293,7,0
"Sign Bottom","Cambria",24655,36202,11547,5,2
"Sign Bottom","Calibri",41470,43692,2222,0,2
"Sign Top","Cambria",29620,36578,6958,0,8
"Sign Bottom","Cambria",18685,54966,36281,5,6
"Sign Top","Calibri",300,49054,48754,0,4
"Sign Top","Cambria",116421,153739,37318,1,9
"Sign Bottom","Calibri",67077,84801,17724,7,1
"Sign Bottom","Cambria",28682,76574,47892,2,4
"Sign Top","Cambria",616,25541,24925,6,1
"Sign Top","Calibri",100040,110327,10287,0,7
"Sign Bottom","Cambria",80084,115341,35257,4,1
"Sign Top","Cambria",87235,100887,13652,5,7
"Sign Top","Cambria",77683,108242,30559,3,2
"Sign Top","Cambria",178800,186825,8025,0,5
"Sign Top","Calibri",54044,85973,31929,4,3
"Sign Top","Cambria",51457,80534,29077,7,4
"Sign Bottom","Cambria",43697,64833,21136,7,3
"Sign Bottom","Cambria",106332,118757,12425,2,7
"Sign Bottom","Calibri",82205,87447,5242,5,7
"Sign Bottom","Cambria",64146,67258,3112,6,8
"Sign Bottom","Cambria",31659,49277,17618,9,7
"Sign Bottom","Cambria",48273,51979,3706,3,9
"Sign Top","Calibri",53000,82766,29766,0,6
"Sign Top","Cambria",38688,56404,17716,8,4
"Sign Top","Cambria",17605,34950,17345,5,0
"Sign Bottom","Cambria",89589,109963,20374,9,3
"Sign Top","Calibri",4357,4716,359,7,6
"Sign Top","Calibri",2000,4922,2922,0,2
"Sign Bottom","Cambria",105841,146323,40482,1,3
"Sign Top","Calibri",21110,58864,37754,0,4
"Sign Bottom","Cambria",55566,92554,36988,6,4
"Sign Bottom","Calibri",20412,33299,12887,2,9
"Sign Bottom","Cambria",112678,160426,47748,8,6
"Sign Bottom","Cambria",111670,115582,3912,0,2
"Sign Top","Calibri",53,14668,14615,3,8
"Sign Top","Calibri",32594,47241,14647,4,1
"Sign Bottom","Cambria",79791,102094,22303,1,4
"Sign Top","Calibri",43142,65034,21892,2,4
"Sign Bottom","Calibri",88082,137252,49170,2,2
"Sign Top","Cambria",122148,137026,14878,8,6
"Sign Top","Cambria",20359,60793,40434,9,3
"Sign Bottom","Cambria",82428,120564,38136,8,4
"Sign Bottom","Cambria",129914,168689,38775,4,9
"Sign Top","Cambria",178393,197768,19375,3,8
"Sign Bottom","Cambria",96780,103649,6869,0,9
"Sign Bottom","Calibri",37952,52990,15038,2,0
"Sign Top","Calibri",57000,106452,49452,0,2
"Sign Bottom","Cambria",54665,72319,17654,5,9
"Sign Bottom","Cambria",53503,55016,1513,3,6
"Sign Top","Cambria",59421,70297,10876,1,7
"Sign Bottom","Calibri",83138,114712,31574,8,2
"Sign Bottom","Cambria",15025,20823,5798,5,3
"Sign Top","Calibri",31800,67104,35304,0,4
"Sign Top","Cambria",20780,25190,4410,0,0
"Sign Top","Calibri",10,41085,41075,0,5
"Sign Bottom","Cambria",148606,184305,35699,6,5
"Sign Top","Calibri",166530,200660,34130,0,0
"Sign Top","Cambria",587,41647,41060,7,7
"Sign Bottom","Cambria",175085,181744,6659,5,4
"Sign Top","Cambria",92841,114352,21511,1,2
"Sign Bottom","Cambria",17117,56980,39863,7,0
"Sign Top","Cambria",554,43667,43113,4,7
"Sign Top","Cambria",7456,50090,42634,6,0
"Sign Bottom","Cambria",117390,123634,6244,0,4
"Sign Top","Calibri",0,33785,33785,0,5
"Sign Bottom","Cambria",38733,67010,28277,3,0
"Sign Top","Calibri",78000,96504,18504,0,4
"Sign Bottom","Cambria",21526,68663,47137,6,3
"Sign Top","Calibri",87450,94889,7439,0,9
"Sign Bottom","Calibri",174913,177300,2387,3,0
"Sign Bottom","Calibri",166997,198738,31741,7,8
"Sign Top","Calibri",285000,312717,27717,0,7
"Sign Bottom","Calibri",4500,15580,11080,0,0
"Sign Bottom","Cambria",4547,9640,5093,7,0
"Sign Top","Cambria",31190,63895,32705,0,5
"Sign Top","Calibri",70015,119678,49663,5,8
"Sign Top","Cambria",17603,54806,37203,3,6
"Sign Top","Calibri",25100,52767,27667,0,7
"Sign Top","Calibri",43001,64547,21546,1,7
"Sign Top","Calibri",14908,60196,45288,8,6
"Sign Top","Calibri",90000,113030,23030,0,0
"Sign Top","Cambria",39903,82250,42347,3,0
"Sign Bottom","Cambria",227407,233916,6509,7,6
"Sign Bottom","Calibri",20508,64112,43604,8,2
"Sign Top","Cambria",148867,163397,14530,7,7
"Sign Bottom","Calibri",78961,81843,2882,1,3
"Sign Bottom","Cambria",30248,68734,38486,8,4
"Sign Top","Calibri",148225,175098,26873,5,8
"Sign Bottom","Calibri",64240,104936,40696,0,6
"Sign Top","Cambria",79790,129264,49474,0,4
"Sign Bottom","Calibri",46932,51507,4575,2,7
"Sign Bottom","Calibri",108344,132741,24397,4,1
"Sign Top","Cambria",290,26364,26074,0,4
"Sign Bottom","Cambria",40042,41843,1801,2,3
"Sign Top","Calibri",90328,98047,7719,8,7
"Sign Bottom","Cambria",61903,74697,12794,3,7
"Sign Bottom","Cambria",69049,71265,2216,9,5
"Sign Bottom","Cambria",106419,112144,5725,9,4
"Sign Bottom","Cambria",27009,43901,16892,9,1
"Sign Bottom","Calibri",1936,38680,36744,6,0
"Sign Top","Cambria",60396,98684,38288,6,4
"Sign Bottom","Calibri",39693,44441,4748,3,1
"Sign Top","Cambria",125932,150446,24514,2,6
"Sign Bottom","Calibri",81186,88009,6823,6,9
"Sign Top","Cambria",54097,93014,38917,7,4
"Sign Top","Calibri",13,35971,35958,3,1
"Sign Top","Cambria",15964,59234,43270,4,4
"Sign Top","Cambria",23549,57263,33714,9,3
"Sign Top","Cambria",22808,54179,31371,8,9
"Sign Bottom","Cambria",82990,120928,37938,0,8
"Sign Bottom","Calibri",4213,14644,10431,3,4
"Sign Bottom","Calibri",239,1640,1401,9,0
"Sign Top","Cambria",18983,38941,19958,3,1
"Sign Top","Cambria",930,20560,19630,0,0
"Sign Top","Calibri",112000,138555,26555,0,5
"Sign Bottom","Calibri",72435,88439,16004,5,9
"Sign Top","Calibri",54199,97392,43193,9,2
"Sign Bottom","Calibri",69500,94773,25273,0,3
"Sign Bottom","Cambria",51370,68748,17378,0,8
"Sign Bottom","Cambria",211711,255255,43544,1,5
"Sign Bottom","Cambria",21713,31844,10131,3,4
"Sign Top","Calibri",132029,158033,26004,9,3
"Sign Top","Cambria",170264,174187,3923,4,7
"Sign Top","Cambria",18324,54046,35722,4,6
"Sign Top","Calibri",3120,27217,24097,0,7
"Sign Top","Cambria",33799,60863,27064,9,3
"Sign Bottom","Calibri",162002,202254,40252,2,4
"Sign Top","Calibri",26530,57845,31315,0,5
"Sign Top","Cambria",7941,30521,22580,1,1
"Sign Top","Calibri",9100,32678,23578,0,8
"Sign Top","Calibri",9000,18378,9378,0,8
"Sign Bottom","Calibri",70055,84884,14829,5,4
"Sign Bottom","Calibri",39322,47779,8457,2,9
"Sign Bottom","Calibri",101522,129090,27568,2,0
"Sign Top","Cambria",82653,110101,27448,3,1
"Sign Bottom","Calibri",65116,107795,42679,6,5
"Sign Bottom","Calibri",11833,17322,5489,3,2
"Sign Top","Calibri",19485,58663,39178,5,3
"Sign Top","Calibri",99000,137084,38084,0,4
"Sign Top","Cambria",725,23171,22446,5,1
"Sign Bottom","Calibri",111441,138594,27153,1,4
"Sign Top","Cambria",46246,80574,34328,6,4
"Sign Top","Calibri",64,34893,34829,4,3
"Sign Top","Calibri",40001,76041,36040,1,1
"Sign Top","Cambria",66229,109986,43757,9,6
"Sign Top","Calibri",76400,110661,34261,0,1
"Sign Top","Calibri",0,24452,24452,0,2
"Sign Top","Cambria",105488,141476,35988,8,6
"Sign Top","Calibri",265550,283931,18381,0,1
"Sign Bottom","Cambria",66519,108002,41483,9,2
"Sign Bottom","Cambria",36326,65631,29305,6,1
"Sign Top","Cambria",25238,39078,13840,8,8
"Sign Top","Cambria",118622,129021,10399,2,1
"Sign Bottom","Cambria",37293,84808,47515,3,8
"Sign Bottom","Calibri",120792,161802,41010,2,2
"Sign Top","Calibri",50,47949,47899,0,9
"Sign Bottom","Calibri",30942,35060,4118,2,0
"Sign Top","Calibri",42309,80062,37753,9,2
"Sign Bottom","Cambria",56374,91088,34714,4,8
"Sign Bottom","Calibri",82899,105202,22303,9,2
"Sign Top","Cambria",58818,72377,13559,8,7
"Sign Top","Cambria",65540,93683,28143,0,3
"Sign Bottom","Cambria",151678,169725,18047,8,5
"Sign Top","Calibri",23015,34411,11396,5,1
"Sign Bottom","Cambria",17315,50195,32880,5,5
"Sign Top","Calibri",118193,130359,12166,3,9
"Sign Bottom","Cambria",114838,164046,49208,8,6
"Sign Bottom","Calibri",67116,77650,10534,6,0
"Sign Bottom","Cambria",67385,76666,9281,5,6
"Sign Bottom","Cambria",36914,69023,32109,4,3
"Sign Top","Calibri",70000,72828,2828,0,8
"Sign Bottom","Cambria",95051,130500,35449,1,0
"Sign Top","Calibri",40652,74970,34318,2,0
"Sign Top","Calibri",556,5022,4466,6,2
"Sign Bottom","Cambria",35940,65822,29882,0,2
"Sign Bottom","Cambria",35532,63924,28392,2,4
"Sign Top","Calibri",8907,21323,12416,7,3
"Sign Bottom","Cambria",160582,202620,42038,2,0
"Sign Bottom","Calibri",85395,93851,8456,5,1
"Sign Bottom","Calibri",117437,155872,38435,7,2
"Sign Bottom","Calibri",99030,109095,10065,0,5
"Sign Bottom","Calibri",64204,72892,8688,4,2
"Sign Bottom","Cambria",73200,82720,9520,0,0
"Sign Bottom","Cambria",75230,110850,35620,0,0
"Sign Top","Calibri",32090,69183,37093,0,3
"Sign Top","Calibri",0,49253,49253,0,3
"Sign Top","Calibri",23100,37625,14525,0,5
"Sign Top","Cambria",66746,68524,1778,6,4
"Sign Bottom","Calibri",37990,53653,15663,0,3
"Sign Top","Cambria",39416,81347,41931,6,7
"Sign Bottom","Calibri",23496,34634,11138,6,4
"Sign Bottom","Cambria",33384,80028,46644,4,8
"Sign Bottom","Cambria",31596,63052,31456,6,2
"Sign Top","Calibri",266485,308504,42019,5,4
"Sign Bottom","Cambria",82920,104021,21101,0,1
"Sign Top","Calibri",93244,135322,42078,4,2
"Sign Bottom","Calibri",120937,134429,13492,7,9
"Sign Bottom","Cambria",178765,220548,41783,5,8
"Sign Top","Cambria",113290,151586,38296,0,6
"Sign Bottom","Calibri",348285,351657,3372,5,7
"Sign Bottom","Calibri",133668,173470,39802,8,0
"Sign Bottom","Calibri",73296,80070,6774,6,0
"Sign Bottom","Calibri",35104,74209,39105,4,9
"Sign Bottom","Calibri",122674,129954,7280,4,4
"Sign Top","Calibri",74876,81884,7008,6,4
"Sign Top","Cambria",29504,73854,44350,4,4
"Sign Bottom","Cambria",92202,132805,40603,2,5
"Sign Top","Calibri",26900,63846,36946,0,6
"Sign Top","Calibri",9100,19448,10348,0,8
"Sign Bottom","Calibri",44252,68270,24018,2,0
"Sign Bottom","Calibri",36222,62440,26218,2,0
"Sign Top","Cambria",28424,31583,3159,4,3
"Sign Top","Calibri",80000,102656,22656,0,6
"Sign Bottom","Cambria",121046,127988,6942,6,8
"Sign Top","Cambria",65310,67922,2612,0,2
"Sign Top","Calibri",112000,129597,17597,0,7
"Sign Top","Calibri",102279,142202,39923,9,2
"Sign Top","Calibri",0,19948,19948,0,8
"Sign Bottom","Cambria",32497,38465,5968,7,5
"Sign Top","Cambria",8487,45008,36521,7,8
"Sign Bottom","Calibri",26569,48168,21599,9,8
"Sign Top","Cambria",9499,18199,8700,9,9
"Sign Bottom","Cambria",35549,81666,46117,9,6
"Sign Bottom","Cambria",43702,62028,18326,2,8
"Sign Bottom","Cambria",78293,96278,17985,3,8
"Sign Bottom","Cambria",16523,46283,29760,3,3
"Sign Top","Cambria",33922,82527,48605,2,7
"Sign Top","Cambria",879,8647,7768,9,7
"Sign Top","Calibri",39432,68783,29351,2,3
"Sign Bottom","Cambria",48989,71788,22799,9,8
"Sign Bottom","Cambria",73061,112755,39694,1,5
"Sign Top","Calibri",7493,28022,20529,3,2
"Sign Top","Calibri",119000,135992,16992,0,2
"Sign Top","Cambria",146359,180235,33876,9,5
"Sign Top","Calibri",1581,5086,3505,1,6
"Sign Bottom","Cambria",126713,152758,26045,3,8
"Sign Bottom","Calibri",128822,152150,23328,2,0
"Sign Bottom","Calibri",86833,115805,28972,3,5
"Sign Top","Cambria",94771,109704,14933,1,4
"Sign Top","Cambria",37638,64952,27314,8,2
"Sign Bottom","Cambria",84958,92767,7809,8,7
"Sign Bottom","Calibri",140807,150886,10079,7,6
"Sign Bottom","Cambria",99221,99840,619,1,0
"Sign Bottom","Calibri",142523,151780,9257,3,0
"Sign Bottom","Calibri",53446,73752,20306,6,2
"Sign Top","Cambria",130964,167135,36171,4,5
"Sign Top","Cambria",33316,55086,21770,6,6
"Sign Top","Calibri",75000,82863,7863,0,3
"Sign Bottom","Calibri",56447,99936,43489,7,6
"Sign Top","Calibri",3224,53039,49815,4,9
"Sign Bottom","Cambria",104686,113427,8741,6,7
"Sign Bottom","Calibri",129420,138994,9574,0,4
"Sign Bottom","Calibri",43095,91218,48123,5,8
"Sign Bottom","Cambria",23447,37210,13763,7,0
"Sign Top","Cambria",30176,68218,38042,6,8
"Sign Bottom","Calibri",47030,48506,1476,0,6
"Sign Bottom","Calibri",75081,100791,25710,1,1
"Sign Bottom","Cambria",72456,116474,44018,6,4
"Sign Top","Calibri",6094,39778,33684,4,8
"Sign Top","Cambria",2541,46386,43845,1,6
"Sign Bottom","Cambria",103822,118155,14333,2,5
"Sign Bottom","Cambria",30553,79541,48988,3,1
"Sign Top","Calibri",154203,192192,37989,3,2
"Sign Top","Cambria",93175,96081,2906,5,1
"Sign Top","Calibri",24,17961,17937,4,1
"Sign Top","Cambria",29190,62587,33397,0,7
"Sign Top","Calibri",75100,91142,16042,0,2
"Sign Bottom","Cambria",84166,104142,19976,6,2
"Sign Bottom","Cambria",53609,54118,509,9,8
"Sign Top","Calibri",120000,143993,23993,0,3
"Sign Top","Cambria",84361,111274,26913,1,4
"Sign Bottom","Calibri",87204,129648,42444,4,8
"Sign Top","Calibri",62000,91286,29286,0,6
"Sign Bottom","Calibri",181472,224285,42813,2,5
"Sign Top","Cambria",51074,67668,16594,4,8
"Sign Bottom","Cambria",54514,76245,21731,4,5
"Sign Top","Cambria",47565,68942,21377,5,2
"Sign Top","Calibri",96092,115460,19368,2,0
"Sign Bottom","Calibri",7030,9893,2863,0,3
"Sign Bottom","Calibri",196325,216978,20653,5,8
"Sign Bottom","Cambria",78228,87418,9190,8,8
"Sign Bottom","Calibri",45285,82010,36725,5,0
"Sign Top","Calibri",8500,50569,42069,0,9
"Sign Bottom","Calibri",31850,73286,41436,0,6
"Sign Top","Calibri",54012,73845,19833,2,5
"Sign Bottom","Cambria",55819,89886,34067,9,6
"Sign Bottom","Calibri",85934,121443,35509,4,3
"Sign Top","Cambria",136415,154525,18110,5,5
"Sign Top","Cambria",79,24298,24219,9,8
"Sign Bottom","Calibri",157611,167639,10028,1,9
"Sign Top","Cambria",28730,34384,5654,0,4
"Sign Bottom","Cambria",3925,15128,11203,5,8
"Sign Top","Calibri",37000,75866,38866,0,6
"Sign Bottom","Calibri",5740,15394,9654,0,4
"Sign Top","Calibri",154830,203272,48442,0,2
"Sign Bottom","Cambria",53421,102923,49502,1,3
"Sign Top","Calibri",141058,149622,8564,8,2
"Sign Top","Calibri",73,48789,48716,3,9
"Sign Bottom","Cambria",142755,180043,37288,5,3
"Sign Top","Calibri",6898,19270,12372,8,0
"Sign Top","Cambria",46428,92086,45658,8,6
"Sign Top","Cambria",440,11904,11464,0,4
"Sign Top","Calibri",157321,172722,15401,1,2
"Sign Bottom","Calibri",165499,211162,45663,9,2
"Sign Bottom","Cambria",197495,214313,16818,5,3
"Sign Bottom","Calibri",110727,126594,15867,7,4
"Sign Top","Cambria",165161,172335,7174,1,5
"Sign Bottom","Calibri",25497,39337,13840,7,7
"Sign Top","Cambria",875,34919,34044,5,9
"Sign Bottom","Calibri",226100,244976,18876,0,6
"Sign Top","Calibri",13039,46511,33472,9,1
"Sign Top","Calibri",3000,46800,43800,0,0
"Sign Top","Calibri",44000,69614,25614,0,4
"Sign Bottom","Calibri",112662,135429,22767,2,9
"Sign Top","Calibri",81999,119300,37301,9,0
"Sign Bottom","Cambria",42924,77175,34251,4,5
"Sign Bottom","Cambria",9239,13513,4274,9,3
"Sign Bottom","Calibri",21892,66026,44134,2,6
"Sign Top","Cambria",105645,140102,34457,5,2
"Sign Bottom","Calibri",117020,162275,45255,0,5
"Sign Top","Cambria",85400,134802,49402,0,2
"Sign Top","Cambria",986,36855,35869,6,5
"Sign Bottom","Calibri",32094,70820,38726,4,0
"Sign Top","Calibri",7574,50023,42449,4,3
"Sign Bottom","Calibri",43652,84254,40602,2,4
"Sign Top","Calibri",110500,142047,31547,0,7
"Sign Bottom","Calibri",96308,141291,44983,8,1
"Sign Bottom","Cambria",7680,44108,36428,0,8
"Sign Top","Calibri",105548,118557,13009,8,7
"Sign Top","Cambria",21346,41116,19770,6,6
"Sign Bottom","Calibri",158591,198450,39859,1,0
"Sign Top","Cambria",20564,55626,35062,4,6
"Sign Top","Calibri",3800,24836,21036,0,6
"Sign Bottom","Cambria",80156,115148,34992,6,8
"Sign Top","Cambria",753,45312,44559,3,2
"Sign Bottom","Calibri",85707,98326,12619,7,6
"Sign Top","Cambria",36154,39846,3692,4,6
"Sign Top","Calibri",180000,228065,48065,0,5
"Sign Bottom","Calibri",51313,58528,7215,3,8
"Sign Top","Calibri",76852,105861,29009,2,1
"Sign Top","Calibri",2035,11071,9036,5,1
"Sign Top","Calibri",33000,56927,23927,0,7
"Sign Top","Calibri",33846,60154,26308,6,4
"Sign Top","Cambria",21773,37957,16184,3,7
"Sign Top","Cambria",103836,116889,13053,6,9
"Sign Bottom","Calibri",66287,108104,41817,7,4
"Sign Top","Calibri",30025,34629,4604,5,9
"Sign Top","Cambria",3618,21287,17669,8,7
"Sign Bottom","Calibri",90268,126828,36560,8,8
"Sign Bottom","Cambria",42652,74742,32090,2,2
"Sign Top","Calibri",60631,79121,18490,1,1
"Sign Top","Cambria",36198,52882,16684,8,2
"Sign Top","Calibri",42250,66274,24024,0,4
"Sign Top","Cambria",27226,66979,39753,6,9
"Sign Bottom","Calibri",37312,54283,16971,2,3
"Sign Top","Calibri",7100,10424,3324,0,4
"Sign Bottom","Cambria",102866,141025,38159,6,5
"Sign Top","Cambria",40235,69959,29724,5,9
"Sign Top","Cambria",59585,70621,11036,5,1
"Sign Bottom","Calibri",51198,88398,37200,8,8
"Sign Top","Calibri",63996,73545,9549,6,5
"Sign Top","Calibri",51000,90902,39902,0,2
"Sign Top","Calibri",80187,90724,10537,7,4
"Sign Bottom","Calibri",33750,64993,31243,0,3
"Sign Bottom","Calibri",36405,64584,28179,5,4
"Sign Top","Calibri",47330,65684,18354,0,4
"Sign Top","Cambria",102689,106733,4044,9,3
"Sign Top","Cambria",4255,29386,25131,5,6
"Sign Bottom","Cambria",87020,133444,46424,0,4
"Sign Bottom","Cambria",59409,61054,1645,9,4
"Sign Bottom","Calibri",84000,107060,23060,0,0
"Sign Top","Calibri",103000,124413,21413,0,3
"Sign Top","Cambria",14539,49493,34954,9,3
"Sign Bottom","Cambria",84458,103174,18716,8,4
"Sign Bottom","Cambria",51549,100413,48864,9,3
"Sign Top","Calibri",68424,96908,28484,4,8
"Sign Bottom","Calibri",15450,48205,32755,0,5
"Sign Bottom","Calibri",80052,91950,11898,2,0
"Sign Bottom","Calibri",3865,12047,8182,5,7
"Sign Bottom","Calibri",55000,59136,4136,0,6
"Sign Bottom","Cambria",103359,133733,30374,9,3
"Sign Bottom","Calibri",138704,163429,24725,4,9
"Sign Bottom","Calibri",17200,50069,32869,0,9
"Sign Bottom","Cambria",89429,120622,31193,9,2
"Sign Bottom","Calibri",116132,132647,16515,2,7
"Sign Top","Cambria",9750,51004,41254,0,4
"Sign Top","Cambria",41283,66329,25046,3,9
"Sign Top","Calibri",48032,73116,25084,2,6
"Sign Bottom","Calibri",96158,119920,23762,8,0
"Sign Bottom","Calibri",63342,69122,5780,2,2
"Sign Top","Cambria",68346,94327,25981,6,7
"Sign Top","Cambria",103006,118809,15803,6,9
"Sign Top","Calibri",60200,91955,31755,0,5
"Sign Top","Calibri",98063,123977,25914,3,7
"Sign Top","Calibri",74000,110258,36258,0,8
"Sign Top","Calibri",155000,163869,8869,0,9
"Sign Top","Cambria",113422,150072,36650,2,2
"Sign Bottom","Calibri",177625,227160,49535,5,0
"Sign Bottom","Cambria",52196,58705,6509,6,5
"Sign Bottom","Cambria",37410,50567,13157,0,7
"Sign Top","Calibri",4,23684,23680,4,4
"Sign Top","Cambria",60308,62602,2294,8,2
"Sign Bottom","Cambria",79293,116193,36900,3,3
"Sign Top","Calibri",65000,85845,20845,0,5
"Sign Top","Calibri",54000,101939,47939,0,9
"Sign Top","Calibri",94240,137074,42834,0,4
"Sign Bottom","Calibri",49000,68757,19757,0,7
"Sign Bottom","Cambria",120338,146795,26457,8,5
"Sign Top","Calibri",5052,43832,38780,2,2
"Sign Top","Calibri",67686,95561,27875,6,1
"Sign Top","Cambria",90575,132709,42134,5,9
"Sign Top","Calibri",3875,27299,23424,5,9
"Sign Top","Cambria",50594,56765,6171,4,5
"Sign Top","Calibri",8028,33908,25880,8,8
"Sign Bottom","Cambria",84706,119443,34737,6,3
"Sign Bottom","Calibri",145571,162134,16563,1,4
"Sign Bottom","Calibri",21667,55433,33766,7,3
"Sign Top","Cambria",110756,140485,29729,6,5
"Sign Bottom","Cambria",71959,95120,23161,9,0
"Sign Top","Calibri",116000,151144,35144,0,4
"Sign Top","Cambria",83745,125596,41851,5,6
"Sign Bottom","Cambria",97563,99365,1802,3,5
"Sign Top","Calibri",10,47982,47972,0,2
"Sign Bottom","Cambria",63789,65167,1378,9,7
"Sign Bottom","Calibri",71500,91060,19560,0,0
"Sign Bottom","Calibri",65823,68301,2478,3,1
"Sign Top","Cambria",18573,68364,49791,3,4
"Sign Top","Cambria",60454,74092,13638,4,2
"Sign Top","Cambria",14674,45318,30644,4,8
"Sign Top","Cambria",36355,42260,5905,5,0
"Sign Top","Cambria",52552,93095,40543,2,5
"Sign Top","Calibri",78108,88075,9967,8,5
"Sign Top","Cambria",324,34680,34356,4,0
"Sign Top","Cambria",195569,208456,12887,9,6
"Sign Bottom","Calibri",119308,121213,1905,8,3
"Sign Top","Calibri",43367,87030,43663,7,0
"Sign Top","Cambria",31168,32442,1274,8,2
"Sign Top","Calibri",220653,226665,6012,3,5
"Sign Top","Calibri",156334,181264,24930,4,4
"Sign Bottom","Cambria",22087,71496,49409,7,6
"Sign Bottom","Calibri",117493,146095,28602,3,5
"Sign Bottom","Calibri",127223,133499,6276,3,9
"Sign Top","Calibri",46005,55763,9758,5,3
"Sign Bottom","Calibri",59700,63438,3738,0,8
"Sign Bottom","Cambria",65265,72384,7119,5,4
"Sign Top","Calibri",119941,149466,29525,1,6
"Sign Bottom","Calibri",59712,64930,5218,2,0
"Sign Bottom","Cambria",26629,33284,6655,9,4
"Sign Bottom","Calibri",3975,29095,25120,5,5
"Sign Bottom","Calibri",31355,64176,32821,5,6
"Sign Top","Cambria",3640,36781,33141,0,1
"Sign Top","Cambria",311,41790,41479,1,0
"Sign Bottom","Calibri",64169,73872,9703,9,2
"Sign Bottom","Calibri",14862,29676,14814,2,6
"Sign Top","Calibri",57000,61864,4864,0,4
"Sign Top","Cambria",180615,184064,3449,5,4
"Sign Top","Cambria",35738,52192,16454,8,2
"Sign Top","Cambria",109148,144051,34903,8,1
"Sign Bottom","Cambria",109462,158423,48961,2,3
"Sign Top","Cambria",73134,100943,27809,4,3
"Sign Bottom","Cambria",18595,63242,44647,5,2
"Sign Bottom","Calibri",106532,131718,25186,2,8
"Sign Bottom","Calibri",22981,31524,8543,1,4
"Sign Bottom","Calibri",101824,105590,3766,4,0
"Sign Top","Calibri",43274,64657,21383,4,7
"Sign Bottom","Cambria",108511,138217,29706,1,7
"Sign Top","Calibri",150000,198633,48633,0,3
"Sign Top","Calibri",4,26430,26426,4,0
"Sign Bottom","Calibri",23134,56409,33275,4,9
"Sign Bottom","Calibri",22256,64615,42359,6,5
"Sign Top","Calibri",20005,67970,47965,5,0
"Sign Bottom","Cambria",119745,169021,49276,5,1
"Sign Bottom","Cambria",30114,36834,6720,4,4
"Sign Top","Cambria",50319,54164,3845,9,4
"Sign Top","Cambria",45424,69343,23919,4,3
"Sign Bottom","Cambria",5879,33255,27376,9,5
"Sign Top","Calibri",20306,27286,6980,6,6
"Sign Bottom","Calibri",143571,164825,21254,1,5
"Sign Top","Cambria",140931,149347,8416,1,7
"Sign Bottom","Cambria",36086,38480,2394,6,0
"Sign Bottom","Calibri",65015,73360,8345,5,0
"Sign Top","Cambria",49191,91531,42340,1,1
"Sign Top","Calibri",41839,60462,18623,9,2
"Sign Top","Cambria",6926,52254,45328,6,4
"Sign Top","Cambria",114886,151826,36940,6,6
"Sign Top","Calibri",86000,100763,14763,0,3
"Sign Bottom","Calibri",11825,57458,45633,5,8
"Sign Top","Cambria",65574,105705,40131,4,5
"Sign Top","Cambria",96258,138033,41775,8,3
"Sign Top","Cambria",49314,67524,18210,4,4
"Sign Top","Calibri",117625,154935,37310,5,5
"Sign Top","Cambria",53339,81265,27926,9,5
"Sign Bottom","Calibri",8261,24047,15786,1,7
"Sign Bottom","Calibri",43389,73331,29942,9,1
"Sign Top","Cambria",35122,36035,913,2,5
"Sign Top","Calibri",0,32459,32459,0,9
"Sign Bottom","Cambria",26226,63970,37744,6,0
"Sign Bottom","Calibri",5740,42966,37226,0,6
"Sign Bottom","Cambria",95194,102681,7487,4,1
"Sign Bottom","Calibri",111767,132989,21222,7,9
"Sign Top","Calibri",38887,67610,28723,7,0
"Sign Top","Calibri",17892,53675,35783,2,5
"Sign Top","Calibri",7,12343,12336,7,3
"Sign Top","Calibri",10292,29784,19492,2,4
"Sign Bottom","Cambria",20253,35767,15514,3,7
"Sign Bottom","Calibri",60681,79433,18752,1,3
"Sign Top","Calibri",72000,89059,17059,0,9
"Sign Top","Calibri",76000,91753,15753,0,3
"Sign Top","Calibri",96946,137361,40415,6,1
"Sign Bottom","Calibri",54890,85923,31033,0,3
"Sign Top","Cambria",201,927,726,1,7
"Sign Top","Cambria",65324,82424,17100,4,4
"Sign Bottom","Cambria",16176,62040,45864,6,0
"Sign Top","Calibri",7071,55428,48357,1,8
"Sign Bottom","Calibri",1234,38206,36972,4,6
"Sign Bottom","Calibri",68697,90695,21998,7,5
"Sign Bottom","Calibri",52425,82629,30204,5,9
"Sign Top","Cambria",32364,69794,37430,4,4
"Sign Top","Cambria",177952,203417,25465,2,7
"Sign Bottom","Cambria",106256,107512,1256,6,2
"Sign Bottom","Calibri",20,17132,17112,0,2
"Sign Bottom","Calibri",17200,20955,3755,0,5
"Sign Bottom","Calibri",6000,8695,2695,0,5
"Sign Top","Cambria",81415,125414,43999,5,4
"Sign Top","Calibri",122200,137125,14925,0,5
"Sign Top","Cambria",82207,99021,16814,7,1
"Sign Bottom","Calibri",151875,175920,24045,5,0
"Sign Top","Cambria",61274,100182,38908,4,2
"Sign Top","Cambria",121409,122924,1515,9,4
"Sign Bottom","Calibri",28996,32337,3341,6,7
"Sign Top","Calibri",47214,62858,15644,4,8
"Sign Bottom","Calibri",133502,177575,44073,2,5
"Sign Top","Calibri",70031,74061,4030,1,1
"Sign Top","Cambria",29461,60905,31444,1,5
"Sign Top","Cambria",17821,37531,19710,1,1
"Sign Bottom","Calibri",132327,144344,12017,7,4
"Sign Bottom","Calibri",77843,78221,378,3,1
"Sign Top","Cambria",91890,126852,34962,0,2
"Sign Bottom","Cambria",42288,49843,7555,8,3
"Sign Top","Calibri",2e+05,248091,48091,0,1
"Sign Top","Cambria",44033,76272,32239,3,2
"Sign Top","Calibri",2,46552,46550,2,2
"Sign Bottom","Cambria",144177,144600,423,7,0
"Sign Bottom","Cambria",91079,96058,4979,9,8
"Sign Top","Cambria",8497,10404,1907,7,4
"Sign Top","Calibri",1e+05,108950,8950,0,0
"Sign Top","Cambria",9093,50568,41475,3,8
"Sign Top","Cambria",745,9408,8663,5,8
"Sign Bottom","Calibri",212423,212776,353,3,6
"Sign Top","Calibri",42000,50035,8035,0,5
"Sign Top","Cambria",69347,97549,28202,7,9
"Sign Top","Calibri",1001,8146,7145,1,6
"Sign Bottom","Calibri",100087,139410,39323,7,0
"Sign Top","Cambria",162992,178754,15762,2,4
"Sign Top","Cambria",132,44261,44129,2,1
"Sign Top","Cambria",33292,74163,40871,2,3
"Sign Bottom","Calibri",68848,90103,21255,8,3
"Sign Top","Calibri",8700,57494,48794,0,4
"Sign Top","Calibri",68599,118553,49954,9,3
"Sign Top","Cambria",23769,33216,9447,9,6
"Sign Top","Cambria",139709,166311,26602,9,1
"Sign Bottom","Cambria",96408,129723,33315,8,3
"Sign Bottom","Cambria",38516,67847,29331,6,7
"Sign Bottom","Cambria",2832,18737,15905,2,7
"Sign Bottom","Calibri",48391,71918,23527,1,8
"Sign Top","Calibri",16000,51299,35299,0,9
"Sign Bottom","Cambria",25998,47884,21886,8,4
"Sign Bottom","Calibri",228976,237226,8250,6,6
"Sign Bottom","Calibri",88156,109951,21795,6,1
"Sign Top","Cambria",78501,79736,1235,1,6
"Sign Top","Cambria",98182,131158,32976,2,8
"Sign Top","Cambria",108210,110791,2581,0,1
"Sign Bottom","Calibri",11501,35795,24294,1,5
"Sign Top","Calibri",53817,60088,6271,7,8
"Sign Top","Calibri",85000,121591,36591,0,1
"Sign Bottom","Cambria",93162,103048,9886,2,8
"Sign Top","Calibri",48819,87760,38941,9,0
"Sign Bottom","Cambria",76753,86902,10149,3,2
"Sign Top","Calibri",120000,127294,7294,0,4
"Sign Bottom","Cambria",99408,120721,21313,8,1
"Sign Top","Cambria",51703,94301,42598,3,1
"Sign Top","Cambria",32381,39155,6774,1,5
"Sign Bottom","Calibri",84207,106269,22062,7,9
"Sign Top","Calibri",66282,109793,43511,2,3
"Sign Top","Cambria",50331,57521,7190,1,1
"Sign Bottom","Cambria",117154,119069,1915,4,9
"Sign Bottom","Cambria",149585,196461,46876,5,1
"Sign Bottom","Cambria",42052,84571,42519,2,1
"Sign Bottom","Cambria",88533,88594,61,3,4
"Sign Top","Calibri",75000,120037,45037,0,7
"Sign Top","Cambria",113946,135960,22014,6,0
"Sign Top","Calibri",167302,173449,6147,2,9
"Sign Top","Calibri",211000,250998,39998,0,8
"Sign Bottom","Cambria",87403,105090,17687,3,0
"Sign Top","Calibri",42000,64926,22926,0,6
"Sign Top","Calibri",110000,130498,20498,0,8
"Sign Bottom","Calibri",21301,37240,15939,1,0
"Sign Top","Cambria",85118,115389,30271,8,9
"Sign Bottom","Cambria",90452,100203,9751,2,3
"Sign Top","Cambria",148253,151494,3241,3,4
"Sign Bottom","Calibri",30166,40287,10121,6,7
"Sign Bottom","Calibri",170061,180332,10271,1,2
"Sign Bottom","Calibri",29186,31798,2612,6,8
"Sign Bottom","Calibri",68328,114422,46094,8,2
"Sign Top","Calibri",44710,68559,23849,0,9
"Sign Bottom","Calibri",34370,41792,7422,0,2
"Sign Top","Cambria",40465,44879,4414,5,9
"Sign Bottom","Cambria",14934,43978,29044,4,8
"Sign Top","Calibri",91170,115255,24085,0,5
"Sign Top","Calibri",47468,61455,13987,8,5
"Sign Top","Calibri",60000,90647,30647,0,7
"Sign Top","Calibri",14,39701,39687,4,1
"Sign Bottom","Calibri",56335,71172,14837,5,2
"Sign Bottom","Calibri",117128,139627,22499,8,7
"Sign Bottom","Cambria",141209,160951,19742,9,1
"Sign Bottom","Calibri",23934,71678,47744,4,8
"Sign Top","Cambria",149410,193188,43778,0,8
"Sign Top","Cambria",5874,55783,49909,4,3
"Sign Bottom","Calibri",40294,41488,1194,4,8
"Sign Top","Calibri",1900,19447,17547,0,7
"Sign Bottom","Calibri",8653,36030,27377,3,0
"Sign Top","Cambria",1288,44774,43486,8,4
"Sign Top","Cambria",589,46284,45695,9,4
"Sign Top","Cambria",66813,75208,8395,3,8
"Sign Bottom","Calibri",48000,96593,48593,0,3
"Sign Bottom","Calibri",8951,41093,32142,1,3
"Sign Bottom","Cambria",12601,38879,26278,1,9
"Sign Bottom","Cambria",53427,102546,49119,7,6
"Sign Bottom","Cambria",112571,121657,9086,1,7
"Sign Bottom","Cambria",39613,72473,32860,3,3
"Sign Bottom","Cambria",27458,34400,6942,8,0
"Sign Bottom","Cambria",128154,149375,21221,4,5
"Sign Top","Cambria",7661,28110,20449,1,0
"Sign Top","Cambria",412,2652,2240,2,2
"Sign Top","Calibri",62178,76146,13968,8,6
"Sign Bottom","Cambria",134628,184481,49853,8,1
"Sign Top","Cambria",3056,43888,40832,6,8
"Sign Top","Calibri",4000,20868,16868,0,8
"Sign Bottom","Cambria",123354,168298,44944,4,8
"Sign Top","Cambria",50774,89155,38381,4,5
"Sign Top","Calibri",0,2911,2911,0,1
"Sign Bottom","Calibri",27509,68933,41424,9,3
"Sign Top","Cambria",48582,49258,676,2,8
"Sign Bottom","Calibri",12693,13848,1155,3,8
"Sign Bottom","Cambria",43800,74547,30747,0,7
"Sign Top","Cambria",101896,107896,6000,6,6
"Sign Bottom","Calibri",77885,126499,48614,5,9
"Sign Top","Cambria",121156,149658,28502,6,8
"Sign Top","Calibri",28000,45234,17234,0,4
"Sign Bottom","Cambria",130979,155421,24442,9,1
"Sign Top","Cambria",24655,58966,34311,5,6
"Sign Top","Cambria",205856,229128,23272,6,8
"Sign Bottom","Cambria",156194,159836,3642,4,6
"Sign Bottom","Calibri",50520,69202,18682,0,2
"Sign Top","Cambria",956,1548,592,6,8
"Sign Top","Cambria",1205,18767,17562,5,7
"Sign Bottom","Cambria",74874,99997,25123,4,7
"Sign Top","Calibri",77000,106252,29252,0,2
"Sign Bottom","Calibri",91937,122852,30915,7,2
"Sign Top","Calibri",181375,228592,47217,5,2
"Sign Top","Cambria",81153,102775,21622,3,5
"Sign Bottom","Cambria",123755,164651,40896,5,1
"Sign Bottom","Cambria",23681,35750,12069,1,0
"Sign Bottom","Cambria",44759,49496,4737,9,6
"Sign Bottom","Cambria",171843,172525,682,3,5
"Sign Top","Cambria",123057,134307,11250,7,7
"Sign Bottom","Calibri",99264,124894,25630,4,4
"Sign Top","Cambria",61,5702,5641,1,2
"Sign Bottom","Cambria",38256,49557,11301,6,7
"Sign Bottom","Calibri",37144,48502,11358,4,2
"Sign Top","Cambria",95790,100403,4613,0,3
"Sign Bottom","Cambria",122605,127960,5355,5,0
"Sign Top","Calibri",125000,135923,10923,0,3
"Sign Top","Calibri",40,29856,29816,0,6
"Sign Top","Cambria",26712,67719,41007,2,9
"Sign Bottom","Cambria",205801,250819,45018,1,9
"Sign Bottom","Calibri",28962,31800,2838,2,0
"Sign Bottom","Cambria",76059,81713,5654,9,3
"Sign Top","Calibri",68666,70626,1960,6,6
"Sign Top","Cambria",101579,115379,13800,9,9
"Sign Top","Calibri",40000,42031,2031,0,1
"Sign Bottom","Calibri",98118,99686,1568,8,6
"Sign Top","Calibri",80000,114741,34741,0,1
"Sign Top","Cambria",4243,22089,17846,3,9
"Sign Top","Calibri",97101,107481,10380,1,1
"Sign Top","Calibri",15,29833,29818,5,3
"Sign Top","Calibri",116971,133931,16960,1,1
"Sign Top","Cambria",178072,212679,34607,2,9
"Sign Top","Cambria",189,23701,23512,9,1
"Sign Top","Calibri",110918,141786,30868,8,6
"Sign Top","Cambria",56374,79256,22882,4,6
"Sign Bottom","Calibri",137546,147154,9608,6,4
"Sign Bottom","Cambria",16710,63507,46797,0,7
"Sign Top","Calibri",32500,67432,34932,0,2
"Sign Top","Calibri",21082,31972,10890,2,2
"Sign Top","Calibri",36000,38390,2390,0,0
"Sign Bottom","Calibri",195123,197603,2480,3,3
"Sign Bottom","Calibri",117449,123629,6180,9,9
"Sign Top","Cambria",110245,122441,12196,5,1
"Sign Bottom","Cambria",65811,73953,8142,1,3
"Sign Top","Calibri",30000,57611,27611,0,1
"Sign Top","Calibri",135000,144158,9158,0,8
"Sign Top","Cambria",65482,95431,29949,2,1
"Sign Bottom","Cambria",91143,92477,1334,3,7
"Sign Bottom","Cambria",42984,80428,37444,4,8
"Sign Top","Calibri",2000,44857,42857,0,7
"Sign Bottom","Cambria",60043,98198,38155,3,8
"Sign Top","Calibri",8000,44943,36943,0,3
"Sign Top","Calibri",185000,233541,48541,0,1
"Sign Top","Calibri",20028,33388,13360,8,8
"Sign Top","Calibri",113000,148775,35775,0,5
"Sign Top","Cambria",110284,154571,44287,4,1
"Sign Bottom","Calibri",28172,60014,31842,2,4
"Sign Bottom","Cambria",55914,82057,26143,4,7
"Sign Top","Calibri",28000,38191,10191,0,1
"Sign Top","Cambria",44261,63292,19031,1,2
"Sign Top","Calibri",55000,93882,38882,0,2
"Sign Top","Cambria",100222,106526,6304,2,6
"Sign Top","Cambria",822,20502,19680,2,2
"Sign Bottom","Calibri",198575,244522,45947,5,2
"Sign Bottom","Cambria",47954,59625,11671,4,5
"Sign Bottom","Calibri",69143,103560,34417,3,0
"Sign Top","Cambria",75022,118369,43347,2,9
"Sign Top","Calibri",35976,72613,36637,6,3
"Sign Bottom","Cambria",54608,64317,9709,8,7
"Sign Top","Cambria",47224,91901,44677,4,1
"Sign Bottom","Cambria",55127,76430,21303,7,0
"Sign Top","Cambria",3406,31363,27957,6,3
"Sign Bottom","Cambria",67777,117370,49593,7,0
"Sign Bottom","Cambria",27189,66766,39577,9,6
"Sign Top","Calibri",65018,94663,29645,8,3
"Sign Bottom","Cambria",107849,151256,43407,9,6
"Sign Bottom","Calibri",162799,204767,41968,9,7
"Sign Top","Calibri",120925,134919,13994,5,9
"Sign Top","Cambria",25,33801,33776,5,1
"Sign Bottom","Cambria",73546,91233,17687,6,3
"Sign Bottom","Cambria",40295,85660,45365,5,0
"Sign Top","Calibri",10,49727,49717,0,7
"Sign Bottom","Calibri",55752,83023,27271,2,3
"Sign Top","Calibri",62000,88086,26086,0,6
"Sign Bottom","Calibri",163425,207383,43958,5,3
"Sign Top","Calibri",63000,101614,38614,0,4
"Sign Top","Calibri",50000,56726,6726,0,6
"Sign Top","Cambria",87089,87252,163,9,2
"Sign Bottom","Cambria",12179,20357,8178,9,7
"Sign Top","Calibri",11200,21517,10317,0,7
"Sign Top","Calibri",35955,44735,8780,5,5
"Sign Top","Calibri",68000,85529,17529,0,9
"Sign Bottom","Cambria",81963,112058,30095,3,8
"Sign Bottom","Calibri",183966,210546,26580,6,6
"Sign Top","Calibri",31567,52813,21246,7,3
"Sign Top","Calibri",3800,18960,15160,0,0
"Sign Top","Calibri",4000,37618,33618,0,8
"Sign Top","Cambria",200253,249505,49252,3,5
"Sign Top","Cambria",72107,97321,25214,7,1
"Sign Bottom","Cambria",89493,103191,13698,3,1
"Sign Top","Cambria",79205,102288,23083,5,8
"Sign Bottom","Calibri",28649,45819,17170,9,9
"Sign Bottom","Calibri",8718,57366,48648,8,6
"Sign Top","Calibri",25000,44109,19109,0,9
"Sign Top","Cambria",133172,166593,33421,2,3
"Sign Bottom","Cambria",6189,49865,43676,9,5
"Sign Top","Calibri",84000,100523,16523,0,3
"Sign Bottom","Cambria",162305,202803,40498,5,3
"Sign Bottom","Calibri",70730,105739,35009,0,9
"Sign Bottom","Cambria",12872,25414,12542,2,4
"Sign Bottom","Cambria",31824,48431,16607,4,1
"Sign Top","Cambria",117189,119264,2075,9,4
"Sign Top","Calibri",156613,190964,34351,3,4
"Sign Top","Cambria",18493,47275,28782,3,5
"Sign Bottom","Cambria",52146,64663,12517,6,3
"Sign Bottom","Calibri",8530,50349,41819,0,9
"Sign Bottom","Cambria",71878,94279,22401,8,9
"Sign Bottom","Calibri",32430,46396,13966,0,6
"Sign Bottom","Calibri",29216,75637,46421,6,7
"Sign Bottom","Calibri",41473,87942,46469,3,2
"Sign Bottom","Calibri",66620,82804,16184,0,4
"Sign Bottom","Cambria",41749,87649,45900,9,9
"Sign Bottom","Calibri",28895,32851,3956,5,1
"Sign Bottom","Calibri",122291,131358,9067,1,8
"Sign Top","Calibri",160000,203704,43704,0,4
"Sign Bottom","Cambria",74276,90300,16024,6,0
"Sign Bottom","Cambria",121914,150408,28494,4,8
"Sign Top","Cambria",103176,130842,27666,6,2
"Sign Bottom","Cambria",4385,8388,4003,5,8
"Sign Bottom","Cambria",194821,202779,7958,1,9
"Sign Bottom","Calibri",49627,51362,1735,7,2
"Sign Top","Cambria",122931,170794,47863,1,4
"Sign Top","Cambria",1841,36153,34312,1,3
"Sign Bottom","Cambria",73966,79707,5741,6,7
"Sign Top","Calibri",129000,144199,15199,0,9
"Sign Top","Cambria",31747,41064,9317,7,4
"Sign Top","Calibri",17000,35157,18157,0,7
"Sign Bottom","Cambria",202217,209961,7744,7,1
"Sign Bottom","Calibri",24560,27514,2954,0,4
"Sign Bottom","Calibri",24610,26062,1452,0,2
"Sign Bottom","Calibri",58000,103236,45236,0,6
"Sign Bottom","Cambria",85212,111161,25949,2,1
"Sign Top","Cambria",64014,86030,22016,4,0
"Sign Bottom","Calibri",109178,158121,48943,8,1
"Sign Bottom","Cambria",83246,88812,5566,6,2
"Sign Bottom","Calibri",150021,175738,25717,1,8
"Sign Top","Calibri",114625,138436,23811,5,6
"Sign Bottom","Cambria",263114,285332,22218,4,2
"Sign Bottom","Calibri",170050,191119,21069,0,9
"Sign Bottom","Calibri",42676,79921,37245,6,1
"Sign Bottom","Calibri",27046,35712,8666,6,2
"Sign Bottom","Cambria",94005,120346,26341,5,6
"Sign Top","Calibri",3842,14642,10800,2,2
"Sign Bottom","Cambria",53897,88743,34846,7,3
"Sign Bottom","Cambria",58528,99590,41062,8,0
"Sign Top","Cambria",27265,47542,20277,5,2
"Sign Bottom","Calibri",13600,16190,2590,0,0
"Sign Top","Calibri",149732,189981,40249,2,1
"Sign Bottom","Cambria",118774,142637,23863,4,7
"Sign Top","Cambria",11502,59201,47699,2,1
"Sign Bottom","Calibri",11585,37092,25507,5,2
"Sign Top","Cambria",20876,29565,8689,6,5
"Sign Top","Cambria",85597,114096,28499,7,6
"Sign Top","Calibri",85245,93498,8253,5,8
"Sign Top","Cambria",36799,60909,24110,9,9
"Sign Top","Calibri",45900,86444,40544,0,4
"Sign Top","Cambria",188578,220316,31738,8,6
"Sign Bottom","Calibri",66000,76470,10470,0,0
"Sign Bottom","Calibri",74709,110821,36112,9,1
"Sign Bottom","Cambria",165056,167488,2432,6,8
"Sign Bottom","Cambria",115774,132314,16540,4,4
"Sign Top","Cambria",60660,103395,42735,0,5
"Sign Top","Calibri",51700,87948,36248,0,8
"Sign Top","Calibri",161734,182608,20874,4,8
"Sign Top","Cambria",76581,126191,49610,1,1
"Sign Bottom","Cambria",107821,140845,33024,1,5
"Sign Bottom","Cambria",63881,101794,37913,1,4
"Sign Top","Calibri",17,9639,9622,7,9
"Sign Bottom","Calibri",57364,78150,20786,4,0
"Sign Bottom","Cambria",156607,161691,5084,7,1
"Sign Bottom","Cambria",25683,62315,36632,3,5
"Sign Bottom","Cambria",33681,65744,32063,1,4
"Sign Bottom","Calibri",62034,66509,4475,4,9
"Sign Top","Cambria",37396,50897,13501,6,7
"Sign Top","Calibri",15736,38893,23157,6,3
"Sign Bottom","Calibri",7102,29440,22338,2,0
"Sign Top","Calibri",51620,77563,25943,0,3
"Sign Top","Calibri",645,27612,26967,5,2
"Sign Top","Cambria",35256,41782,6526,6,2
"Sign Bottom","Cambria",37387,64661,27274,7,1
"Sign Top","Cambria",120399,134655,14256,9,5
"Sign Bottom","Calibri",5800,50436,44636,0,6
"Sign Bottom","Calibri",158000,204832,46832,0,2
"Sign Top","Cambria",170641,218516,47875,1,6
"Sign Bottom","Cambria",105587,145151,39564,7,1
"Sign Top","Calibri",9857,32714,22857,7,4
"Sign Bottom","Cambria",94872,124884,30012,2,4
"Sign Top","Cambria",23727,40922,17195,7,2
"Sign Bottom","Cambria",41448,71842,30394,8,2
"Sign Bottom","Cambria",6601,54896,48295,1,6
"Sign Top","Cambria",29646,73401,43755,6,1
"Sign Bottom","Calibri",136340,169617,33277,0,7
"Sign Bottom","Calibri",6200,26281,20081,0,1
"Sign Top","Calibri",5272,33648,28376,2,8
"Sign Top","Calibri",51847,93175,41328,7,5
"Sign Top","Cambria",53385,68794,15409,5,4
"Sign Bottom","Cambria",24516,51581,27065,6,1
"Sign Top","Cambria",107771,142695,34924,1,5
"Sign Bottom","Calibri",72550,91873,19323,0,3
"Sign Top","Calibri",87,32076,31989,7,6
"Sign Bottom","Calibri",28645,31443,2798,5,3
"Sign Top","Cambria",125920,156927,31007,0,7
"Sign Top","Calibri",92450,126042,33592,0,2
"Sign Bottom","Calibri",184000,198053,14053,0,3
"Sign Top","Calibri",121600,158340,36740,0,0
"Sign Bottom","Cambria",103208,135342,32134,8,2
"Sign Bottom","Calibri",50000,64014,14014,0,4
"Sign Bottom","Calibri",53180,101157,47977,0,7
"Sign Bottom","Cambria",27558,38061,10503,8,1
"Sign Top","Calibri",0,5411,5411,0,1
"Sign Bottom","Cambria",99514,109283,9769,4,3
"Sign Top","Cambria",90352,130194,39842,2,4
"Sign Top","Calibri",64053,88567,24514,3,7
"Sign Top","Cambria",2889,14906,12017,9,6
"Sign Bottom","Calibri",23109,49822,26713,9,2
"Sign Bottom","Cambria",13733,54828,41095,3,8
"Sign Top","Cambria",33058,51138,18080,8,8
"Sign Top","Calibri",32426,42213,9787,6,3
"Sign Top","Calibri",61032,95926,34894,2,6
"Sign Top","Cambria",94934,133147,38213,4,7
"Sign Bottom","Cambria",27414,51213,23799,4,3
"Sign Top","Cambria",75464,92201,16737,4,1
"Sign Bottom","Cambria",66972,91277,24305,2,7
"Sign Top","Calibri",57539,63505,5966,9,5
"Sign Bottom","Cambria",65856,82076,16220,6,6
"Sign Bottom","Cambria",38996,68945,29949,6,5
"Sign Top","Calibri",50000,54193,4193,0,3
"Sign Bottom","Cambria",40802,79799,38997,2,9
"Sign Bottom","Calibri",5374,8754,3380,4,4
"Sign Bottom","Cambria",178281,193388,15107,1,8
"Sign Top","Cambria",35597,46211,10614,7,1
"Sign Bottom","Cambria",18772,18787,15,2,7
"Sign Top","Cambria",38795,50804,12009,5,4
"Sign Top","Calibri",97000,130238,33238,0,8
"Sign Top","Cambria",31922,60986,29064,2,6
"Sign Bottom","Calibri",69231,82376,13145,1,6
"Sign Bottom","Cambria",110369,117358,6989,9,8
"Sign Top","Cambria",68552,96633,28081,2,3
"Sign Top","Cambria",64681,109800,45119,1,0
"Sign Top","Calibri",33,3429,3396,3,9
"Sign Bottom","Calibri",85245,97296,12051,5,6
"Sign Top","Cambria",621,7167,6546,1,7
"Sign Bottom","Calibri",28765,75927,47162,5,7
"Sign Bottom","Calibri",52998,87781,34783,8,1
"Sign Top","Calibri",60000,72296,12296,0,6
"Sign Top","Cambria",40162,43683,3521,2,3
"Sign Top","Calibri",44713,92394,47681,3,4
"Sign Bottom","Cambria",136669,171071,34402,9,1
"Sign Top","Cambria",14762,63163,48401,2,3
"Sign Bottom","Cambria",85736,103747,18011,6,7
"Sign Top","Calibri",49294,71378,22084,4,8
"Sign Top","Cambria",83849,113792,29943,9,2
"Sign Bottom","Calibri",61067,73451,12384,7,1
"Sign Bottom","Calibri",72028,98994,26966,8,4
"Sign Top","Calibri",54998,82817,27819,8,7
"Sign Bottom","Cambria",64265,85891,21626,5,1
"Sign Top","Calibri",149000,152655,3655,0,5
"Sign Bottom","Cambria",148533,167729,19196,3,9
"Sign Top","Cambria",28616,59642,31026,6,2
"Sign Top","Cambria",510,21685,21175,0,5
"Sign Bottom","Cambria",44274,87757,43483,4,7
"Sign Top","Calibri",7300,48235,40935,0,5
"Sign Top","Calibri",38793,58913,20120,3,3
"Sign Bottom","Cambria",119375,135874,16499,5,4
"Sign Bottom","Calibri",51285,94998,43713,5,8
"Sign Top","Cambria",114709,115852,1143,9,2
"Sign Top","Cambria",420,34115,33695,0,5
"Sign Bottom","Calibri",152078,181173,29095,8,3
"Sign Bottom","Calibri",127482,129166,1684,2,6
"Sign Bottom","Cambria",26940,43242,16302,0,2
"Sign Bottom","Cambria",52693,61955,9262,3,5
"Sign Top","Calibri",19500,50280,30780,0,0
"Sign Bottom","Cambria",281308,312613,31305,8,3
"Sign Top","Calibri",106953,124370,17417,3,0
"Sign Top","Calibri",77855,101800,23945,5,0
"Sign Bottom","Calibri",28902,34557,5655,2,7
"Sign Top","Cambria",603,14948,14345,3,8
"Sign Bottom","Cambria",49565,58473,8908,5,3
"Sign Bottom","Calibri",99230,109768,10538,0,8
"Sign Top","Calibri",12073,53943,41870,3,3
"Sign Top","Calibri",26000,36308,10308,0,8
"Sign Bottom","Cambria",79283,85321,6038,3,1
"Sign Top","Calibri",10,21001,20991,0,1
"Sign Bottom","Calibri",53794,93063,39269,4,3
"Sign Bottom","Cambria",22639,25788,3149,9,8
"Sign Top","Cambria",121027,156790,35763,7,0
"Sign Top","Calibri",32,6283,6251,2,3
"Sign Bottom","Calibri",110293,111874,1581,3,4
"Sign Top","Calibri",22,11487,11465,2,7
"Sign Bottom","Calibri",90874,128341,37467,4,1
"Sign Bottom","Cambria",46862,92593,45731,2,3
"Sign Top","Calibri",1e+05,119046,19046,0,6
"Sign Top","Calibri",66487,105652,39165,7,2
"Sign Bottom","Calibri",42178,70466,28288,8,6
"Sign Bottom","Calibri",179180,189858,10678,0,8
"Sign Top","Calibri",35615,84713,49098,5,3
"Sign Top","Cambria",12532,60092,47560,2,2
"Sign Top","Calibri",49500,75355,25855,0,5
"Sign Bottom","Calibri",45333,94017,48684,3,7
"Sign Bottom","Calibri",120096,149413,29317,6,3
"Sign Top","Calibri",13073,22226,9153,3,6
"Sign Bottom","Calibri",28742,31868,3126,2,8
"Sign Bottom","Calibri",168810,201204,32394,0,4
"Sign Bottom","Calibri",236216,276054,39838,6,4
"Sign Top","Cambria",66384,110634,44250,4,4
"Sign Bottom","Calibri",61674,81613,19939,4,3
"Sign Top","Cambria",130698,158486,27788,8,6
"Sign Bottom","Cambria",87530,105586,18056,0,6
"Sign Top","Calibri",91741,106022,14281,1,2
"Sign Bottom","Calibri",171669,178711,7042,9,1
"Sign Bottom","Cambria",151439,161138,9699,9,8
"Sign Top","Cambria",176503,218269,41766,3,9
"Sign Top","Cambria",34383,59176,24793,3,6
"Sign Top","Calibri",140000,180215,40215,0,5
"Sign Bottom","Calibri",90150,104840,14690,0,0
"Sign Top","Cambria",16662,46626,29964,2,6
"Sign Top","Cambria",30005,69445,39440,5,5
"Sign Top","Calibri",32042,77238,45196,2,8
"Sign Bottom","Calibri",68752,97650,28898,2,0
"Sign Bottom","Cambria",13229,57751,44522,9,1
"Sign Bottom","Cambria",132033,175684,43651,3,4
"Sign Bottom","Cambria",140536,184495,43959,6,5
"Sign Top","Calibri",51000,79169,28169,0,9
"Sign Top","Calibri",110027,128877,18850,7,7
"Sign Bottom","Calibri",40363,67382,27019,3,2
"Sign Bottom","Calibri",105554,130012,24458,4,2
"Sign Top","Cambria",180661,208575,27914,1,5
"Sign Bottom","Calibri",34683,73459,38776,3,9
"Sign Bottom","Calibri",64400,65137,737,0,7
"Sign Bottom","Cambria",15716,18862,3146,6,2
"Sign Top","Calibri",48282,48915,633,2,5
"Sign Top","Calibri",225000,254545,29545,0,5
"Sign Top","Cambria",1599,18899,17300,9,9
"Sign Bottom","Calibri",12230,28734,16504,0,4
"Sign Bottom","Cambria",21560,58621,37061,0,1
"Sign Bottom","Cambria",135943,153782,17839,3,2
"Sign Top","Cambria",68103,96632,28529,3,2
"Sign Bottom","Calibri",46590,57087,10497,0,7
"Sign Bottom","Cambria",61530,95098,33568,0,8
"Sign Bottom","Calibri",5365,7855,2490,5,5
"Sign Top","Calibri",87000,89463,2463,0,3
"Sign Top","Calibri",28002,58487,30485,2,7
"Sign Bottom","Cambria",72592,84018,11426,2,8
"Sign Bottom","Cambria",67821,90151,22330,1,1
"Sign Top","Cambria",51254,68891,17637,4,1
"Sign Bottom","Calibri",21297,57937,36640,7,7
"Sign Bottom","Calibri",21250,28432,7182,0,2
"Sign Bottom","Cambria",69997,89228,19231,7,8
"Sign Top","Cambria",2742,44408,41666,2,8
"Sign Top","Calibri",111000,143502,32502,0,2
"Sign Bottom","Cambria",4350,43559,39209,0,9
"Sign Bottom","Cambria",45453,56670,11217,3,0
"Sign Top","Calibri",75619,86568,10949,9,8
"Sign Top","Calibri",32027,49501,17474,7,1
"Sign Bottom","Calibri",47761,71640,23879,1,0
"Sign Top","Cambria",165912,189490,23578,2,0
"Sign Bottom","Calibri",68612,86583,17971,2,3
"Sign Bottom","Cambria",79909,99524,19615,9,4
"Sign Bottom","Cambria",92895,103106,10211,5,6
"Sign Bottom","Cambria",4963,53136,48173,3,6
"Sign Top","Calibri",50424,89771,39347,4,1
"Sign Bottom","Calibri",45409,89879,44470,9,9
"Sign Top","Calibri",60500,108537,48037,0,7
"Sign Bottom","Cambria",49222,75187,25965,2,7
"Sign Top","Cambria",40124,83259,43135,4,9
"Sign Bottom","Calibri",27660,41912,14252,0,2
"Sign Top","Cambria",118804,156153,37349,4,3
"Sign Bottom","Cambria",72828,84577,11749,8,7
"Sign Bottom","Calibri",24492,49787,25295,2,7
"Sign Bottom","Calibri",66940,86000,19060,0,0
"Sign Top","Cambria",318,4845,4527,8,5
"Sign Top","Calibri",78962,102027,23065,2,7
"Sign Bottom","Cambria",66340,109483,43143,0,3
"Sign Bottom","Calibri",60174,65800,5626,4,0
"Sign Top","Cambria",112930,141852,28922,0,2
"Sign Bottom","Calibri",77791,120339,42548,1,9
"Sign Top","Calibri",89500,99684,10184,0,4
"Sign Bottom","Cambria",136229,142389,6160,9,9
"Sign Top","Cambria",107917,136887,28970,7,7
"Sign Top","Cambria",52923,69903,16980,3,3
"Sign Top","Calibri",35472,70699,35227,2,9
"Sign Top","Calibri",91252,135375,44123,2,5
"Sign Top","Calibri",22200,23055,855,0,5
"Sign Top","Calibri",14600,20490,5890,0,0
"Sign Top","Cambria",39354,88458,49104,4,8
"Sign Bottom","Cambria",253711,259955,6244,1,5
"Sign Top","Cambria",41375,60836,19461,5,6
"Sign Bottom","Cambria",27005,37770,10765,5,0
"Sign Top","Calibri",51000,60515,9515,0,5
"Sign Top","Calibri",102524,140222,37698,4,2
"Sign Bottom","Calibri",22116,59580,37464,6,0
"Sign Top","Calibri",24509,36160,11651,9,0
"Sign Bottom","Calibri",201049,245127,44078,9,7
"Sign Top","Calibri",17631,65627,47996,1,7
"Sign Top","Cambria",177039,205859,28820,9,9
"Sign Bottom","Cambria",68230,89580,21350,0,0
"Sign Top","Cambria",35290,63568,28278,0,8
"Sign Bottom","Calibri",82494,87497,5003,4,7
"Sign Bottom","Cambria",34667,52387,17720,7,7
"Sign Top","Calibri",180000,218766,38766,0,6
"Sign Bottom","Cambria",32798,58745,25947,8,5
"Sign Bottom","Cambria",63619,79311,15692,9,1
"Sign Bottom","Calibri",58418,75709,17291,8,9
"Sign Bottom","Cambria",64956,83688,18732,6,8
"Sign Bottom","Calibri",81313,100021,18708,3,1
"Sign Bottom","Calibri",55538,82768,27230,8,8
"Sign Bottom","Cambria",94971,97219,2248,1,9
"Sign Bottom","Calibri",16200,27378,11178,0,8
"Sign Top","Calibri",30,4789,4759,0,9
"Sign Top","Calibri",8574,11589,3015,4,9
"Sign Top","Calibri",39111,53180,14069,1,0
"Sign Top","Cambria",33525,41983,8458,5,3
"Sign Top","Cambria",50483,78482,27999,3,2
"Sign Top","Cambria",33415,49927,16512,5,7
"Sign Bottom","Calibri",25907,52579,26672,7,9
"Sign Bottom","Calibri",39991,42099,2108,1,9
"Sign Top","Calibri",31207,69497,38290,7,7
"Sign Top","Calibri",46000,51766,5766,0,6
"Sign Top","Calibri",20,14195,14175,0,5
"Sign Top","Cambria",79088,113128,34040,8,8
"Sign Bottom","Calibri",71898,121138,49240,8,8
"Sign Top","Cambria",28257,59372,31115,7,2
"Sign Bottom","Calibri",115500,117266,1766,0,6
"Sign Bottom","Cambria",71919,72970,1051,9,0
"Sign Top","Cambria",16107,59436,43329,7,6
"Sign Bottom","Cambria",108338,147538,39200,8,8
"Sign Top","Cambria",17293,43131,25838,3,1
"Sign Top","Cambria",69791,116532,46741,1,2
"Sign Top","Cambria",67892,84618,16726,2,8
"Sign Bottom","Cambria",50655,83108,32453,5,8
"Sign Top","Cambria",44490,70344,25854,0,4
"Sign Top","Cambria",82665,116403,33738,5,3
"Sign Top","Cambria",9603,37166,27563,3,6
"Sign Bottom","Calibri",69861,93209,23348,1,9
"Sign Top","Cambria",3293,7922,4629,3,2
"Sign Bottom","Calibri",45928,61695,15767,8,5
"Sign Bottom","Cambria",13079,57895,44816,9,5
"Sign Bottom","Calibri",2980,18259,15279,0,9
"Sign Top","Calibri",28000,43046,15046,0,6
"Sign Top","Cambria",86621,119035,32414,1,5
"Sign Bottom","Cambria",157140,157402,262,0,2
"Sign Bottom","Calibri",86480,101369,14889,0,9
"Sign Top","Cambria",84807,111776,26969,7,6
"Sign Top","Cambria",156632,199245,42613,2,5
"Sign Top","Cambria",142574,186728,44154,4,8
"Sign Top","Calibri",54700,57181,2481,0,1
"Sign Bottom","Cambria",285475,327019,41544,5,9
"Sign Bottom","Cambria",16585,21592,5007,5,2
"Sign Top","Cambria",80514,108399,27885,4,9
"Sign Top","Cambria",1494,6032,4538,4,2
"Sign Top","Calibri",88170,106899,18729,0,9
"Sign Top","Cambria",32891,79966,47075,1,6
"Sign Bottom","Cambria",158945,179429,20484,5,9
"Sign Bottom","Calibri",96306,114595,18289,6,5
"Sign Top","Cambria",395272,420199,24927,2,9
"Sign Bottom","Calibri",51905,61805,9900,5,5
"Sign Bottom","Calibri",139273,170606,31333,3,6
"Sign Bottom","Cambria",153534,179789,26255,4,9
"Sign Top","Cambria",8870,38262,29392,0,2
"Sign Bottom","Calibri",56923,68363,11440,3,3
"Sign Bottom","Cambria",71274,84088,12814,4,8
"Sign Bottom","Calibri",84923,97067,12144,3,7
"Sign Top","Cambria",56458,63607,7149,8,7
"Sign Top","Cambria",140375,156461,16086,5,1
"Sign Bottom","Calibri",2,6313,6311,2,3
"Sign Top","Cambria",35647,79005,43358,7,5
"Sign Bottom","Calibri",41201,70083,28882,1,3
"Sign Top","Calibri",88894,136641,47747,4,1
"Sign Top","Calibri",173266,196757,23491,6,7
"Sign Top","Cambria",51010,76109,25099,0,9
"Sign Top","Cambria",883,17229,16346,3,9
"Sign Top","Calibri",116107,157514,41407,7,4
"Sign Top","Cambria",20478,46093,25615,8,3
"Sign Top","Cambria",176465,195069,18604,5,9
"Sign Top","Calibri",59000,82459,23459,0,9
"Sign Bottom","Cambria",47264,66164,18900,4,4
"Sign Bottom","Calibri",54607,54784,177,7,4
"Sign Top","Calibri",8410,26035,17625,0,5
"Sign Top","Cambria",120919,126378,5459,9,8
"Sign Top","Calibri",10,37852,37842,0,2
"Sign Bottom","Calibri",141798,152810,11012,8,0
"Sign Bottom","Calibri",870,38602,37732,0,2
"Sign Top","Calibri",20,38959,38939,0,9
"Sign Bottom","Calibri",3313,46667,43354,3,7
"Sign Top","Cambria",87525,133129,45604,5,9
"Sign Top","Calibri",1e+05,131092,31092,0,2
"Sign Top","Cambria",75783,81518,5735,3,8
"Sign Bottom","Cambria",82032,115427,33395,2,7
"Sign Bottom","Calibri",50443,68184,17741,3,4
"Sign Top","Cambria",87405,131306,43901,5,6
"Sign Top","Cambria",162401,203629,41228,1,9
"Sign Top","Cambria",44287,76575,32288,7,5
"Sign Top","Calibri",24000,29111,5111,0,1
"Sign Bottom","Calibri",88979,134818,45839,9,8
"Sign Top","Cambria",179686,216108,36422,6,8
"Sign Top","Cambria",72718,114636,41918,8,6
"Sign Top","Cambria",364,31817,31453,4,7
"Sign Top","Cambria",118837,144585,25748,7,5
"Sign Bottom","Calibri",35640,61794,26154,0,4
"Sign Bottom","Cambria",71522,85737,14215,2,7
"Sign Top","Cambria",90868,134231,43363,8,1
"Sign Bottom","Cambria",123978,151685,27707,8,5
"Sign Top","Cambria",137045,173125,36080,5,5
"Sign Bottom","Cambria",37897,69893,31996,7,3
"Sign Bottom","Cambria",9543,49780,40237,3,0
"Sign Top","Cambria",20065,52726,32661,5,6
"Sign Top","Calibri",95888,127525,31637,8,5
"Sign Top","Calibri",76592,84553,7961,2,3
"Sign Top","Calibri",82523,126017,43494,3,7
"Sign Top","Cambria",62025,96677,34652,5,7
"Sign Top","Cambria",20965,26353,5388,5,3
"Sign Top","Calibri",65000,98441,33441,0,1
"Sign Top","Calibri",37685,38373,688,5,3
"Sign Top","Cambria",33148,40603,7455,8,3
"Sign Top","Cambria",976,22869,21893,6,9
"Sign Top","Cambria",43438,46502,3064,8,2
"Sign Top","Cambria",16342,37653,21311,2,3
"Sign Top","Calibri",6623,45107,38484,3,7
"Sign Top","Calibri",10,2093,2083,0,3
"Sign Top","Cambria",67267,102442,35175,7,2
"Sign Bottom","Cambria",54220,82704,28484,0,4
"Sign Bottom","Calibri",144321,145920,1599,1,0
"Sign Bottom","Cambria",115412,157880,42468,2,0
"Sign Top","Calibri",108421,137033,28612,1,3
"Sign Bottom","Calibri",21673,65469,43796,3,9
"Sign Bottom","Cambria",107054,149562,42508,4,2
"Sign Bottom","Cambria",109790,156759,46969,0,9
"Sign Bottom","Cambria",35063,41924,6861,3,4
"Sign Bottom","Calibri",114217,151987,37770,7,7
"Sign Bottom","Cambria",36708,68800,32092,8,0
"Sign Bottom","Cambria",44888,77798,32910,8,8
"Sign Bottom","Calibri",128422,143396,14974,2,6
"Sign Top","Calibri",43694,57504,13810,4,4
"Sign Bottom","Cambria",71721,72491,770,1,1
"Sign Top","Cambria",51593,92065,40472,3,5
"Sign Bottom","Calibri",70201,87422,17221,1,2
"Sign Bottom","Cambria",20474,24608,4134,4,8
"Sign Bottom","Calibri",48453,74287,25834,3,7
"Sign Top","Cambria",60320,99593,39273,0,3
"Sign Bottom","Cambria",12633,46116,33483,3,6
"Sign Bottom","Calibri",48175,62597,14422,5,7
"Sign Top","Calibri",70900,77583,6683,0,3
"Sign Top","Calibri",10,20738,20728,0,8
"Sign Top","Cambria",76105,100911,24806,5,1
"Sign Top","Cambria",122447,149082,26635,7,2
"Sign Bottom","Cambria",51916,56688,4772,6,8
"Sign Top","Cambria",75532,121840,46308,2,0
"Sign Bottom","Cambria",11963,13011,1048,3,1
"Sign Top","Cambria",6381,21056,14675,1,6
"Sign Bottom","Cambria",130995,159323,28328,5,3
"Sign Top","Calibri",89984,118222,28238,4,2
"Sign Bottom","Calibri",2109,26278,24169,9,8
"Sign Top","Calibri",20773,27335,6562,3,5
"Sign Bottom","Cambria",115328,130811,15483,8,1
"Sign Bottom","Cambria",17910,56302,38392,0,2
"Sign Top","Cambria",70704,73738,3034,4,8
"Sign Bottom","Cambria",35315,67890,32575,5,0
"Sign Top","Cambria",61544,92827,31283,4,7
"Sign Top","Cambria",33053,74406,41353,3,6
"Sign Top","Cambria",20851,67627,46776,1,7
"Sign Bottom","Calibri",70731,96804,26073,1,4
"Sign Top","Calibri",75674,78504,2830,4,4
"Sign Top","Cambria",64281,98472,34191,1,2
"Sign Top","Cambria",138958,167718,28760,8,8
"Sign Bottom","Calibri",43948,75432,31484,8,2
"Sign Top","Cambria",25152,58430,33278,2,0
"Sign Top","Cambria",75541,101108,25567,1,8
"Sign Top","Calibri",14500,24862,10362,0,2
"Sign Top","Calibri",26,36220,36194,6,0
"Sign Bottom","Cambria",137382,177202,39820,2,2
"Sign Bottom","Cambria",23466,45139,21673,6,9
"Sign Top","Cambria",727,48839,48112,7,9
"Sign Top","Cambria",101494,133354,31860,4,4
"Sign Bottom","Cambria",237777,250353,12576,7,3
"Sign Top","Cambria",512,23407,22895,2,7
"Sign Top","Cambria",11005,30341,19336,5,1
"Sign Top","Calibri",6000,34615,28615,0,5
"Sign Top","Calibri",1e+05,123744,23744,0,4
"Sign Bottom","Cambria",89242,108714,19472,2,4
"Sign Bottom","Cambria",113000,130303,17303,0,3
"Sign Top","Cambria",121916,154809,32893,6,9
"Sign Top","Cambria",20496,60090,39594,6,0
"Sign Top","Calibri",45123,80792,35669,3,2
"Sign Bottom","Calibri",124100,157918,33818,0,8
"Sign Bottom","Calibri",40400,90147,49747,0,7
"Sign Bottom","Calibri",59900,89439,29539,0,9
"Sign Top","Cambria",32674,81040,48366,4,0
"Sign Top","Calibri",30000,38418,8418,0,8
"Sign Top","Cambria",52713,95371,42658,3,1
"Sign Top","Cambria",62745,90654,27909,5,4
"Sign Bottom","Calibri",19520,23410,3890,0,0
"Sign Bottom","Calibri",73334,95746,22412,4,6
"Sign Top","Calibri",310,24052,23742,0,2
"Sign Bottom","Calibri",55600,92680,37080,0,0
"Sign Bottom","Cambria",105997,110265,4268,7,5
"Sign Top","Calibri",93571,131617,38046,1,7
"Sign Bottom","Cambria",160736,161476,740,6,6
"Sign Bottom","Cambria",101830,102057,227,0,7
"Sign Top","Calibri",10,15477,15467,0,7
"Sign Bottom","Cambria",250881,261468,10587,1,8
"Sign Top","Cambria",38137,39481,1344,7,1
"Sign Top","Calibri",45953,65866,19913,3,6
"Sign Top","Cambria",731,33717,32986,1,7
"Sign Top","Cambria",80946,118144,37198,6,4
"Sign Bottom","Cambria",16795,47187,30392,5,7
"Sign Bottom","Cambria",140584,166264,25680,4,4
"Sign Top","Calibri",100309,117458,17149,9,8
"Sign Bottom","Cambria",63710,86949,23239,0,9
"Sign Bottom","Calibri",63434,73154,9720,4,4
"Sign Top","Calibri",50235,65475,15240,5,5
"Sign Top","Cambria",111492,121071,9579,2,1
"Sign Bottom","Cambria",124277,142937,18660,7,7
"Sign Bottom","Cambria",27631,35454,7823,1,4
"Sign Bottom","Cambria",61744,70339,8595,4,9
"Sign Bottom","Cambria",112716,147828,35112,6,8
"Sign Bottom","Cambria",327,6568,6241,7,8
"Sign Bottom","Calibri",126600,151232,24632,0,2
"Sign Top","Cambria",115131,118672,3541,1,2
"Sign Bottom","Cambria",110861,114950,4089,1,0
"Sign Top","Calibri",44074,75573,31499,4,3
"Sign Bottom","Cambria",116893,145632,28739,3,2
"Sign Bottom","Cambria",69778,85482,15704,8,2
"Sign Top","Calibri",86000,88688,2688,0,8
"Sign Top","Calibri",41000,68347,27347,0,7
"Sign Top","Cambria",459,2914,2455,9,4
"Sign Top","Cambria",26568,72139,45571,8,9
"Sign Bottom","Calibri",75795,105242,29447,5,2
"Sign Bottom","Calibri",40795,41334,539,5,4
"Sign Top","Cambria",111283,117165,5882,3,5
"Sign Bottom","Calibri",38658,79235,40577,8,5
"Sign Bottom","Calibri",81411,122513,41102,1,3
"Sign Top","Cambria",73989,83275,9286,9,5
"Sign Top","Cambria",11496,41890,30394,6,0
"Sign Top","Calibri",9000,28183,19183,0,3
"Sign Top","Cambria",354,46086,45732,4,6
"Sign Bottom","Calibri",364774,394639,29865,4,9
"Sign Bottom","Cambria",75189,88407,13218,9,7
"Sign Top","Calibri",77739,94455,16716,9,5
"Sign Top","Calibri",28000,58878,30878,0,8
"Sign Top","Calibri",86000,135051,49051,0,1
"Sign Top","Cambria",71191,91550,20359,1,0
"Sign Bottom","Cambria",173697,184217,10520,7,7
"Sign Top","Cambria",134153,136954,2801,3,4
"Sign Bottom","Calibri",131428,135747,4319,8,7
"Sign Bottom","Calibri",20907,45085,24178,7,5
"Sign Top","Cambria",11974,38524,26550,4,4
"Sign Top","Cambria",100451,145750,45299,1,0
"Sign Bottom","Calibri",29796,74175,44379,6,5
"Sign Top","Cambria",87508,125199,37691,8,9
"Sign Bottom","Cambria",111897,145085,33188,7,5
"Sign Bottom","Cambria",56268,71237,14969,8,7
"Sign Top","Cambria",28297,36829,8532,7,9
"Sign Top","Calibri",135982,145243,9261,2,3
"Sign Bottom","Cambria",119210,145289,26079,0,9
"Sign Bottom","Calibri",57352,59768,2416,2,8
"Sign Bottom","Cambria",70392,80100,9708,2,0
"Sign Top","Calibri",117000,156588,39588,0,8
"Sign Top","Calibri",16000,46409,30409,0,9
"Sign Bottom","Calibri",36223,67837,31614,3,7
"Sign Bottom","Calibri",19343,60909,41566,3,9
"Sign Top","Cambria",194,27724,27530,4,4
"Sign Top","Calibri",9,9176,9167,9,6
"Sign Top","Calibri",22550,66161,43611,0,1
"Sign Bottom","Cambria",78776,102811,24035,6,1
"Sign Top","Cambria",114045,162740,48695,5,0
"Sign Top","Calibri",22626,70830,48204,6,0
"Sign Bottom","Calibri",13296,18689,5393,6,9
"Sign Top","Calibri",20582,60213,39631,2,3
"Sign Top","Cambria",48836,72259,23423,6,9
"Sign Top","Calibri",74200,87628,13428,0,8
"Sign Top","Calibri",220658,254728,34070,8,8
"Sign Top","Cambria",54429,69619,15190,9,9
"Sign Bottom","Calibri",41192,53551,12359,2,1
"Sign Top","Calibri",55600,104199,48599,0,9
"Sign Top","Calibri",44526,67195,22669,6,5
"Sign Bottom","Calibri",45200,76521,31321,0,1
"Sign Top","Calibri",4,10825,10821,4,5
"Sign Top","Cambria",71460,95773,24313,0,3
"Sign Bottom","Cambria",56000,92755,36755,0,5
"Sign Bottom","Cambria",51380,65342,13962,0,2
"Sign Bottom","Calibri",21708,40089,18381,8,9
"Sign Top","Calibri",35867,57344,21477,7,4
"Sign Bottom","Cambria",20837,37473,16636,7,3
"Sign Bottom","Calibri",37555,47247,9692,5,7
"Sign Bottom","Calibri",18362,36736,18374,2,6
"Sign Top","Calibri",20500,53835,33335,0,5
"Sign Bottom","Cambria",101128,118853,17725,8,3
"Sign Top","Cambria",169491,184225,14734,1,5
"Sign Bottom","Cambria",89122,137132,48010,2,2
"Sign Top","Cambria",18085,51331,33246,5,1
"Sign Bottom","Cambria",67320,102556,35236,0,6
"Sign Top","Calibri",3e+05,314169,14169,0,9
"Sign Bottom","Calibri",34230,57461,23231,0,1
"Sign Bottom","Cambria",53339,93927,40588,9,7
"Sign Top","Cambria",1044,24974,23930,4,4
"Sign Top","Cambria",110339,116664,6325,9,4
"Sign Top","Calibri",160000,198288,38288,0,8
"Sign Bottom","Cambria",17463,53662,36199,3,2
"Sign Top","Cambria",9803,31046,21243,3,6
"Sign Bottom","Calibri",74543,82999,8456,3,9
"Sign Bottom","Calibri",58572,74279,15707,2,9
"Sign Bottom","Cambria",134134,152809,18675,4,9
"Sign Top","Calibri",87000,120181,33181,0,1
"Sign Bottom","Calibri",73731,101592,27861,1,2
"Sign Bottom","Cambria",184988,205869,20881,8,9
"Sign Bottom","Calibri",120,12789,12669,0,9
"Sign Bottom","Cambria",82507,103172,20665,7,2
"Sign Bottom","Cambria",325,4061,3736,5,1
"Sign Bottom","Calibri",106798,139435,32637,8,5
"Sign Bottom","Calibri",78626,111996,33370,6,6
"Sign Bottom","Calibri",141203,183237,42034,3,7
"Sign Bottom","Calibri",70780,88994,18214,0,4
"Sign Bottom","Cambria",176786,186475,9689,6,5
"Sign Bottom","Calibri",52792,57609,4817,2,9
"Sign Top","Cambria",591,11927,11336,1,7
"Sign Bottom","Cambria",114997,115224,227,7,4
"Sign Top","Cambria",40280,64236,23956,0,6
"Sign Bottom","Calibri",97957,115758,17801,7,8
"Sign Bottom","Calibri",31300,57880,26580,0,0
"Sign Top","Cambria",55799,102343,46544,9,3
"Sign Bottom","Calibri",124425,154904,30479,5,4
"Sign Top","Cambria",377,42551,42174,7,1
"Sign Bottom","Calibri",19819,37367,17548,9,7
"Sign Top","Cambria",58396,96516,38120,6,6
"Sign Top","Cambria",8642,25063,16421,2,3
"Sign Top","Calibri",1732,43033,41301,2,3
"Sign Top","Cambria",85664,132443,46779,4,3
"Sign Bottom","Cambria",78661,100583,21922,1,3
"Sign Top","Calibri",30520,78800,48280,0,0
"Sign Top","Cambria",58139,94719,36580,9,9
"Sign Bottom","Calibri",67983,87807,19824,3,7
"Sign Top","Calibri",80917,122690,41773,7,0
"Sign Bottom","Cambria",32785,76400,43615,5,0
"Sign Bottom","Cambria",174254,194205,19951,4,5
"Sign Top","Cambria",16335,48522,32187,5,2
"Sign Top","Calibri",21989,60778,38789,9,8
"Sign Top","Cambria",82513,131727,49214,3,7
"Sign Top","Calibri",16731,36832,20101,1,2
"Sign Top","Cambria",21423,28647,7224,3,7
"Sign Bottom","Cambria",126562,164202,37640,2,2
"Sign Bottom","Cambria",54056,69335,15279,6,5
"Sign Top","Cambria",120025,126217,6192,5,7
"Sign Bottom","Cambria",77143,113018,35875,3,8
"Sign Top","Calibri",34905,71017,36112,5,7
"Sign Top","Calibri",57000,95939,38939,0,9
"Sign Top","Calibri",84500,114919,30419,0,9
"Sign Bottom","Cambria",144187,193781,49594,7,1
"Sign Top","Cambria",462,20647,20185,2,7
"Sign Bottom","Cambria",60961,89761,28800,1,1
"Sign Bottom","Calibri",20800,47336,26536,0,6
"Sign Bottom","Cambria",17007,28611,11604,7,1
"Sign Top","Calibri",6880,54017,47137,0,7
"Sign Bottom","Cambria",85887,124043,38156,7,3
"Sign Top","Calibri",254185,269348,15163,5,8
"Sign Bottom","Cambria",1491,48120,46629,1,0
"Sign Top","Cambria",75362,119208,43846,2,8
"Sign Top","Cambria",31755,37816,6061,5,6
"Sign Top","Cambria",33758,41565,7807,8,5
"Sign Bottom","Calibri",44000,61525,17525,0,5
"Sign Bottom","Cambria",58901,59470,569,1,0
"Sign Top","Cambria",37514,84642,47128,4,2
"Sign Top","Calibri",130000,162325,32325,0,5
"Sign Top","Calibri",110735,145952,35217,5,2
"Sign Top","Cambria",26581,74312,47731,1,2
"Sign Bottom","Cambria",12343,21454,9111,3,4
"Sign Bottom","Calibri",37500,40163,2663,0,3
"Sign Top","Cambria",60644,89670,29026,4,0
"Sign Top","Cambria",176866,196595,19729,6,5
"Sign Top","Cambria",32015,40519,8504,5,9
"Sign Bottom","Cambria",105726,135195,29469,6,5
"Sign Top","Cambria",43483,62224,18741,3,4
"Sign Bottom","Cambria",85514,90161,4647,4,1
"Sign Top","Calibri",2700,39727,37027,0,7
"Sign Top","Cambria",16238,23981,7743,8,1
"Sign Top","Calibri",0,32292,32292,0,2
"Sign Bottom","Cambria",100640,148867,48227,0,7
"Sign Top","Calibri",1e+05,114447,14447,0,7
"Sign Bottom","Cambria",75438,117873,42435,8,3
"Sign Top","Cambria",130814,168308,37494,4,8
"Sign Top","Cambria",35431,52409,16978,1,9
"Sign Bottom","Calibri",102860,124410,21550,0,0
"Sign Top","Cambria",170940,179858,8918,0,8
"Sign Top","Calibri",47000,52839,5839,0,9
"Sign Top","Cambria",97550,147516,49966,0,6
"Sign Top","Calibri",21000,41343,20343,0,3
"Sign Top","Calibri",60,41790,41730,0,0
"Sign Top","Calibri",1400,44344,42944,0,4
"Sign Top","Cambria",12795,51174,38379,5,4
"Sign Top","Calibri",18600,34362,15762,0,2
"Sign Top","Calibri",31263,77089,45826,3,9
"Sign Bottom","Calibri",17042,20093,3051,2,3
"Sign Top","Cambria",78914,101286,22372,4,6
"Sign Bottom","Calibri",17432,37486,20054,2,6
"Sign Bottom","Calibri",67114,106949,39835,4,9
"Sign Bottom","Cambria",146990,192223,45233,0,3
"Sign Bottom","Cambria",29843,36409,6566,3,9
"Sign Top","Cambria",88205,109711,21506,5,1
"Sign Top","Cambria",76136,121953,45817,6,3
"Sign Top","Cambria",35381,74580,39199,1,0
"Sign Bottom","Calibri",49392,64989,15597,2,9
"Sign Bottom","Calibri",20223,36201,15978,3,1
"Sign Top","Cambria",38787,84563,45776,7,3
"Sign Top","Calibri",122000,123044,1044,0,4
"Sign Bottom","Calibri",41223,43461,2238,3,1
"Sign Top","Calibri",58000,67546,9546,0,6
"Sign Bottom","Cambria",11076,18157,7081,6,7
"Sign Bottom","Cambria",26636,34031,7395,6,1
"Sign Bottom","Cambria",115965,123740,7775,5,0
"Sign Top","Cambria",63456,100796,37340,6,6
"Sign Top","Calibri",4153,4790,637,3,0
"Sign Bottom","Calibri",9250,9996,746,0,6
"Sign Top","Calibri",20415,64053,43638,5,3
"Sign Top","Calibri",18974,65714,46740,4,4
"Sign Top","Calibri",49500,84342,34842,0,2
"Sign Bottom","Cambria",69028,86532,17504,8,2
"Sign Bottom","Calibri",62731,93686,30955,1,6
"Sign Bottom","Cambria",103321,125500,22179,1,0
"Sign Bottom","Cambria",37975,51564,13589,5,4
"Sign Top","Calibri",145456,171498,26042,6,8
"Sign Bottom","Cambria",67693,76856,9163,3,6
"Sign Top","Cambria",35670,83823,48153,0,3
"Sign Bottom","Cambria",108712,114774,6062,2,4
"Sign Bottom","Calibri",60172,95763,35591,2,3
"Sign Top","Calibri",29262,49978,20716,2,8
"Sign Bottom","Cambria",90543,108597,18054,3,7
"Sign Bottom","Calibri",91046,102745,11699,6,5
"Sign Bottom","Cambria",85798,90524,4726,8,4
"Sign Bottom","Calibri",57131,67275,10144,1,5
"Sign Top","Cambria",17090,57769,40679,0,9
"Sign Top","Calibri",4062,37158,33096,2,8
"Sign Bottom","Calibri",93048,113432,20384,8,2
"Sign Bottom","Calibri",117408,146346,28938,8,6
"Sign Bottom","Cambria",4469,24504,20035,9,4
"Sign Bottom","Calibri",97180,129400,32220,0,0
"Sign Top","Calibri",81000,109547,28547,0,7
"Sign Top","Cambria",205732,230621,24889,2,1
"Sign Top","Cambria",200151,245050,44899,1,0
"Sign Top","Cambria",55045,82752,27707,5,2
"Sign Top","Calibri",22400,30648,8248,0,8
"Sign Bottom","Cambria",162699,174782,12083,9,2
"Sign Top","Cambria",23847,39093,15246,7,3
"Sign Bottom","Calibri",285860,323318,37458,0,8
"Sign Top","Cambria",49113,79280,30167,3,0
"Sign Top","Cambria",23009,69943,46934,9,3
"Sign Top","Calibri",8577,37866,29289,7,6
"Sign Top","Calibri",38000,77793,39793,0,3
"Sign Bottom","Calibri",46040,53966,7926,0,6
"Sign Bottom","Cambria",76076,82586,6510,6,6
"Sign Top","Calibri",29434,56528,27094,4,8
"Sign Bottom","Calibri",84676,96346,11670,6,6
"Sign Bottom","Cambria",45515,54573,9058,5,3
"Sign Bottom","Calibri",162877,201756,38879,7,6
"Sign Top","Calibri",50000,64209,14209,0,9
"Sign Bottom","Cambria",78495,94066,15571,5,6
"Sign Top","Cambria",882,8054,7172,2,4
"Sign Top","Calibri",81000,117573,36573,0,3
"Sign Top","Cambria",75925,122983,47058,5,3
"Sign Bottom","Cambria",97088,143649,46561,8,9
"Sign Bottom","Cambria",76557,84916,8359,7,6
"Sign Bottom","Calibri",33121,57816,24695,1,6
"Sign Bottom","Calibri",59980,68691,8711,0,1
"Sign Bottom","Cambria",31855,62168,30313,5,8
"Sign Top","Calibri",120948,139030,18082,8,0
"Sign Bottom","Calibri",104252,116620,12368,2,0
"Sign Top","Calibri",26549,59187,32638,9,7
"Sign Top","Cambria",145603,154586,8983,3,6
"Sign Bottom","Cambria",22169,33660,11491,9,0
"Sign Bottom","Cambria",32297,73021,40724,7,1
"Sign Bottom","Cambria",43306,75589,32283,6,9
"Sign Top","Calibri",131134,178878,47744,4,8
"Sign Bottom","Calibri",43734,44624,890,4,4
"Sign Bottom","Cambria",5571,9049,3478,1,9
"Sign Top","Cambria",70224,90268,20044,4,8
"Sign Bottom","Cambria",135930,158525,22595,0,5
"Sign Bottom","Cambria",156101,182316,26215,1,6
"Sign Top","Calibri",59000,85427,26427,0,7
"Sign Bottom","Cambria",66899,80220,13321,9,0
"Sign Bottom","Cambria",124851,136511,11660,1,1
"Sign Top","Cambria",21518,56730,35212,8,0
"Sign Bottom","Calibri",64610,111907,47297,0,7
"Sign Bottom","Calibri",93561,139316,45755,1,6
"Sign Top","Cambria",24813,60297,35484,3,7
"Sign Top","Cambria",79252,96322,17070,2,2
"Sign Top","Calibri",210000,239232,29232,0,2
"Sign Bottom","Calibri",190100,202756,12656,0,6
"Sign Bottom","Cambria",76880,97694,20814,0,4
"Sign Top","Calibri",10,25425,25415,0,5
"Sign Bottom","Calibri",78920,103643,24723,0,3
"Sign Bottom","Calibri",173010,217931,44921,0,1
"Sign Bottom","Calibri",51243,96117,44874,3,7
"Sign Bottom","Calibri",3391,9702,6311,1,2
"Sign Top","Calibri",167000,195343,28343,0,3
"Sign Bottom","Cambria",54719,65188,10469,9,8
"Sign Top","Cambria",31692,39422,7730,2,2
"Sign Top","Calibri",91000,111132,20132,0,2
"Sign Top","Cambria",387,45521,45134,7,1
"Sign Top","Cambria",748,25597,24849,8,7
"Sign Bottom","Cambria",9508,43540,34032,8,0
"Sign Top","Calibri",38000,38622,622,0,2
"Sign Bottom","Cambria",99209,147835,48626,9,5
"Sign Top","Cambria",3709,30249,26540,9,9
"Sign Bottom","Cambria",18234,33949,15715,4,9
"Sign Bottom","Cambria",28794,44842,16048,4,2
"Sign Top","Cambria",54992,103845,48853,2,5
"Sign Top","Cambria",17897,33717,15820,7,7
"Sign Top","Calibri",19740,65849,46109,0,9
"Sign Bottom","Cambria",45935,56653,10718,5,3
"Sign Bottom","Calibri",80000,100967,20967,0,7
"Sign Top","Calibri",45634,93291,47657,4,1
"Sign Top","Calibri",10813,42169,31356,3,9
"Sign Top","Cambria",8384,57494,49110,4,4
"Sign Top","Cambria",85092,103235,18143,2,5
"Sign Bottom","Cambria",122834,155423,32589,4,3
"Sign Top","Cambria",7427,44852,37425,7,2
"Sign Top","Calibri",81000,118902,37902,0,2
"Sign Top","Calibri",50000,92428,42428,0,8
"Sign Top","Calibri",160000,190199,30199,0,9
"Sign Bottom","Cambria",44875,59121,14246,5,1
"Sign Top","Cambria",65006,75251,10245,6,1
"Sign Top","Calibri",31000,36738,5738,0,8
"Sign Top","Calibri",40500,83156,42656,0,6
"Sign Bottom","Cambria",29577,52129,22552,7,9
"Sign Bottom","Calibri",62807,63058,251,7,8
"Sign Top","Calibri",394482,397133,2651,2,3
"Sign Bottom","Cambria",139856,162964,23108,6,4
"Sign Bottom","Cambria",400,23206,22806,0,6
"Sign Top","Calibri",68323,116223,47900,3,3
"Sign Top","Cambria",85264,114591,29327,4,1
"Sign Top","Cambria",134697,164701,30004,7,1
"Sign Bottom","Cambria",7092,53829,46737,2,9
"Sign Bottom","Calibri",63830,93419,29589,0,9
"Sign Bottom","Calibri",22654,63947,41293,4,7
"Sign Bottom","Calibri",39552,79295,39743,2,5
"Sign Bottom","Cambria",62194,74061,11867,4,1
"Sign Bottom","Cambria",10467,51025,40558,7,5
"Sign Bottom","Cambria",42396,49261,6865,6,1
"Sign Top","Calibri",0,30065,30065,0,5
"Sign Top","Calibri",39000,47946,8946,0,6
"Sign Bottom","Calibri",14200,31443,17243,0,3
"Sign Top","Cambria",59631,83723,24092,1,3
"Sign Top","Calibri",94000,122371,28371,0,1
"Sign Bottom","Cambria",132625,141895,9270,5,5
"Sign Bottom","Calibri",18000,45956,27956,0,6
"Sign Top","Calibri",7,22945,22938,7,5
"Sign Top","Calibri",65186,101543,36357,6,3
"Sign Top","Cambria",114119,143905,29786,9,5
"Sign Bottom","Cambria",43739,76548,32809,9,8
"Sign Bottom","Calibri",150213,191670,41457,3,0
"Sign Bottom","Calibri",24378,60372,35994,8,2
"Sign Top","Cambria",121045,145624,24579,5,4
"Sign Bottom","Cambria",45096,60490,15394,6,0
"Sign Bottom","Cambria",19290,52337,33047,0,7
"Sign Top","Calibri",8000,56085,48085,0,5
"Sign Bottom","Calibri",28184,38289,10105,4,9
"Sign Top","Calibri",25000,65846,40846,0,6
"Sign Top","Calibri",67616,106742,39126,6,2
"Sign Bottom","Calibri",89012,107504,18492,2,4
"Sign Top","Cambria",69935,83781,13846,5,1
"Sign Top","Calibri",154405,167432,13027,5,2
"Sign Top","Calibri",21600,44246,22646,0,6
"Sign Top","Calibri",35085,59771,24686,5,1
"Sign Bottom","Cambria",181362,227427,46065,2,7
"Sign Top","Calibri",82500,90096,7596,0,6
"Sign Top","Calibri",45282,51899,6617,2,9
"Sign Bottom","Cambria",77900,87347,9447,0,7
"Sign Top","Cambria",93,5467,5374,3,7
"Sign Top","Calibri",15600,30579,14979,0,9
"Sign Bottom","Cambria",66338,109469,43131,8,9
"Sign Bottom","Calibri",39585,80851,41266,5,1
"Sign Top","Cambria",52650,85882,33232,0,2
"Sign Top","Calibri",113594,142131,28537,4,1
"Sign Bottom","Cambria",50852,83222,32370,2,2
"Sign Top","Cambria",126020,127712,1692,0,2
"Sign Bottom","Calibri",32419,77116,44697,9,6
"Sign Top","Cambria",66526,83504,16978,6,4
"Sign Bottom","Cambria",128316,165939,37623,6,9
"Sign Top","Calibri",180000,220774,40774,0,4
"Sign Bottom","Cambria",59026,100947,41921,6,7
"Sign Bottom","Calibri",7800,29549,21749,0,9
"Sign Top","Calibri",63791,105798,42007,1,8
"Sign Top","Cambria",19573,28132,8559,3,2
"Sign Bottom","Calibri",23910,59368,35458,0,8
"Sign Bottom","Cambria",71057,112573,41516,7,3
"Sign Top","Cambria",31844,63241,31397,4,1
"Sign Bottom","Calibri",7323,29999,22676,3,9
"Sign Bottom","Cambria",55702,69603,13901,2,3
"Sign Top","Cambria",61495,90381,28886,5,1
"Sign Bottom","Cambria",130388,132446,2058,8,6
"Sign Bottom","Calibri",134436,137049,2613,6,9
"Sign Bottom","Calibri",128405,137116,8711,5,6
"Sign Top","Calibri",44151,51312,7161,1,2
"Sign Bottom","Cambria",160337,181118,20781,7,8
"Sign Bottom","Cambria",33741,61099,27358,1,9
"Sign Top","Calibri",33000,42641,9641,0,1
"Sign Top","Calibri",106071,139791,33720,1,1
"Sign Bottom","Calibri",104790,117174,12384,0,4
"Sign Bottom","Calibri",139320,151345,12025,0,5
"Sign Bottom","Cambria",17026,45338,28312,6,8
"Sign Bottom","Cambria",54973,67316,12343,3,6
"Sign Bottom","Calibri",139592,147779,8187,2,9
"Sign Top","Cambria",848,12897,12049,8,7
"Sign Top","Cambria",163082,206109,43027,2,9
"Sign Bottom","Cambria",78028,121422,43394,8,2
"Sign Top","Calibri",80500,80692,192,0,2
"Sign Top","Cambria",149509,198865,49356,9,5
"Sign Top","Calibri",1,36557,36556,1,7
"Sign Bottom","Cambria",43160,80689,37529,0,9
"Sign Top","Cambria",100364,139188,38824,4,8
"Sign Bottom","Cambria",9463,24104,14641,3,4
"Sign Top","Cambria",28449,29668,1219,9,8
"Sign Top","Cambria",74988,105924,30936,8,4
"Sign Bottom","Calibri",17943,58184,40241,3,4
"Sign Top","Cambria",3494,6183,2689,4,3
"Sign Top","Calibri",29000,41565,12565,0,5
"Sign Bottom","Calibri",55850,89956,34106,0,6
"Sign Top","Calibri",20891,29968,9077,1,8
"Sign Bottom","Cambria",64631,65398,767,1,8
"Sign Bottom","Calibri",9976,26976,17000,6,6
"Sign Top","Calibri",80000,118305,38305,0,5
"Sign Bottom","Calibri",24000,26601,2601,0,1
"Sign Bottom","Cambria",27322,54907,27585,2,7
"Sign Top","Cambria",130610,148032,17422,0,2
"Sign Bottom","Cambria",47359,68208,20849,9,8
"Sign Top","Cambria",27646,61990,34344,6,0
"Sign Bottom","Cambria",128987,133958,4971,7,8
"Sign Top","Calibri",80000,83817,3817,0,7
"Sign Top","Cambria",49689,70475,20786,9,5
"Sign Bottom","Cambria",64034,112741,48707,4,1
"Sign Top","Calibri",14000,28562,14562,0,2
"Sign Top","Calibri",1100,21878,20778,0,8
"Sign Bottom","Cambria",67473,93694,26221,3,4
"Sign Bottom","Calibri",86065,117254,31189,5,4
"Sign Bottom","Calibri",65421,103721,38300,1,1
"Sign Top","Cambria",85403,126282,40879,3,2
"Sign Bottom","Calibri",81343,112374,31031,3,4
"Sign Top","Cambria",76244,123112,46868,4,2
"Sign Top","Calibri",22482,67597,45115,2,7
"Sign Bottom","Calibri",137741,175165,37424,1,5
"Sign Top","Calibri",62000,79083,17083,0,3
"Sign Bottom","Calibri",45128,48442,3314,8,2
"Sign Top","Cambria",54500,70525,16025,0,5
"Sign Bottom","Calibri",98950,125406,26456,0,6
"Sign Top","Calibri",96000,106206,10206,0,6
"Sign Top","Cambria",53587,91382,37795,7,2
"Sign Top","Cambria",91022,101091,10069,2,1
"Sign Top","Cambria",29419,71168,41749,9,8
"Sign Top","Calibri",91902,139898,47996,2,8
"Sign Top","Cambria",47720,91906,44186,0,6
"Sign Bottom","Calibri",65212,80979,15767,2,9
"Sign Top","Cambria",70592,72298,1706,2,8
"Sign Top","Cambria",53203,89187,35984,3,7
"Sign Top","Calibri",66809,109810,43001,9,0
"Sign Top","Cambria",59206,103206,44000,6,6
"Sign Bottom","Calibri",51987,78075,26088,7,5
"Sign Bottom","Calibri",67445,107921,40476,5,1
"Sign Bottom","Calibri",9455,9663,208,5,3
"Sign Bottom","Calibri",232345,278605,46260,5,5
"Sign Bottom","Calibri",6227,37988,31761,7,8
"Sign Top","Calibri",57000,97152,40152,0,2
"Sign Top","Calibri",39119,83124,44005,9,4
"Sign Top","Cambria",60037,104036,43999,7,6
"Sign Top","Cambria",64541,102834,38293,1,4
"Sign Top","Calibri",34025,69595,35570,5,5
"Sign Top","Calibri",304000,336909,32909,0,9
"Sign Top","Cambria",16425,21876,5451,5,6
"Sign Bottom","Calibri",33940,55593,21653,0,3
"Sign Top","Calibri",52694,87726,35032,4,6
"Sign Bottom","Calibri",40631,68399,27768,1,9
"Sign Top","Calibri",54461,70122,15661,1,2
"Sign Top","Cambria",85460,115850,30390,0,0
"Sign Bottom","Calibri",54000,59267,5267,0,7
"Sign Top","Cambria",10282,38591,28309,2,1
"Sign Top","Calibri",17000,62184,45184,0,4
"Sign Bottom","Calibri",72207,89752,17545,7,2
"Sign Bottom","Calibri",80210,98304,18094,0,4
"Sign Bottom","Calibri",73021,111670,38649,1,0
"Sign Bottom","Calibri",157892,189184,31292,2,4
"Sign Top","Calibri",402847,451104,48257,7,4
"Sign Bottom","Cambria",19788,35091,15303,8,1
"Sign Bottom","Calibri",107765,127987,20222,5,7
"Sign Bottom","Calibri",111024,129252,18228,4,2
"Sign Bottom","Cambria",62981,93314,30333,1,4
"Sign Top","Cambria",65505,83376,17871,5,6
"Sign Bottom","Calibri",77042,93042,16000,2,2
"Sign Top","Cambria",50170,84586,34416,0,6
"Sign Bottom","Cambria",38143,85183,47040,3,3
"Sign Bottom","Cambria",78400,121898,43498,0,8
"Sign Bottom","Cambria",32093,54960,22867,3,0
"Sign Top","Calibri",58257,99078,40821,7,8
"Sign Top","Cambria",59221,107789,48568,1,9
"Sign Top","Calibri",30006,60363,30357,6,3
"Sign Top","Cambria",182133,185831,3698,3,1
"Sign Top","Calibri",67000,102701,35701,0,1
"Sign Top","Cambria",90328,119997,29669,8,7
"Sign Top","Calibri",40702,63148,22446,2,8
"Sign Top","Calibri",106000,116269,10269,0,9
"Sign Bottom","Calibri",9764,30894,21130,4,4
"Sign Top","Calibri",75001,98459,23458,1,9
"Sign Top","Calibri",59682,77000,17318,2,0
"Sign Top","Cambria",24604,67187,42583,4,7
"Sign Bottom","Calibri",25939,75738,49799,9,8
"Sign Top","Cambria",109,37138,37029,9,8
"Sign Bottom","Calibri",181395,226022,44627,5,2
"Sign Top","Cambria",37571,76570,38999,1,0
"Sign Bottom","Cambria",105420,108740,3320,0,0
"Sign Top","Calibri",29542,76327,46785,2,7
"Sign Bottom","Calibri",55400,77503,22103,0,3
"Sign Top","Cambria",287,26235,25948,7,5
"Sign Bottom","Cambria",137086,186417,49331,6,7
"Sign Bottom","Calibri",110827,157140,46313,7,0
"Sign Top","Calibri",23252,60599,37347,2,9
"Sign Bottom","Calibri",206072,220444,14372,2,4
"Sign Top","Cambria",14917,55119,40202,7,9
"Sign Top","Cambria",36184,58898,22714,4,8
"Sign Bottom","Calibri",64414,105672,41258,4,2
"Sign Bottom","Calibri",69507,116736,47229,7,6
"Sign Bottom","Calibri",87656,105497,17841,6,7
"Sign Bottom","Cambria",182876,212219,29343,6,9
"Sign Bottom","Cambria",30758,70659,39901,8,9
"Sign Bottom","Cambria",95208,117243,22035,8,3
"Sign Bottom","Cambria",94599,111620,17021,9,0
"Sign Bottom","Calibri",78871,94999,16128,1,9
"Sign Top","Cambria",71823,98349,26526,3,9
"Sign Bottom","Cambria",66689,81257,14568,9,7
"Sign Top","Calibri",66000,83750,17750,0,0
"Sign Top","Calibri",164000,202798,38798,0,8
"Sign Bottom","Calibri",53449,81009,27560,9,9
"Sign Top","Cambria",10884,49134,38250,4,4
"Sign Bottom","Calibri",80318,108210,27892,8,0
"Sign Bottom","Cambria",60955,97245,36290,5,5
"Sign Bottom","Cambria",159526,180245,20719,6,5
"Sign Top","Calibri",48702,59965,11263,2,5
"Sign Bottom","Cambria",49509,74760,25251,9,0
"Sign Top","Calibri",3000,7610,4610,0,0
"Sign Top","Cambria",31664,69808,38144,4,8
"Sign Bottom","Cambria",29403,61403,32000,3,3
"Sign Top","Cambria",77570,125426,47856,0,6
"Sign Top","Calibri",6884,37894,31010,4,4
"Sign Bottom","Calibri",69629,115740,46111,9,0
"Sign Bottom","Cambria",2420,11677,9257,0,7
"Sign Bottom","Cambria",100207,113213,13006,7,3
"Sign Bottom","Calibri",110890,126364,15474,0,4
"Sign Bottom","Cambria",40227,41229,1002,7,9
"Sign Top","Calibri",49917,99368,49451,7,8
"Sign Top","Cambria",78025,104850,26825,5,0
"Sign Bottom","Calibri",246276,292769,46493,6,9
"Sign Bottom","Cambria",66440,88867,22427,0,7
"Sign Top","Cambria",72771,104471,31700,1,1
"Sign Top","Calibri",43702,78644,34942,2,4
"Sign Top","Cambria",7700,56624,48924,0,4
"Sign Bottom","Calibri",66140,93727,27587,0,7
"Sign Top","Calibri",26297,40629,14332,7,9
"Sign Top","Cambria",70452,116996,46544,2,6
"Sign Bottom","Cambria",18720,64215,45495,0,5
"Sign Bottom","Cambria",128903,156638,27735,3,8
"Sign Top","Calibri",33250,46542,13292,0,2
"Sign Bottom","Calibri",23011,25099,2088,1,9
"Sign Bottom","Calibri",135889,176522,40633,9,2
"Sign Top","Calibri",70000,104332,34332,0,2
"Sign Bottom","Cambria",95105,137179,42074,5,9
"Sign Bottom","Calibri",6616,29877,23261,6,7
"Sign Bottom","Cambria",190423,197601,7178,3,1
"Sign Top","Calibri",54695,85472,30777,5,2
"Sign Bottom","Calibri",78011,84018,6007,1,8
"Sign Bottom","Calibri",61088,97892,36804,8,2
"Sign Top","Cambria",51557,101503,49946,7,3
"Sign Bottom","Cambria",80210,110904,30694,0,4
"Sign Bottom","Cambria",15501,35695,20194,1,5
"Sign Top","Cambria",37286,69230,31944,6,0
"Sign Bottom","Calibri",13259,58016,44757,9,6
"Sign Bottom","Cambria",131327,170626,39299,7,6
"Sign Top","Calibri",153000,162909,9909,0,9
"Sign Top","Cambria",156701,177160,20459,1,0
"Sign Bottom","Calibri",71380,85077,13697,0,7
"Sign Top","Calibri",188000,237901,49901,0,1
"Sign Bottom","Cambria",95988,121430,25442,8,0
"Sign Top","Cambria",122267,136362,14095,7,2
"Sign Top","Calibri",99049,114878,15829,9,8
"Sign Top","Calibri",25,29716,29691,5,6
"Sign Bottom","Calibri",10280,27087,16807,0,7
"Sign Top","Cambria",156421,179570,23149,1,0
"Sign Bottom","Cambria",90258,127894,37636,8,4
"Sign Top","Calibri",5964,44785,38821,4,5
"Sign Top","Calibri",154400,188053,33653,0,3
"Sign Top","Cambria",5584,22161,16577,4,1
"Sign Top","Calibri",47000,68780,21780,0,0
"Sign Bottom","Cambria",48791,63027,14236,1,7
"Sign Top","Cambria",266089,273648,7559,9,8
"Sign Top","Calibri",80000,112684,32684,0,4
"Sign Top","Cambria",48953,88085,39132,3,5
"Sign Bottom","Cambria",46792,93297,46505,2,7
"Sign Bottom","Cambria",3527,46801,43274,7,1
"Sign Top","Calibri",88000,114302,26302,0,2
"Sign Bottom","Cambria",26900,42337,15437,0,7
"Sign Top","Calibri",114000,131008,17008,0,8
"Sign Top","Calibri",32087,73125,41038,7,5
"Sign Top","Calibri",1250,7238,5988,0,8
"Sign Bottom","Cambria",51993,88060,36067,3,0
"Sign Bottom","Calibri",103210,104411,1201,0,1
"Sign Top","Calibri",0,21657,21657,0,7
"Sign Top","Cambria",62240,102617,40377,0,7
"Sign Bottom","Cambria",56984,97508,40524,4,8
"Sign Top","Calibri",65000,99381,34381,0,1
"Sign Top","Calibri",16471,27776,11305,1,6
"Sign Bottom","Cambria",56009,77337,21328,9,7
"Sign Bottom","Cambria",75302,85408,10106,2,8
"Sign Bottom","Cambria",131957,159609,27652,7,9
"Sign Bottom","Cambria",104004,143231,39227,4,1
"Sign Top","Cambria",93844,128459,34615,4,9
"Sign Bottom","Calibri",178000,191640,13640,0,0
"Sign Top","Calibri",116342,131229,14887,2,9
"Sign Bottom","Calibri",72000,78967,6967,0,7
"Sign Bottom","Cambria",79301,120218,40917,1,8
"Sign Bottom","Cambria",22408,27976,5568,8,6
"Sign Bottom","Cambria",86765,135219,48454,5,9
"Sign Bottom","Cambria",101151,141739,40588,1,9
"Sign Top","Cambria",21443,24747,3304,3,7
"Sign Bottom","Cambria",69996,79171,9175,6,1
"Sign Bottom","Calibri",30196,36522,6326,6,2
"Sign Top","Calibri",72988,95344,22356,8,4
"Sign Bottom","Cambria",118784,139872,21088,4,2
"Sign Bottom","Cambria",117115,134759,17644,5,9
"Sign Bottom","Calibri",2336,8724,6388,6,4
"Sign Bottom","Cambria",56817,82064,25247,7,4
"Sign Top","Calibri",33640,39695,6055,0,5
"Sign Top","Cambria",5549,29910,24361,9,0
"Sign Bottom","Cambria",56205,102437,46232,5,7
"Sign Bottom","Cambria",61451,103861,42410,1,1
"Sign Top","Calibri",150806,159408,8602,6,8
"Sign Top","Calibri",3437,32916,29479,7,6
"Sign Top","Calibri",73195,84049,10854,5,9
"Sign Top","Calibri",28000,64285,36285,0,5
"Sign Top","Calibri",74627,118374,43747,7,4
"Sign Top","Calibri",130000,149453,19453,0,3
"Sign Bottom","Calibri",207207,226749,19542,7,9
"Sign Top","Cambria",148312,194604,46292,2,4
"Sign Top","Calibri",100,47880,47780,0,0
"Sign Bottom","Cambria",76954,88858,11904,4,8
"Sign Top","Cambria",53387,81331,27944,7,1
"Sign Top","Cambria",8126,52137,44011,6,7
"Sign Bottom","Calibri",172726,218969,46243,6,9
"Sign Bottom","Cambria",185809,225917,40108,9,7
"Sign Top","Calibri",16403,54840,38437,3,0
"Sign Top","Calibri",16711,48907,32196,1,7
"Sign Bottom","Cambria",89250,133094,43844,0,4
"Sign Top","Cambria",1077,29680,28603,7,0
"Sign Bottom","Cambria",162209,199965,37756,9,5
"Sign Top","Cambria",98605,116946,18341,5,6
"Sign Bottom","Cambria",36148,38287,2139,8,7
"Sign Bottom","Cambria",110063,158581,48518,3,1
"Sign Top","Calibri",18000,18509,509,0,9
"Sign Bottom","Calibri",19073,21202,2129,3,2
"Sign Top","Cambria",132027,148097,16070,7,7
"Sign Bottom","Cambria",23767,43548,19781,7,8
"Sign Top","Calibri",82877,130959,48082,7,9
"Sign Top","Calibri",12000,19929,7929,0,9
"Sign Top","Cambria",5212,6672,1460,2,2
"Sign Bottom","Calibri",81000,124268,43268,0,8
"Sign Bottom","Calibri",114972,155600,40628,2,0
"Sign Top","Cambria",76442,108350,31908,2,0
"Sign Top","Cambria",62284,106490,44206,4,0
"Sign Bottom","Calibri",45000,75977,30977,0,7
"Sign Bottom","Calibri",67765,76740,8975,5,0
"Sign Bottom","Cambria",35896,51652,15756,6,2
"Sign Bottom","Calibri",172409,203081,30672,9,1
"Sign Bottom","Calibri",160003,207020,47017,3,0
"Sign Top","Calibri",39650,58998,19348,0,8
"Sign Top","Cambria",9451,50338,40887,1,8
"Sign Bottom","Cambria",84549,124464,39915,9,4
"Sign Bottom","Calibri",83172,109305,26133,2,5
"Sign Top","Calibri",141000,168499,27499,0,9
"Sign Top","Cambria",50963,86500,35537,3,0
"Sign Bottom","Calibri",10726,20252,9526,6,2
"Sign Bottom","Cambria",139296,142353,3057,6,3
"Sign Bottom","Calibri",19800,47922,28122,0,2
"Sign Bottom","Cambria",48791,63380,14589,1,0
"Sign Top","Cambria",180357,205629,25272,7,9
"Sign Top","Cambria",109585,156331,46746,5,1
"Sign Top","Calibri",3000,24526,21526,0,6
"Sign Top","Calibri",196000,237203,41203,0,3
"Sign Top","Calibri",91761,120867,29106,1,7
"Sign Bottom","Cambria",37386,37999,613,6,9
"Sign Top","Calibri",93192,107741,14549,2,1
"Sign Top","Calibri",41000,60251,19251,0,1
"Sign Bottom","Cambria",189106,237362,48256,6,2
"Sign Bottom","Calibri",107387,126812,19425,7,2
"Sign Bottom","Calibri",69645,116915,47270,5,5
"Sign Top","Calibri",2800,25826,23026,0,6
"Sign Top","Calibri",10,9985,9975,0,5
"Sign Top","Cambria",556,17981,17425,6,1
"Sign Bottom","Cambria",85410,119290,33880,0,0
"Sign Top","Calibri",189077,218596,29519,7,6
"Sign Top","Cambria",50773,97746,46973,3,6
"Sign Top","Calibri",137000,146318,9318,0,8
"Sign Bottom","Cambria",2426,8643,6217,6,3
"Sign Bottom","Calibri",36461,67721,31260,1,1
"Sign Bottom","Cambria",31921,80604,48683,1,4
"Sign Top","Calibri",64025,86815,22790,5,5
"Sign Bottom","Cambria",173505,189558,16053,5,8
"Sign Top","Cambria",154692,202336,47644,2,6
"Sign Top","Cambria",53091,80495,27404,1,5
"Sign Top","Calibri",15335,38082,22747,5,2
"Sign Top","Cambria",114011,163723,49712,1,3
"Sign Bottom","Cambria",105749,154299,48550,9,9
"Sign Top","Cambria",114238,153580,39342,8,0
"Sign Top","Calibri",81624,97356,15732,4,6
"Sign Bottom","Calibri",67543,75265,7722,3,5
"Sign Bottom","Cambria",22130,30877,8747,0,7
"Sign Bottom","Calibri",7038,16323,9285,8,3
"Sign Top","Calibri",85924,113685,27761,4,5
"Sign Bottom","Calibri",26982,38799,11817,2,9
"Sign Bottom","Cambria",128040,158511,30471,0,1
"Sign Top","Cambria",37042,60011,22969,2,1
"Sign Bottom","Calibri",104921,115996,11075,1,6
"Sign Top","Cambria",56735,98438,41703,5,8
"Sign Bottom","Cambria",172743,187427,14684,3,7
"Sign Top","Cambria",132965,136986,4021,5,6
"Sign Bottom","Calibri",101652,106961,5309,2,1
"Sign Bottom","Cambria",8715,56010,47295,5,0
"Sign Bottom","Calibri",160495,162547,2052,5,7
"Sign Top","Cambria",156771,196022,39251,1,2
"Sign Top","Cambria",25758,54476,28718,8,6
"Sign Bottom","Calibri",49749,52545,2796,9,5
"Sign Bottom","Calibri",7742,30934,23192,2,4
"Sign Top","Calibri",123994,165383,41389,4,3
"Sign Bottom","Calibri",13680,41459,27779,0,9
"Sign Bottom","Cambria",49490,69561,20071,0,1
"Sign Bottom","Cambria",81823,106772,24949,3,2
"Sign Bottom","Calibri",74298,92903,18605,8,3
"Sign Top","Cambria",130241,164459,34218,1,9
"Sign Top","Cambria",3695,17609,13914,5,9
"Sign Top","Calibri",77000,115152,38152,0,2
"Sign Bottom","Calibri",8120,43669,35549,0,9
"Sign Bottom","Cambria",108221,143719,35498,1,9
"Sign Top","Calibri",73242,112791,39549,2,1
"Sign Bottom","Cambria",93050,101591,8541,0,1
"Sign Top","Cambria",512,5380,4868,2,0
"Sign Bottom","Cambria",69988,95170,25182,8,0
"Sign Bottom","Calibri",232212,242315,10103,2,5
"Sign Top","Cambria",123726,151318,27592,6,8
"Sign Bottom","Cambria",173609,222898,49289,9,8
"Sign Top","Cambria",140572,181173,40601,2,3
"Sign Top","Cambria",85751,111414,25663,1,4
"Sign Top","Calibri",70000,102257,32257,0,7
"Sign Top","Cambria",44031,91311,47280,1,1
"Sign Bottom","Calibri",81545,96146,14601,5,6
"Sign Top","Cambria",7685,24258,16573,5,8
"Sign Top","Calibri",53001,76371,23370,1,1
"Sign Top","Calibri",64000,112855,48855,0,5
"Sign Top","Calibri",40000,53866,13866,0,6
"Sign Top","Cambria",54644,70962,16318,4,2
"Sign Top","Cambria",59361,69402,10041,1,2
"Sign Bottom","Calibri",284830,298485,13655,0,5
"Sign Top","Calibri",41370,73589,32219,0,9
"Sign Bottom","Cambria",41360,71042,29682,0,2
"Sign Top","Calibri",102554,145932,43378,4,2
"Sign Top","Cambria",67103,80968,13865,3,8
"Sign Bottom","Calibri",113473,137105,23632,3,5
"Sign Top","Cambria",31298,38324,7026,8,4
"Sign Bottom","Calibri",149460,188535,39075,0,5
"Sign Top","Cambria",58705,79300,20595,5,0
"Sign Bottom","Calibri",110084,156200,46116,4,0
"Sign Bottom","Cambria",7399,38430,31031,9,0
"Sign Bottom","Calibri",19679,26902,7223,9,2
"Sign Top","Cambria",89047,111222,22175,7,2
"Sign Top","Cambria",7879,24227,16348,9,7
"Sign Bottom","Cambria",65708,81040,15332,8,0
"Sign Top","Calibri",9000,50082,41082,0,2
"Sign Top","Calibri",49196,75096,25900,6,6
"Sign Top","Cambria",41941,67067,25126,1,7
"Sign Bottom","Calibri",86741,92966,6225,1,6
"Sign Bottom","Calibri",107630,147513,39883,0,3
"Sign Top","Cambria",42020,90192,48172,0,2
"Sign Top","Calibri",33500,67020,33520,0,0
"Sign Top","Cambria",40423,45502,5079,3,2
"Sign Top","Cambria",45990,87159,41169,0,9
"Sign Top","Cambria",103287,138302,35015,7,2
"Sign Top","Cambria",83828,94587,10759,8,7
"Sign Top","Cambria",141681,178706,37025,1,6
"Sign Bottom","Calibri",39716,47002,7286,6,2
"Sign Top","Cambria",41631,57321,15690,1,1
"Sign Bottom","Cambria",3607,43190,39583,7,0
"Sign Top","Cambria",54832,95435,40603,2,5
"Sign Bottom","Calibri",67113,76283,9170,3,3
"Sign Top","Cambria",32584,72033,39449,4,3
"Sign Top","Calibri",53521,94100,40579,1,0
"Sign Top","Cambria",60197,81121,20924,7,1
"Sign Bottom","Calibri",46328,85725,39397,8,5
"Sign Bottom","Calibri",59069,98467,39398,9,7
"Sign Bottom","Calibri",126757,136639,9882,7,9
"Sign Top","Cambria",109954,137468,27514,4,8
"Sign Top","Calibri",39699,82653,42954,9,3
"Sign Bottom","Calibri",31955,43692,11737,5,2
"Sign Top","Calibri",142288,166300,24012,8,0
"Sign Top","Cambria",150111,169314,19203,1,4
"Sign Bottom","Calibri",14039,46608,32569,9,8
"Sign Top","Cambria",63413,76938,13525,3,8
"Sign Top","Calibri",42000,88506,46506,0,6
"Sign Bottom","Calibri",109205,126441,17236,5,1
"Sign Bottom","Calibri",51817,66436,14619,7,6
"Sign Top","Cambria",38266,73541,35275,6,1
"Sign Top","Cambria",138931,185352,46421,1,2
"Sign Top","Calibri",10000,48515,38515,0,5
"Sign Bottom","Cambria",172838,184924,12086,8,4
"Sign Bottom","Calibri",180000,195350,15350,0,0
"Sign Top","Calibri",5349,24093,18744,9,3
"Sign Top","Calibri",3000,43197,40197,0,7
"Sign Bottom","Calibri",65586,87547,21961,6,7
"Sign Top","Calibri",328,45005,44677,8,5
"Sign Bottom","Calibri",14,14178,14164,4,8
"Sign Top","Calibri",58604,81061,22457,4,1
"Sign Top","Calibri",58245,105468,47223,5,8
"Sign Bottom","Cambria",56942,84746,27804,2,6
"Sign Top","Cambria",52343,89854,37511,3,4
"Sign Bottom","Cambria",32739,35160,2421,9,0
"Sign Bottom","Cambria",97145,112508,15363,5,8
"Sign Bottom","Cambria",93118,136589,43471,8,9
"Sign Top","Cambria",72014,82277,10263,4,7
"Sign Top","Cambria",83596,89233,5637,6,3
"Sign Top","Calibri",35043,51929,16886,3,9
"Sign Bottom","Cambria",82372,107331,24959,2,1
"Sign Bottom","Calibri",3456,7440,3984,6,0
"Sign Bottom","Cambria",94240,135294,41054,0,4
"Sign Top","Cambria",46597,61392,14795,7,2
"Sign Top","Cambria",2741,22242,19501,1,2
"Sign Top","Cambria",33650,81671,48021,0,1
"Sign Bottom","Calibri",38456,48327,9871,6,7
"Sign Bottom","Cambria",54087,64182,10095,7,2
"Sign Top","Calibri",160000,166358,6358,0,8
"Sign Bottom","Cambria",55254,55464,210,4,4
"Sign Bottom","Cambria",47342,64847,17505,2,7
"Sign Top","Cambria",44013,86174,42161,3,4
"Sign Top","Calibri",4879,31093,26214,9,3
"Sign Top","Cambria",7810,42474,34664,0,4
"Sign Top","Cambria",42357,60746,18389,7,6
"Sign Top","Cambria",57502,77925,20423,2,5
"Sign Bottom","Cambria",10849,22980,12131,9,0
"Sign Top","Calibri",68193,100784,32591,3,4
"Sign Bottom","Calibri",63243,75222,11979,3,2
"Sign Top","Calibri",0,15015,15015,0,5
"Sign Bottom","Cambria",77031,124947,47916,1,7
"Sign Bottom","Cambria",18526,47446,28920,6,6
"Sign Top","Calibri",6381,29288,22907,1,8
"Sign Top","Calibri",1e+05,144263,44263,0,3
"Sign Bottom","Cambria",61604,98465,36861,4,5
"Sign Top","Cambria",87366,123743,36377,6,3
"Sign Top","Calibri",45400,56529,11129,0,9
"Sign Top","Calibri",201914,239286,37372,4,6
"Sign Bottom","Cambria",115397,148733,33336,7,3
"Sign Bottom","Calibri",107482,113136,5654,2,6
"Sign Bottom","Calibri",49515,74072,24557,5,2
"Sign Bottom","Cambria",2524,42022,39498,4,2
"Sign Bottom","Calibri",102000,129436,27436,0,6
"Sign Bottom","Calibri",73863,117105,43242,3,5
"Sign Top","Cambria",65005,108090,43085,5,0
"Sign Bottom","Cambria",24323,44371,20048,3,1
"Sign Top","Cambria",23554,28340,4786,4,0
"Sign Top","Cambria",35574,56009,20435,4,9
"Sign Top","Cambria",34143,66521,32378,3,1
"Sign Bottom","Calibri",43500,81390,37890,0,0
"Sign Bottom","Cambria",64000,108140,44140,0,0
"Sign Bottom","Calibri",80657,92851,12194,7,1
"Sign Bottom","Calibri",49404,58156,8752,4,6
"Sign Top","Cambria",81416,108489,27073,6,9
"Sign Top","Calibri",152120,173160,21040,0,0
"Sign Bottom","Cambria",86571,107699,21128,1,9
"Sign Bottom","Cambria",32685,60680,27995,5,0
"Sign Bottom","Calibri",42347,77485,35138,7,5
"Sign Top","Cambria",32429,76407,43978,9,7
"Sign Top","Cambria",24856,60917,36061,6,7
"Sign Top","Calibri",72690,109673,36983,0,3
"Sign Bottom","Calibri",76201,123872,47671,1,2
"Sign Top","Cambria",73326,105797,32471,6,7
"Sign Top","Cambria",17105,27028,9923,5,8
"Sign Top","Cambria",134501,180466,45965,1,6
"Sign Top","Cambria",42609,72561,29952,9,1
"Sign Top","Calibri",39000,53083,14083,0,3
"Sign Top","Calibri",111932,152065,40133,2,5
"Sign Top","Calibri",68000,84998,16998,0,8
"Sign Top","Calibri",1989,51913,49924,9,3
"Sign Top","Cambria",83007,121982,38975,7,2
"Sign Bottom","Calibri",66981,81063,14082,1,3
"Sign Top","Calibri",182548,186928,4380,8,8
"Sign Bottom","Calibri",86025,97378,11353,5,8
"Sign Top","Cambria",17184,51416,34232,4,6
"Sign Top","Cambria",158680,199037,40357,0,7
"Sign Top","Calibri",9000,17235,8235,0,5
"Sign Bottom","Cambria",26870,67244,40374,0,4
"Sign Bottom","Calibri",71592,92506,20914,2,6
"Sign Bottom","Calibri",71932,106981,35049,2,1
"Sign Bottom","Calibri",29622,41093,11471,2,3
"Sign Top","Cambria",268,26969,26701,8,9
"Sign Top","Calibri",6082,35319,29237,2,9
"Sign Bottom","Calibri",1417,24297,22880,7,7
"Sign Top","Cambria",33759,77379,43620,9,9
"Sign Top","Cambria",259,36191,35932,9,1
"Sign Bottom","Calibri",46223,52681,6458,3,1
"Sign Top","Cambria",159474,169980,10506,4,0
"Sign Bottom","Calibri",100117,132366,32249,7,6
"Sign Bottom","Cambria",79115,125276,46161,5,6
"Sign Top","Calibri",153000,158195,5195,0,5
"Sign Bottom","Calibri",208000,237959,29959,0,9
"Sign Bottom","Cambria",41772,78118,36346,2,8
"Sign Bottom","Calibri",92685,140095,47410,5,5
"Sign Top","Calibri",185244,229637,44393,4,7
"Sign Top","Cambria",208819,242500,33681,9,0
"Sign Top","Cambria",230571,231762,1191,1,2
"Sign Top","Calibri",116222,144842,28620,2,2
"Sign Top","Cambria",19266,34012,14746,6,2
"Sign Bottom","Calibri",35606,43569,7963,6,9
"Sign Top","Cambria",52098,69853,17755,8,3
"Sign Bottom","Calibri",38000,60149,22149,0,9
"Sign Bottom","Cambria",80500,84470,3970,0,0
"Sign Bottom","Calibri",49803,97767,47964,3,7
"Sign Top","Cambria",77266,120154,42888,6,4
"Sign Top","Cambria",115720,127955,12235,0,5
"Sign Bottom","Calibri",9887,13489,3602,7,9
"Sign Top","Cambria",106710,139699,32989,0,9
"Sign Bottom","Calibri",80356,127679,47323,6,9
"Sign Top","Cambria",63541,97230,33689,1,0
"Sign Top","Cambria",24617,48948,24331,7,8
"Sign Bottom","Calibri",24862,33618,8756,2,8
"Sign Top","Calibri",63316,108135,44819,6,5
"Sign Top","Cambria",2568,26600,24032,8,0
"Sign Top","Cambria",9286,54359,45073,6,9
"Sign Top","Cambria",94944,133128,38184,4,8
"Sign Bottom","Cambria",140015,167096,27081,5,6
"Sign Top","Calibri",72000,116450,44450,0,0
"Sign Bottom","Calibri",116774,120091,3317,4,1
"Sign Bottom","Calibri",226197,237379,11182,7,9
"Sign Top","Cambria",192,24537,24345,2,7
"Sign Top","Cambria",180923,206621,25698,3,1
"Sign Top","Calibri",31500,39180,7680,0,0
"Sign Bottom","Cambria",43334,46644,3310,4,4
"Sign Bottom","Calibri",50857,53542,2685,7,2
"Sign Bottom","Calibri",188400,228880,40480,0,0
"Sign Top","Calibri",89739,105857,16118,9,7
"Sign Bottom","Cambria",95566,100160,4594,6,0
"Sign Top","Cambria",24991,31733,6742,1,3
"Sign Bottom","Cambria",7467,22445,14978,7,5
"Sign Bottom","Calibri",63295,74370,11075,5,0
"Sign Bottom","Cambria",37487,71617,34130,7,7
"Sign Bottom","Calibri",75904,99705,23801,4,5
"Sign Bottom","Calibri",18222,50958,32736,2,8
"Sign Bottom","Cambria",44391,77553,33162,1,3
"Sign Top","Calibri",11271,33299,22028,1,9
"Sign Top","Cambria",135560,166557,30997,0,7
"Sign Bottom","Calibri",56678,84877,28199,8,7
"Sign Bottom","Cambria",9677,18014,8337,7,4
"Sign Top","Cambria",71753,89828,18075,3,8
"Sign Bottom","Calibri",122920,130470,7550,0,0
"Sign Top","Cambria",113204,145897,32693,4,7
"Sign Top","Cambria",227902,268291,40389,2,1
"Sign Bottom","Calibri",60000,105970,45970,0,0
"Sign Bottom","Calibri",19254,66917,47663,4,7
"Sign Top","Cambria",138045,149292,11247,5,2
"Sign Top","Cambria",28154,57950,29796,4,0
"Sign Bottom","Cambria",76110,89571,13461,0,1
"Sign Top","Calibri",13195,21710,8515,5,0
"Sign Bottom","Calibri",155106,188903,33797,6,3
"Sign Top","Cambria",13776,33980,20204,6,0
"Sign Bottom","Cambria",5073,37955,32882,3,5
"Sign Bottom","Calibri",129311,156988,27677,1,8
"Sign Bottom","Calibri",50055,71225,21170,5,5
"Sign Bottom","Calibri",13273,14553,1280,3,3
"Sign Bottom","Calibri",122328,152179,29851,8,9
"Sign Top","Cambria",1080,2421,1341,0,1
"Sign Top","Calibri",24333,50239,25906,3,9
"Sign Bottom","Cambria",79232,102694,23462,2,4
"Sign Top","Cambria",93430,110048,16618,0,8
"Sign Bottom","Calibri",2045,50950,48905,5,0
"Sign Bottom","Cambria",66569,101678,35109,9,8
"Sign Top","Cambria",937,11134,10197,7,4
"Sign Top","Cambria",149808,199238,49430,8,8
"Sign Top","Cambria",57640,66533,8893,0,3
"Sign Bottom","Cambria",7284,28154,20870,4,4
"Sign Top","Cambria",126741,154575,27834,1,5
"Sign Bottom","Calibri",13690,57846,44156,0,6
"Sign Top","Cambria",110206,110915,709,6,5
"Sign Top","Calibri",156000,156788,788,0,8
"Sign Bottom","Cambria",68222,81260,13038,2,0
"Sign Bottom","Cambria",61637,96918,35281,7,8
"Sign Top","Calibri",52045,98459,46414,5,9
"Sign Bottom","Cambria",46666,53766,7100,6,6
"Sign Top","Calibri",30000,36512,6512,0,2
"Sign Top","Cambria",74117,112254,38137,7,4
"Sign Top","Calibri",17000,42043,25043,0,3
"Sign Bottom","Cambria",194471,211155,16684,1,5
"Sign Bottom","Calibri",2849,33069,30220,9,9
"Sign Bottom","Calibri",86883,97550,10667,3,0
"Sign Top","Calibri",25001,37078,12077,1,8
"Sign Top","Calibri",149000,157975,8975,0,5
"Sign Top","Calibri",69000,71447,2447,0,7
"Sign Top","Cambria",162,5026,4864,2,6
"Sign Bottom","Calibri",58488,96405,37917,8,5
"Sign Bottom","Cambria",69879,112911,43032,9,1
"Sign Bottom","Calibri",113290,125765,12475,0,5
"Sign Top","Calibri",18199,22001,3802,9,1
"Sign Top","Calibri",66135,68133,1998,5,3
"Sign Bottom","Calibri",67100,68406,1306,0,6
"Sign Top","Cambria",1070,3300,2230,0,0
"Sign Top","Calibri",113879,151254,37375,9,4
"Sign Bottom","Cambria",46176,73780,27604,6,0
"Sign Bottom","Cambria",7011,40005,32994,1,5
"Sign Bottom","Calibri",45094,45343,249,4,3
"Sign Top","Calibri",50,40902,40852,0,2
"Sign Top","Cambria",254824,267542,12718,4,2
"Sign Bottom","Cambria",85887,116118,30231,7,8
"Sign Bottom","Calibri",128505,129551,1046,5,1
"Sign Top","Cambria",946,30655,29709,6,5
"Sign Top","Calibri",25,44936,44911,5,6
"Sign Top","Calibri",142000,185721,43721,0,1
"Sign Top","Calibri",156000,179819,23819,0,9
"Sign Bottom","Cambria",48248,83464,35216,8,4
"Sign Top","Calibri",32300,37190,4890,0,0
"Sign Bottom","Calibri",71993,78864,6871,3,4
"Sign Top","Cambria",147558,181944,34386,8,4
"Sign Bottom","Cambria",56724,71662,14938,4,2
"Sign Top","Calibri",31846,35469,3623,6,9
"Sign Top","Calibri",2000,35180,33180,0,0
"Sign Top","Calibri",24712,65730,41018,2,0
"Sign Bottom","Calibri",183155,202134,18979,5,4
"Sign Bottom","Cambria",23659,73164,49505,9,4
"Sign Top","Cambria",45529,70478,24949,9,8
"Sign Bottom","Cambria",40686,54328,13642,6,8
"Sign Top","Calibri",138672,161424,22752,2,4
"Sign Top","Calibri",50579,68764,18185,9,4
"Sign Top","Calibri",40000,79035,39035,0,5
"Sign Bottom","Cambria",12598,26400,13802,8,0
"Sign Top","Calibri",140000,184101,44101,0,1
"Sign Top","Calibri",87055,134001,46946,5,1
"Sign Bottom","Cambria",48178,74480,26302,8,0
"Sign Top","Cambria",91097,136411,45314,7,1
"Sign Bottom","Cambria",112901,160922,48021,1,2
"Sign Top","Calibri",32789,64674,31885,9,4
"Sign Bottom","Cambria",45629,82601,36972,9,1
"Sign Top","Cambria",26375,71416,45041,5,6
"Sign Bottom","Cambria",35841,76602,40761,1,2
"Sign Bottom","Calibri",44700,78880,34180,0,0
"Sign Bottom","Calibri",75955,91503,15548,5,3
"Sign Bottom","Calibri",72820,91691,18871,0,1
"Sign Top","Cambria",190588,192558,1970,8,8
"Sign Top","Cambria",100137,136065,35928,7,5
"Sign Top","Calibri",130000,155673,25673,0,3
"Sign Bottom","Calibri",25203,30441,5238,3,1
"Sign Top","Calibri",54992,60717,5725,2,7
"Sign Top","Calibri",20000,48786,28786,0,6
"Sign Bottom","Cambria",57443,104196,46753,3,6
"Sign Top","Cambria",80323,104405,24082,3,5
"Sign Top","Calibri",100022,136189,36167,2,9
"Sign Top","Cambria",167313,204727,37414,3,7
"Sign Bottom","Cambria",102583,144049,41466,3,9
"Sign Top","Calibri",30055,60856,30801,5,6
"Sign Top","Calibri",96538,135694,39156,8,4
"Sign Bottom","Calibri",176955,177360,405,5,0
"Sign Bottom","Calibri",7048,47986,40938,8,6
"Sign Bottom","Calibri",49321,81681,32360,1,1
"Sign Top","Cambria",10987,33356,22369,7,6
"Sign Top","Cambria",133106,179057,45951,6,7
"Sign Bottom","Cambria",24464,42655,18191,4,5
"Sign Bottom","Cambria",91847,94043,2196,7,3
"Sign Top","Calibri",105666,129414,23748,6,4
"Sign Bottom","Cambria",83939,84892,953,9,2
"Sign Bottom","Cambria",64949,67717,2768,9,7
"Sign Top","Cambria",22834,39964,17130,4,4
"Sign Bottom","Cambria",110813,119132,8319,3,2
"Sign Top","Calibri",38211,39056,845,1,6
"Sign Bottom","Calibri",5564,35221,29657,4,1
"Sign Bottom","Calibri",35399,83514,48115,9,4
"Sign Bottom","Calibri",42696,88937,46241,6,7
"Sign Top","Cambria",81065,125583,44518,5,3
"Sign Top","Cambria",93981,122305,28324,1,5
"Sign Bottom","Calibri",80200,113315,33115,0,5
"Sign Top","Cambria",313,38855,38542,3,5
"Sign Top","Cambria",14176,18063,3887,6,3
"Sign Bottom","Calibri",39632,78996,39364,2,6
"Sign Top","Cambria",54462,82090,27628,2,0
"Sign Bottom","Cambria",13452,37557,24105,2,7
"Sign Bottom","Cambria",45100,48691,3591,0,1
"Sign Top","Calibri",50,9109,9059,0,9
"Sign Top","Calibri",220000,233250,13250,0,0
"Sign Top","Cambria",70970,89912,18942,0,2
"Sign Bottom","Cambria",179775,226473,46698,5,3
"Sign Top","Calibri",80089,109937,29848,9,7
"Sign Bottom","Calibri",56970,68433,11463,0,3
"Sign Bottom","Cambria",26719,37098,10379,9,8
"Sign Bottom","Calibri",135719,166748,31029,9,8
"Sign Bottom","Cambria",19955,37369,17414,5,9
"Sign Bottom","Cambria",22049,40233,18184,9,3
"Sign Bottom","Cambria",22853,36375,13522,3,5
"Sign Bottom","Cambria",74081,86107,12026,1,7
"Sign Bottom","Cambria",65514,103459,37945,4,9
"Sign Top","Cambria",83236,130431,47195,6,1
"Sign Bottom","Cambria",34066,75742,41676,6,2
"Sign Bottom","Calibri",52894,97070,44176,4,0
"Sign Top","Cambria",195299,225138,29839,9,8
"Sign Top","Calibri",85,22279,22194,5,9
"Sign Top","Cambria",536,2694,2158,6,4
"Sign Bottom","Calibri",24122,34162,10040,2,2
"Sign Top","Cambria",1090,19182,18092,0,2
"Sign Top","Calibri",65000,104656,39656,0,6
"Sign Bottom","Calibri",95541,134235,38694,1,5
"Sign Bottom","Calibri",10468,50729,40261,8,9
"Sign Top","Calibri",66772,107490,40718,2,0
"Sign Bottom","Calibri",167739,203902,36163,9,2
"Sign Top","Calibri",116000,155843,39843,0,3
"Sign Top","Cambria",80661,80766,105,1,6
"Sign Top","Cambria",117800,122397,4597,0,7
"Sign Top","Calibri",70710,79143,8433,0,3
"Sign Bottom","Calibri",34609,81243,46634,9,3
"Sign Bottom","Cambria",123717,161575,37858,7,5
"Sign Bottom","Cambria",128731,160190,31459,1,0
"Sign Top","Calibri",49712,79632,29920,2,2
"Sign Top","Calibri",54000,61859,7859,0,9
"Sign Bottom","Cambria",73590,116120,42530,0,0
"Sign Top","Calibri",2,705,703,2,5
"Sign Top","Calibri",20000,51577,31577,0,7
"Sign Top","Cambria",76911,114144,37233,1,4
"Sign Bottom","Calibri",29627,31677,2050,7,7
"Sign Bottom","Calibri",156902,180916,24014,2,6
"Sign Bottom","Cambria",55171,61540,6369,1,0
"Sign Bottom","Cambria",69302,89181,19879,2,1
"Sign Top","Calibri",56750,96380,39630,0,0
"Sign Top","Cambria",138610,161788,23178,0,8
"Sign Top","Cambria",157364,197100,39736,4,0
"Sign Bottom","Cambria",27793,56681,28888,3,1
"Sign Bottom","Calibri",39409,42122,2713,9,2
"Sign Top","Calibri",39893,78135,38242,3,5
"Sign Bottom","Cambria",88027,107049,19022,7,9
"Sign Bottom","Cambria",128156,175503,47347,6,3
"Sign Bottom","Calibri",49000,60379,11379,0,9
"Sign Top","Calibri",12000,58478,46478,0,8
"Sign Top","Cambria",80501,114644,34143,1,4
"Sign Bottom","Calibri",16893,53062,36169,3,2
"Sign Top","Calibri",4001,37178,33177,1,8
"Sign Bottom","Calibri",74125,106784,32659,5,4
"Sign Top","Calibri",82165,103330,21165,5,0
"Sign Top","Cambria",8455,56833,48378,5,3
"Sign Top","Calibri",82000,82852,852,0,2
"Sign Bottom","Cambria",115208,134362,19154,8,2
"Sign Top","Cambria",2249,41252,39003,9,2
"Sign Top","Calibri",32247,47325,15078,7,5
"Sign Top","Calibri",48000,87639,39639,0,9
"Sign Bottom","Cambria",71635,118855,47220,5,5
"Sign Bottom","Cambria",3023,9372,6349,3,2
"Sign Top","Calibri",33360,59055,25695,0,5
"Sign Top","Cambria",50096,96778,46682,6,8
"Sign Top","Calibri",7836,43866,36030,6,6
"Sign Bottom","Calibri",49309,54638,5329,9,8
"Sign Top","Cambria",33094,60633,27539,4,3
"Sign Top","Cambria",31238,72002,40764,8,2
"Sign Top","Cambria",976,37462,36486,6,2
"Sign Bottom","Cambria",3299,25215,21916,9,5
"Sign Bottom","Calibri",117979,135331,17352,9,1
"Sign Top","Cambria",110036,110100,64,6,0
"Sign Top","Cambria",42883,65243,22360,3,3
"Sign Top","Calibri",7000,29375,22375,0,5
"Sign Bottom","Cambria",55973,77819,21846,3,9
"Sign Top","Calibri",9025,39930,30905,5,0
"Sign Top","Cambria",38695,71629,32934,5,9
"Sign Top","Calibri",28000,63786,35786,0,6
"Sign Bottom","Calibri",84000,96058,12058,0,8
"Sign Bottom","Cambria",59,20698,20639,9,8
"Sign Bottom","Calibri",59000,64651,5651,0,1
"Sign Bottom","Calibri",27550,29622,2072,0,2
"Sign Top","Calibri",23000,65476,42476,0,6
"Sign Top","Cambria",103354,126884,23530,4,4
"Sign Bottom","Cambria",178227,203652,25425,7,2
"Sign Bottom","Calibri",205729,244983,39254,9,3
"Sign Top","Cambria",45275,72570,27295,5,0
"Sign Bottom","Calibri",24692,42762,18070,2,2
"Sign Bottom","Calibri",17342,41420,24078,2,0
"Sign Top","Cambria",146489,189381,42892,9,1
"Sign Bottom","Cambria",102028,102498,470,8,8
"Sign Bottom","Cambria",121300,139445,18145,0,5
"Sign Bottom","Calibri",75058,120403,45345,8,3
"Sign Bottom","Calibri",64400,84595,20195,0,5
"Sign Bottom","Cambria",127694,130848,3154,4,8
"Sign Top","Cambria",121217,134589,13372,7,9
"Sign Top","Calibri",93500,143204,49704,0,4
"Sign Top","Cambria",142673,177740,35067,3,0
"Sign Bottom","Calibri",111960,154366,42406,0,6
"Sign Bottom","Cambria",149912,164212,14300,2,2
"Sign Bottom","Calibri",92541,104581,12040,1,1
"Sign Top","Cambria",3910,52456,48546,0,6
"Sign Bottom","Calibri",68642,71611,2969,2,1
"Sign Bottom","Calibri",103010,134234,31224,0,4
"Sign Top","Cambria",351,12118,11767,1,8
"Sign Top","Calibri",20000,55888,35888,0,8
"Sign Bottom","Calibri",15283,15486,203,3,6
"Sign Top","Cambria",39121,72019,32898,1,9
"Sign Bottom","Calibri",126103,128383,2280,3,3
"Sign Top","Cambria",168997,195149,26152,7,9
"Sign Bottom","Calibri",10400,13198,2798,0,8
"Sign Top","Cambria",23,1366,1343,3,6
"Sign Top","Cambria",82563,108575,26012,3,5
"Sign Bottom","Calibri",28209,41697,13488,9,7
"Sign Bottom","Cambria",79971,105399,25428,1,9
"Sign Top","Calibri",2e+05,237394,37394,0,4
"Sign Top","Cambria",100639,105842,5203,9,2
"Sign Bottom","Cambria",39467,66610,27143,7,0
"Sign Bottom","Cambria",33382,42417,9035,2,7
"Sign Top","Cambria",16817,28850,12033,7,0
"Sign Top","Calibri",52731,80620,27889,1,0
"Sign Top","Cambria",12050,58498,46448,0,8
"Sign Top","Cambria",35063,84765,49702,3,5
"Sign Bottom","Cambria",63710,74624,10914,0,4
"Sign Top","Calibri",98500,137864,39364,0,4
"Sign Bottom","Cambria",83520,100542,17022,0,2
"Sign Bottom","Calibri",43319,44769,1450,9,9
"Sign Bottom","Calibri",77283,78968,1685,3,8
"Sign Bottom","Calibri",127623,164047,36424,3,7
"Sign Top","Cambria",51618,66571,14953,8,1
"Sign Top","Cambria",54912,55046,134,2,6
"Sign Top","Calibri",106040,136224,30184,0,4
"Sign Top","Cambria",952,10458,9506,2,8
"Sign Bottom","Calibri",105779,154770,48991,9,0
"Sign Bottom","Cambria",64270,75878,11608,0,8
"Sign Top","Cambria",136485,174392,37907,5,2
"Sign Bottom","Calibri",126894,158717,31823,4,7
"Sign Top","Cambria",130338,164658,34320,8,8
"Sign Bottom","Cambria",100493,103304,2811,3,4
"Sign Top","Calibri",90120,104692,14572,0,2
"Sign Bottom","Calibri",61927,110624,48697,7,4
"Sign Top","Calibri",100895,115784,14889,5,4
"Sign Top","Calibri",66346,94770,28424,6,0
"Sign Top","Cambria",26752,39397,12645,2,7
"Sign Bottom","Cambria",103246,114937,11691,6,7
"Sign Bottom","Cambria",475,38276,37801,5,6
"Sign Top","Calibri",395,1709,1314,5,9
"Sign Bottom","Calibri",463090,477843,14753,0,3
"Sign Top","Cambria",75747,97386,21639,7,6
"Sign Top","Calibri",100100,128129,28029,0,9
"Sign Top","Calibri",11,38782,38771,1,2
"Sign Bottom","Calibri",64235,94296,30061,5,6
"Sign Top","Cambria",150757,188696,37939,7,6
"Sign Bottom","Cambria",17311,38696,21385,1,6
"Sign Top","Calibri",15600,55642,40042,0,2
"Sign Top","Cambria",95570,137121,41551,0,1
"Sign Top","Cambria",747,20733,19986,7,3
"Sign Top","Calibri",83687,125034,41347,7,4
"Sign Bottom","Calibri",58549,87650,29101,9,0
"Sign Bottom","Calibri",342,46920,46578,2,0
"Sign Bottom","Cambria",215898,234494,18596,8,4
"Sign Bottom","Calibri",99000,137021,38021,0,1
"Sign Top","Cambria",313,21513,21200,3,3
"Sign Bottom","Calibri",188132,210141,22009,2,1
"Sign Top","Cambria",38499,66269,27770,9,9
"Sign Bottom","Calibri",51625,62832,11207,5,2
"Sign Bottom","Cambria",18755,53690,34935,5,0
"Sign Bottom","Cambria",40079,86874,46795,9,4
"Sign Bottom","Calibri",88953,100642,11689,3,2
"Sign Bottom","Calibri",11899,42407,30508,9,7
"Sign Top","Calibri",69000,76866,7866,0,6
"Sign Bottom","Calibri",130819,167379,36560,9,9
"Sign Bottom","Calibri",21861,31046,9185,1,6
"Sign Top","Cambria",112378,158992,46614,8,2
"Sign Bottom","Cambria",125753,143805,18052,3,5
"Sign Top","Cambria",6166,18245,12079,6,5
"Sign Top","Calibri",58310,72041,13731,0,1
"Sign Top","Calibri",153439,169216,15777,9,6
"Sign Top","Calibri",56357,78800,22443,7,0
"Sign Bottom","Cambria",56155,95491,39336,5,1
"Sign Top","Calibri",5673,14283,8610,3,3
"Sign Top","Calibri",52000,89790,37790,0,0
"Sign Bottom","Cambria",25823,53775,27952,3,5
"Sign Bottom","Calibri",28655,31172,2517,5,2
"Sign Bottom","Calibri",132118,136638,4520,8,8
"Sign Bottom","Cambria",79424,103629,24205,4,9
"Sign Top","Calibri",176407,214365,37958,7,5
"Sign Top","Calibri",934,37282,36348,4,2
"Sign Bottom","Calibri",17833,42680,24847,3,0
"Sign Bottom","Calibri",26972,29751,2779,2,1
"Sign Bottom","Calibri",89876,109461,19585,6,1
"Sign Top","Calibri",51000,93783,42783,0,3
"Sign Top","Cambria",204109,229379,25270,9,9
"Sign Top","Calibri",467,35820,35353,7,0
"Sign Top","Calibri",1000,5689,4689,0,9
"Sign Bottom","Calibri",6805,50513,43708,5,3
"Sign Bottom","Calibri",33403,43535,10132,3,5
"Sign Top","Calibri",36000,73278,37278,0,8
"Sign Bottom","Calibri",108332,110568,2236,2,8
"Sign Bottom","Cambria",118133,145071,26938,3,1
"Sign Bottom","Calibri",15223,36638,21415,3,8
"Sign Bottom","Calibri",51126,80445,29319,6,5
"Sign Top","Cambria",48348,70125,21777,8,5
"Sign Bottom","Cambria",172306,185816,13510,6,6
"Sign Top","Cambria",37408,53484,16076,8,4
"Sign Bottom","Cambria",124427,136784,12357,7,4
"Sign Bottom","Cambria",141494,164166,22672,4,6
"Sign Top","Cambria",100096,101412,1316,6,2
"Sign Bottom","Cambria",120560,147405,26845,0,5
"Sign Bottom","Cambria",22648,59883,37235,8,3
"Sign Top","Calibri",87960,129923,41963,0,3
"Sign Top","Calibri",3850,26288,22438,0,8
"Sign Bottom","Calibri",621,14138,13517,1,8
"Sign Top","Calibri",56000,102967,46967,0,7
"Sign Bottom","Calibri",87798,117130,29332,8,0
"Sign Bottom","Calibri",30245,73238,42993,5,8
"Sign Bottom","Calibri",60016,98485,38469,6,5
"Sign Bottom","Calibri",69980,76994,7014,0,4
"Sign Bottom","Calibri",73436,85618,12182,6,8
"Sign Top","Calibri",60000,101924,41924,0,4
"Sign Top","Cambria",78068,81297,3229,8,7
"Sign Bottom","Cambria",13799,56288,42489,9,8
"Sign Bottom","Cambria",7083,33678,26595,3,8
"Sign Top","Calibri",195511,232748,37237,1,8
"Sign Bottom","Cambria",103954,123149,19195,4,9
"Sign Bottom","Calibri",89045,110959,21914,5,9
"Sign Top","Calibri",38865,84662,45797,5,2
"Sign Top","Cambria",96484,143678,47194,4,8
"Sign Top","Cambria",106208,146728,40520,8,8
"Sign Top","Cambria",74657,78005,3348,7,5
"Sign Bottom","Calibri",50,628,578,0,8
"Sign Top","Cambria",90752,131187,40435,2,7
"Sign Top","Calibri",134657,145092,10435,7,2
"Sign Top","Calibri",150,20438,20288,0,8
"Sign Top","Calibri",90600,98957,8357,0,7
"Sign Top","Calibri",150000,178518,28518,0,8
"Sign Bottom","Cambria",126651,153778,27127,1,8
"Sign Top","Calibri",111000,140662,29662,0,2
"Sign Bottom","Calibri",17098,33513,16415,8,3
"Sign Top","Cambria",77364,94055,16691,4,5
"Sign Top","Cambria",72230,80255,8025,0,5
"Sign Bottom","Calibri",43805,89455,45650,5,5
"Sign Top","Calibri",30784,67708,36924,4,8
"Sign Top","Calibri",83481,126791,43310,1,1
"Sign Top","Cambria",78061,110114,32053,1,4
"Sign Bottom","Cambria",121860,167616,45756,0,6
"Sign Bottom","Cambria",135910,172510,36600,0,0
"Sign Bottom","Cambria",102143,120042,17899,3,2
"Sign Top","Cambria",107314,113529,6215,4,9
"Sign Bottom","Cambria",61458,79370,17912,8,0
"Sign Bottom","Cambria",50444,61184,10740,4,4
"Sign Bottom","Cambria",70148,71205,1057,8,5
"Sign Top","Calibri",75334,116846,41512,4,6
"Sign Top","Cambria",493,31797,31304,3,7
"Sign Top","Calibri",192723,225670,32947,3,0
"Sign Top","Cambria",56292,88157,31865,2,7
"Sign Top","Calibri",134000,175268,41268,0,8
"Sign Bottom","Cambria",52576,93565,40989,6,5
"Sign Bottom","Cambria",86865,135432,48567,5,2
"Sign Top","Cambria",18267,32149,13882,7,9
"Sign Bottom","Calibri",23960,31281,7321,0,1
"Sign Top","Cambria",61781,89578,27797,1,8
"Sign Top","Calibri",38604,85277,46673,4,7
"Sign Top","Cambria",50926,83168,32242,6,8
"Sign Bottom","Cambria",66559,83698,17139,9,8
"Sign Top","Calibri",71753,110163,38410,3,3
"Sign Top","Calibri",22000,50081,28081,0,1
"Sign Bottom","Calibri",85104,92378,7274,4,8
"Sign Bottom","Calibri",60259,84596,24337,9,6
"Sign Top","Cambria",170,27057,26887,0,7
"Sign Top","Calibri",4200,35807,31607,0,7
"Sign Top","Calibri",48000,73246,25246,0,6
"Sign Top","Calibri",43868,43977,109,8,7
"Sign Top","Cambria",15575,33396,17821,5,6
"Sign Bottom","Cambria",65964,99536,33572,4,6
"Sign Bottom","Cambria",5810,24930,19120,0,0
"Sign Bottom","Cambria",56560,76923,20363,0,3
"Sign Top","Cambria",131712,175494,43782,2,4
"Sign Top","Cambria",6442,22811,16369,2,1
"Sign Bottom","Calibri",187572,204973,17401,2,3
"Sign Bottom","Calibri",64945,79348,14403,5,8
"Sign Top","Calibri",126000,158933,32933,0,3
"Sign Bottom","Calibri",70000,75998,5998,0,8
"Sign Top","Calibri",28000,63416,35416,0,6
"Sign Bottom","Cambria",187378,197134,9756,8,4
"Sign Bottom","Cambria",17099,58155,41056,9,5
"Sign Top","Calibri",84533,100186,15653,3,6
"Sign Top","Calibri",146368,195462,49094,8,2
"Sign Bottom","Calibri",74954,90678,15724,4,8
"Sign Top","Calibri",90000,114334,24334,0,4
"Sign Bottom","Calibri",35000,69272,34272,0,2
"Sign Top","Cambria",45951,52605,6654,1,5
"Sign Bottom","Cambria",179549,192017,12468,9,7
"Sign Top","Cambria",8733,54251,45518,3,1
"Sign Top","Cambria",80022,80860,838,2,0
"Sign Top","Calibri",114000,159201,45201,0,1
"Sign Top","Cambria",98087,126349,28262,7,9
"Sign Bottom","Calibri",92117,140939,48822,7,9
"Sign Bottom","Cambria",83607,97755,14148,7,5
"Sign Bottom","Calibri",58743,82834,24091,3,4
"Sign Top","Calibri",120000,139513,19513,0,3
"Sign Bottom","Calibri",138641,181907,43266,1,7
"Sign Top","Cambria",85379,102166,16787,9,6
"Sign Top","Cambria",116821,130554,13733,1,4
"Sign Bottom","Cambria",164371,175105,10734,1,5
"Sign Bottom","Cambria",30888,43882,12994,8,2
"Sign Bottom","Calibri",102295,121675,19380,5,5
"Sign Top","Cambria",62235,88380,26145,5,0
"Sign Bottom","Calibri",71848,112979,41131,8,9
"Sign Top","Cambria",42731,60958,18227,1,8
"Sign Bottom","Cambria",53922,80655,26733,2,5
"Sign Top","Calibri",16000,29531,13531,0,1
"Sign Bottom","Cambria",66028,82699,16671,8,9
"Sign Bottom","Cambria",54569,84704,30135,9,4
"Sign Top","Calibri",50600,64435,13835,0,5
"Sign Bottom","Cambria",52652,86349,33697,2,9
"Sign Bottom","Cambria",9237,46702,37465,7,2
"Sign Bottom","Calibri",5102,15087,9985,2,7
"Sign Bottom","Calibri",48973,54623,5650,3,3
"Sign Top","Calibri",20,31609,31589,0,9
"Sign Top","Cambria",356,21982,21626,6,2
"Sign Bottom","Calibri",262590,306461,43871,0,1
"Sign Bottom","Calibri",4298,27690,23392,8,0
"Sign Top","Cambria",114457,145112,30655,7,2
"Sign Top","Cambria",34118,83064,48946,8,4
"Sign Top","Calibri",1e+05,135562,35562,0,2
"Sign Bottom","Cambria",2404,45931,43527,4,1
"Sign Top","Cambria",50478,82788,32310,8,8
"Sign Bottom","Cambria",52496,88294,35798,6,4
"Sign Bottom","Calibri",44288,87801,43513,8,1
"Sign Bottom","Cambria",79584,118344,38760,4,4
"Sign Bottom","Calibri",39600,52061,12461,0,1
"Sign Top","Cambria",3257,9699,6442,7,9
"Sign Top","Calibri",15500,25946,10446,0,6
"Sign Bottom","Cambria",45252,71210,25958,2,0
"Sign Top","Cambria",80372,103581,23209,2,1
"Sign Top","Cambria",152424,172130,19706,4,0
"Sign Top","Cambria",91746,94290,2544,6,0
"Sign Top","Calibri",23473,63236,39763,3,6
"Sign Bottom","Cambria",207560,208237,677,0,7
"Sign Top","Cambria",56775,98505,41730,5,5
"Sign Bottom","Cambria",154277,204259,49982,7,9
"Sign Top","Calibri",153900,196091,42191,0,1
"Sign Bottom","Cambria",87920,124399,36479,0,9
"Sign Top","Cambria",80559,93597,13038,9,7
"Sign Bottom","Cambria",71099,106827,35728,9,7
"Sign Bottom","Cambria",46696,59797,13101,6,7
"Sign Top","Calibri",44000,45076,1076,0,6
"Sign Bottom","Cambria",139487,143507,4020,7,7
"Sign Top","Cambria",52744,102250,49506,4,0
"Sign Bottom","Cambria",31954,41390,9436,4,0
"Sign Bottom","Cambria",117425,137180,19755,5,0
"Sign Top","Calibri",97001,102826,5825,1,6
"Sign Top","Calibri",161433,210959,49526,3,9
"Sign Bottom","Calibri",71623,72143,520,3,3
"Sign Bottom","Calibri",90766,134851,44085,6,1
"Sign Top","Calibri",31733,54289,22556,3,9
"Sign Top","Calibri",30970,54485,23515,0,5
"Sign Bottom","Calibri",28937,76628,47691,7,8
"Sign Top","Calibri",43796,47747,3951,6,7
"Sign Top","Cambria",94051,103912,9861,1,2
"Sign Bottom","Calibri",169890,212294,42404,0,4
"Sign Bottom","Calibri",810,22402,21592,0,2
"Sign Top","Calibri",93108,113522,20414,8,2
"Sign Bottom","Cambria",17322,51445,34123,2,5
"Sign Top","Calibri",140000,140245,245,0,5
"Sign Top","Cambria",82182,99305,17123,2,5
"Sign Bottom","Calibri",88256,90594,2338,6,4
"Sign Top","Cambria",72785,94653,21868,5,3
"Sign Top","Calibri",0,36070,36070,0,0
"Sign Top","Cambria",105487,142881,37394,7,1
"Sign Top","Calibri",95000,95607,607,0,7
"Sign Top","Calibri",251,12303,12052,1,3
"Sign Top","Calibri",110307,127273,16966,7,3
"Sign Bottom","Cambria",20742,21992,1250,2,2
"Sign Top","Cambria",299,29769,29470,9,9
"Sign Bottom","Cambria",93132,106466,13334,2,6
"Sign Top","Calibri",33896,48753,14857,6,3
"Sign Top","Calibri",0,38528,38528,0,8
"Sign Top","Cambria",19462,66764,47302,2,4
"Sign Top","Cambria",153935,181962,28027,5,2
"Sign Bottom","Calibri",50200,51568,1368,0,8
"Sign Top","Cambria",55279,82731,27452,9,1
"Sign Top","Cambria",41446,55747,14301,6,7
"Sign Top","Calibri",94000,126521,32521,0,1
"Sign Bottom","Cambria",98354,109177,10823,4,7
"Sign Bottom","Cambria",16601,17160,559,1,0
"Sign Top","Cambria",63168,68504,5336,8,4
"Sign Bottom","Calibri",19666,39764,20098,6,4
"Sign Top","Calibri",72000,101652,29652,0,2
"Sign Top","Calibri",13,8018,8005,3,8
"Sign Top","Calibri",19976,61185,41209,6,5
"Sign Top","Cambria",5725,47990,42265,5,0
"Sign Bottom","Cambria",102579,150656,48077,9,6
"Sign Bottom","Cambria",69105,72476,3371,5,6
"Sign Top","Calibri",60290,104158,43868,0,8
"Sign Bottom","Cambria",126576,173577,47001,6,7
"Sign Top","Cambria",39187,60181,20994,7,1
"Sign Bottom","Calibri",687,33083,32396,7,3
"Sign Bottom","Cambria",161345,171831,10486,5,1
"Sign Bottom","Cambria",69925,79655,9730,5,5
"Sign Bottom","Cambria",196930,217448,20518,0,8
"Sign Bottom","Calibri",144428,148404,3976,8,4
"Sign Bottom","Cambria",70558,71079,521,8,9
"Sign Top","Calibri",102647,143457,40810,7,7
"Sign Top","Calibri",146474,178151,31677,4,1
"Sign Top","Calibri",121043,131570,10527,3,0
"Sign Top","Calibri",26500,71831,45331,0,1
"Sign Bottom","Calibri",23208,36307,13099,8,7
"Sign Top","Calibri",203,46338,46135,3,8
"Sign Bottom","Cambria",81258,92174,10916,8,4
"Sign Top","Cambria",22604,69509,46905,4,9
"Sign Top","Cambria",22676,25845,3169,6,5
"Sign Top","Cambria",80834,113103,32269,4,3
"Sign Top","Calibri",112000,158193,46193,0,3
"Sign Top","Cambria",34631,49478,14847,1,8
"Sign Bottom","Cambria",103471,117251,13780,1,1
"Sign Bottom","Cambria",179820,180508,688,0,8
"Sign Bottom","Calibri",17779,53819,36040,9,9
"Sign Top","Cambria",26093,49557,23464,3,7
"Sign Bottom","Calibri",149251,161475,12224,1,5
"Sign Bottom","Cambria",72787,87205,14418,7,5
"Sign Bottom","Cambria",19863,63824,43961,3,4
"Sign Bottom","Cambria",166410,175938,9528,0,8
"Sign Bottom","Cambria",115193,142446,27253,3,6
"Sign Bottom","Cambria",135048,169679,34631,8,9
"Sign Bottom","Cambria",45994,50995,5001,4,5
"Sign Top","Cambria",105462,134088,28626,2,8
"Sign Bottom","Cambria",8536,11357,2821,6,7
"Sign Bottom","Cambria",113741,125004,11263,1,4
"Sign Bottom","Cambria",51638,83681,32043,8,1
"Sign Top","Cambria",108091,134314,26223,1,4
"Sign Bottom","Calibri",39287,78789,39502,7,9
"Sign Bottom","Cambria",44145,68972,24827,5,2
"Sign Bottom","Cambria",76911,93281,16370,1,1
"Sign Top","Calibri",200,5728,5528,0,8
"Sign Bottom","Cambria",94270,95938,1668,0,8
"Sign Bottom","Calibri",100955,137431,36476,5,1
"Sign Bottom","Calibri",112685,136518,23833,5,8
"Sign Top","Calibri",32506,52673,20167,6,3
"Sign Top","Calibri",60000,69316,9316,0,6
"Sign Bottom","Cambria",55402,66271,10869,2,1
"Sign Top","Cambria",28782,63260,34478,2,0
"Sign Top","Cambria",5324,47466,42142,4,6
"Sign Top","Cambria",54712,75083,20371,2,3
"Sign Bottom","Calibri",46000,47466,1466,0,6
"Sign Top","Calibri",38890,69960,31070,0,0
"Sign Top","Calibri",58483,91130,32647,3,0
"Sign Top","Calibri",118393,166462,48069,3,2
"Sign Bottom","Cambria",61647,109335,47688,7,5
"Sign Bottom","Cambria",62689,89496,26807,9,6
"Sign Bottom","Calibri",70984,98065,27081,4,5
"Sign Bottom","Cambria",72504,99093,26589,4,3
"Sign Bottom","Calibri",50006,60699,10693,6,9
"Sign Bottom","Calibri",172792,201930,29138,2,0
"Sign Top","Calibri",115000,123360,8360,0,0
"Sign Top","Calibri",2250,47722,45472,0,2
"Sign Bottom","Cambria",81377,96879,15502,7,9
"Sign Top","Cambria",25144,45392,20248,4,2
"Sign Bottom","Cambria",328981,363032,34051,1,2
"Sign Bottom","Cambria",35409,40425,5016,9,5
"Sign Bottom","Cambria",151111,167524,16413,1,4
"Sign Bottom","Calibri",181,11736,11555,1,6
"Sign Bottom","Cambria",48838,62047,13209,8,7
"Sign Top","Calibri",45000,45585,585,0,5
"Sign Bottom","Calibri",7240,11774,4534,0,4
"Sign Top","Calibri",26616,70690,44074,6,0
"Sign Bottom","Calibri",63524,77835,14311,4,5
"Sign Top","Calibri",34114,56774,22660,4,4
"Sign Top","Cambria",71789,87134,15345,9,4
"Sign Top","Cambria",23149,57409,34260,9,9
"Sign Top","Cambria",30272,35887,5615,2,7
"Sign Bottom","Cambria",72306,112358,40052,6,8
"Sign Bottom","Cambria",59010,87722,28712,0,2
"Sign Top","Cambria",77224,112470,35246,4,0
"Sign Top","Cambria",40816,46349,5533,6,9
"Sign Top","Cambria",87479,87751,272,9,1
"Sign Bottom","Cambria",65015,100042,35027,5,2
"Sign Bottom","Calibri",30473,38562,8089,3,2
"Sign Top","Cambria",33535,60978,27443,5,8
"Sign Top","Cambria",10645,44383,33738,5,3
"Sign Top","Calibri",10,16865,16855,0,5
"Sign Top","Cambria",128640,144446,15806,0,6
"Sign Top","Calibri",53600,100278,46678,0,8
"Sign Bottom","Cambria",47150,49676,2526,0,6
"Sign Top","Calibri",54000,60288,6288,0,8
"Sign Bottom","Calibri",87977,135367,47390,7,7
"Sign Top","Calibri",43987,74220,30233,7,0
"Sign Top","Calibri",42111,53300,11189,1,0
"Sign Top","Calibri",4600,40766,36166,0,6
"Sign Top","Calibri",15590,60967,45377,0,7
"Sign Top","Calibri",54000,89729,35729,0,9
"Sign Top","Calibri",71000,120445,49445,0,5
"Sign Top","Calibri",23448,66793,43345,8,3
"Sign Bottom","Calibri",26135,41166,15031,5,6
"Sign Top","Cambria",69366,75287,5921,6,7
"Sign Bottom","Calibri",103506,132148,28642,6,8
"Sign Top","Calibri",45480,69969,24489,0,9
"Sign Bottom","Cambria",20830,37657,16827,0,7
"Sign Bottom","Calibri",15206,55026,39820,6,6
"Sign Bottom","Calibri",8965,10011,1046,5,1
"Sign Bottom","Calibri",61559,104144,42585,9,4
"Sign Top","Calibri",65000,84608,19608,0,8
"Sign Bottom","Cambria",67579,80962,13383,9,2
"Sign Bottom","Cambria",20893,36446,15553,3,6
"Sign Bottom","Cambria",206901,237007,30106,1,7
"Sign Bottom","Cambria",27520,30939,3419,0,9
"Sign Bottom","Calibri",113966,162738,48772,6,8
"Sign Top","Calibri",25,17921,17896,5,1
"Sign Top","Calibri",70288,108824,38536,8,4
"Sign Top","Cambria",60229,81183,20954,9,3
"Sign Bottom","Calibri",115252,154022,38770,2,2
"Sign Bottom","Cambria",27737,60404,32667,7,4
"Sign Bottom","Cambria",150868,180622,29754,8,2
"Sign Top","Calibri",11999,18983,6984,9,3
"Sign Top","Cambria",9637,12367,2730,7,7
"Sign Top","Cambria",65051,90252,25201,1,2
"Sign Bottom","Calibri",12,42,30,2,2
"Sign Top","Calibri",9500,24264,14764,0,4
"Sign Top","Cambria",35802,80667,44865,2,7
"Sign Bottom","Cambria",94154,122761,28607,4,1
"Sign Bottom","Calibri",4700,16298,11598,0,8
"Sign Top","Cambria",10857,39928,29071,7,8
"Sign Top","Cambria",5797,43118,37321,7,8
"Sign Bottom","Cambria",17335,63645,46310,5,5
"Sign Bottom","Cambria",148818,196899,48081,8,9
"Sign Top","Cambria",9708,33330,23622,8,0
"Sign Bottom","Cambria",37777,51871,14094,7,1
"Sign Top","Calibri",32649,38363,5714,9,3
"Sign Bottom","Calibri",130906,151770,20864,6,0
"Sign Top","Calibri",44,41975,41931,4,5
"Sign Top","Cambria",515,38924,38409,5,4
"Sign Bottom","Cambria",149216,163605,14389,6,5
"Sign Bottom","Cambria",22780,49359,26579,0,9
"Sign Top","Calibri",171977,206326,34349,7,6
"Sign Top","Calibri",66000,95367,29367,0,7
"Sign Bottom","Calibri",1400,49328,47928,0,8
"Sign Bottom","Calibri",83769,108439,24670,9,9
"Sign Top","Cambria",250928,298336,47408,8,6
"Sign Top","Cambria",19039,62832,43793,9,2
"Sign Top","Cambria",200454,207436,6982,4,6
"Sign Bottom","Cambria",84263,102044,17781,3,4
"Sign Top","Cambria",76960,126068,49108,0,8
"Sign Bottom","Calibri",42426,74024,31598,6,4
"Sign Bottom","Calibri",56142,92044,35902,2,4
"Sign Top","Calibri",92000,138686,46686,0,6
"Sign Top","Calibri",99657,121563,21906,7,3
"Sign Top","Calibri",32113,72665,40552,3,5
"Sign Top","Calibri",190000,233728,43728,0,8
"Sign Bottom","Cambria",54728,70652,15924,8,2
"Sign Top","Calibri",91300,106223,14923,0,3
"Sign Top","Calibri",118345,147496,29151,5,6
"Sign Top","Calibri",32200,36042,3842,0,2
"Sign Bottom","Cambria",90136,108040,17904,6,0
"Sign Top","Cambria",51286,86980,35694,6,0
"Sign Bottom","Cambria",131501,147899,16398,1,9
"Sign Bottom","Cambria",76782,115748,38966,2,8
"Sign Bottom","Cambria",43317,87476,44159,7,6
"Sign Bottom","Cambria",39613,55314,15701,3,4
"Sign Bottom","Calibri",183881,222738,38857,1,8
"Sign Bottom","Calibri",42219,52305,10086,9,5
"Sign Bottom","Cambria",88133,94894,6761,3,4
"Sign Bottom","Cambria",70100,119041,48941,0,1
"Sign Top","Cambria",64173,113854,49681,3,4
"Sign Top","Calibri",13321,31588,18267,1,8
"Sign Bottom","Calibri",71351,113894,42543,1,4
"Sign Top","Cambria",60003,106962,46959,3,2
"Sign Bottom","Calibri",117244,144828,27584,4,8
"Sign Bottom","Cambria",14824,24543,9719,4,3
"Sign Bottom","Cambria",217127,238591,21464,7,1
"Sign Top","Cambria",582,32795,32213,2,5
"Sign Top","Calibri",44500,90319,45819,0,9
"Sign Top","Calibri",210,42043,41833,0,3
"Sign Bottom","Calibri",50032,84689,34657,2,9
"Sign Bottom","Calibri",10017,29847,19830,7,7
"Sign Top","Calibri",8700,29152,20452,0,2
"Sign Top","Cambria",9910,53006,43096,0,6
"Sign Bottom","Calibri",68239,87293,19054,9,3
"Sign Top","Cambria",413,16311,15898,3,1
"Sign Top","Cambria",69288,81915,12627,8,5
"Sign Top","Calibri",54845,59989,5144,5,9
"Sign Bottom","Cambria",12979,22570,9591,9,0
"Sign Top","Cambria",20272,46405,26133,2,5
"Sign Top","Cambria",45389,68657,23268,9,7
"Sign Top","Cambria",42769,80849,38080,9,9
"Sign Bottom","Cambria",138360,185437,47077,0,7
"Sign Top","Calibri",60000,91959,31959,0,9
"Sign Bottom","Cambria",88836,133078,44242,6,8
"Sign Bottom","Cambria",60611,99800,39189,1,0
"Sign Top","Cambria",146290,173269,26979,0,9
"Sign Bottom","Cambria",103678,127820,24142,8,0
"Sign Bottom","Cambria",59810,101641,41831,0,1
"Sign Bottom","Cambria",35053,43134,8081,3,4
"Sign Bottom","Cambria",123463,165069,41606,3,9
"Sign Bottom","Cambria",82059,97617,15558,9,7
"Sign Bottom","Calibri",111000,132340,21340,0,0
"Sign Bottom","Calibri",119793,129562,9769,3,2
"Sign Bottom","Cambria",74281,85279,10998,1,9
"Sign Bottom","Calibri",67319,83385,16066,9,5
"Sign Top","Cambria",12923,38636,25713,3,6
"Sign Top","Cambria",225047,251342,26295,7,2
"Sign Top","Cambria",5111,46603,41492,1,3
"Sign Bottom","Calibri",93419,132613,39194,9,3
"Sign Top","Cambria",94504,133622,39118,4,2
"Sign Bottom","Calibri",209287,238232,28945,7,2
"Sign Top","Calibri",37000,59317,22317,0,7
"Sign Top","Calibri",15000,42162,27162,0,2
"Sign Top","Cambria",58668,97663,38995,8,3
"Sign Top","Calibri",22,2783,2761,2,3
"Sign Bottom","Calibri",131320,153703,22383,0,3
"Sign Bottom","Cambria",83470,115795,32325,0,5
"Sign Bottom","Cambria",262645,274829,12184,5,9
"Sign Bottom","Cambria",194481,202632,8151,1,2
"Sign Bottom","Calibri",31096,59716,28620,6,6
"Sign Top","Cambria",10946,23834,12888,6,4
"Sign Bottom","Calibri",97902,129829,31927,2,9
"Sign Bottom","Calibri",38442,38776,334,2,6
"Sign Bottom","Cambria",5266,12971,7705,6,1
"Sign Top","Cambria",79531,99323,19792,1,3
"Sign Top","Cambria",19963,24204,4241,3,4
"Sign Bottom","Cambria",112602,150006,37404,2,6
"Sign Bottom","Calibri",105127,110142,5015,7,2
"Sign Top","Calibri",9,48726,48717,9,6
"Sign Top","Cambria",4721,51270,46549,1,0
"Sign Bottom","Cambria",103016,151404,48388,6,4
"Sign Bottom","Cambria",1668,36256,34588,8,6
"Sign Bottom","Cambria",38912,72103,33191,2,3
"Sign Bottom","Calibri",58754,87943,29189,4,3
"Sign Top","Cambria",109176,142140,32964,6,0
"Sign Top","Calibri",167266,178226,10960,6,6
"Sign Bottom","Cambria",72479,72603,124,9,3
"Sign Bottom","Calibri",200531,225976,25445,1,6
"Sign Bottom","Cambria",19565,63658,44093,5,8
"Sign Top","Calibri",25092,51454,26362,2,4
"Sign Bottom","Calibri",37940,59774,21834,0,4
"Sign Bottom","Calibri",73816,110568,36752,6,8
"Sign Top","Cambria",51604,80727,29123,4,7
"Sign Bottom","Cambria",178845,202394,23549,5,4
"Sign Top","Cambria",100860,139476,38616,0,6
"Sign Top","Calibri",72000,117738,45738,0,8
"Sign Bottom","Cambria",138310,163181,24871,0,1
"Sign Top","Cambria",172175,177957,5782,5,7
"Sign Top","Calibri",95000,108423,13423,0,3
"Sign Bottom","Cambria",72678,76807,4129,8,7
"Sign Bottom","Cambria",96337,116003,19666,7,3
"Sign Bottom","Cambria",1012,32192,31180,2,2
"Sign Bottom","Calibri",76770,110418,33648,0,8
"Sign Top","Calibri",110000,116598,6598,0,8
"Sign Bottom","Cambria",43318,59323,16005,8,3
"Sign Bottom","Cambria",59405,103224,43819,5,4
"Sign Top","Cambria",75343,119565,44222,3,5
"Sign Top","Cambria",161445,179130,17685,5,0
"Sign Top","Calibri",16720,21190,4470,0,0
"Sign Bottom","Cambria",41633,66170,24537,3,0
"Sign Top","Cambria",2203,5025,2822,3,5
"Sign Bottom","Cambria",735965,778492,42527,5,2
"Sign Bottom","Calibri",56449,58697,2248,9,7
"Sign Bottom","Cambria",9404,26680,17276,4,0
"Sign Bottom","Cambria",56355,99399,43044,5,9
"Sign Top","Calibri",24189,54574,30385,9,4
"Sign Top","Cambria",60178,75777,15599,8,7
"Sign Bottom","Calibri",36621,49449,12828,1,9
"Sign Top","Calibri",500,14810,14310,0,0
"Sign Top","Cambria",88690,136308,47618,0,8
"Sign Bottom","Calibri",53111,72293,19182,1,3
"Sign Top","Calibri",42779,54732,11953,9,2
"Sign Bottom","Calibri",1850,21372,19522,0,2
"Sign Top","Calibri",83000,109687,26687,0,7
"Sign Top","Cambria",73577,106116,32539,7,6
"Sign Bottom","Calibri",65239,89409,24170,9,9
"Sign Bottom","Cambria",102187,113007,10820,7,7
"Sign Top","Cambria",55547,59810,4263,7,0
"Sign Top","Cambria",37320,42245,4925,0,5
"Sign Bottom","Cambria",97774,115017,17243,4,7
"Sign Top","Calibri",25000,61366,36366,0,6
"Sign Top","Cambria",83234,86972,3738,4,2
"Sign Bottom","Calibri",71692,95415,23723,2,5
"Sign Top","Calibri",71970,120566,48596,0,6
"Sign Bottom","Calibri",118518,166395,47877,8,5
"Sign Bottom","Calibri",20600,66619,46019,0,9
"Sign Bottom","Cambria",24773,42133,17360,3,3
"Sign Bottom","Cambria",20894,35820,14926,4,0
"Sign Bottom","Cambria",45576,49403,3827,6,3
"Sign Bottom","Calibri",164200,194735,30535,0,5
"Sign Bottom","Calibri",44147,54834,10687,7,4
"Sign Top","Cambria",995,6587,5592,5,7
"Sign Bottom","Calibri",121904,167721,45817,4,1
"Sign Bottom","Calibri",22891,62785,39894,1,5
"Sign Top","Cambria",20953,30043,9090,3,3
"Sign Bottom","Cambria",25199,51061,25862,9,1
"Sign Top","Calibri",161741,173815,12074,1,5
"Sign Bottom","Cambria",23782,70773,46991,2,3
"Sign Bottom","Cambria",178671,188114,9443,1,4
"Sign Top","Calibri",250,5520,5270,0,0
"Sign Top","Cambria",102180,105382,3202,0,2
"Sign Top","Calibri",25,20732,20707,5,2
"Sign Bottom","Cambria",67043,77189,10146,3,9
"Sign Bottom","Cambria",30914,75483,44569,4,3
"Sign Top","Cambria",351,39967,39616,1,7
"Sign Top","Cambria",167452,199690,32238,2,0
"Sign Top","Calibri",55000,103114,48114,0,4
"Sign Top","Calibri",189,48693,48504,9,3
"Sign Top","Calibri",200,7189,6989,0,9
"Sign Top","Cambria",34226,71064,36838,6,4
"Sign Top","Cambria",13510,41837,28327,0,7
"Sign Top","Calibri",18443,36171,17728,3,1
"Sign Top","Cambria",239173,285299,46126,3,9
"Sign Top","Cambria",5935,8627,2692,5,7
"Sign Bottom","Cambria",4250,51283,47033,0,3
"Sign Bottom","Cambria",101474,124899,23425,4,9
"Sign Top","Cambria",12156,17185,5029,6,5
"Sign Bottom","Calibri",9450,54293,44843,0,3
"Sign Bottom","Cambria",39549,87348,47799,9,8
"Sign Top","Calibri",52679,64001,11322,9,1
"Sign Bottom","Calibri",107211,147106,39895,1,6
"Sign Bottom","Cambria",45732,67894,22162,2,4
"Sign Bottom","Cambria",82067,95623,13556,7,3
"Sign Top","Cambria",83019,119959,36940,9,9
"Sign Bottom","Cambria",153078,159939,6861,8,9
"Sign Bottom","Calibri",94667,136470,41803,7,0
"Sign Bottom","Cambria",33802,74050,40248,2,0
"Sign Bottom","Cambria",67352,82268,14916,2,8
"Sign Bottom","Cambria",106623,152412,45789,3,2
"Sign Top","Cambria",100414,130523,30109,4,3
"Sign Top","Calibri",97500,126256,28756,0,6
"Sign Bottom","Cambria",39403,65960,26557,3,0
"Sign Top","Calibri",70000,72593,2593,0,3
"Sign Bottom","Calibri",36625,49459,12834,5,9
"Sign Top","Calibri",167000,170978,3978,0,8
"Sign Top","Calibri",0,12244,12244,0,4
"Sign Top","Calibri",4902,38762,33860,2,2
"Sign Top","Calibri",86332,90371,4039,2,1
"Sign Bottom","Cambria",170953,197434,26481,3,4
"Sign Bottom","Calibri",9240,41300,32060,0,0
"Sign Bottom","Calibri",101501,128553,27052,1,3
"Sign Top","Calibri",7,21802,21795,7,2
"Sign Bottom","Calibri",131427,150556,19129,7,6
"Sign Top","Cambria",45898,58964,13066,8,4
"Sign Bottom","Calibri",56956,76640,19684,6,0
"Sign Top","Calibri",154753,180050,25297,3,0
"Sign Bottom","Calibri",81720,106746,25026,0,6
"Sign Bottom","Calibri",121816,125742,3926,6,2
"Sign Bottom","Calibri",125737,162140,36403,7,0
"Sign Bottom","Cambria",99206,123180,23974,6,0
"Sign Top","Cambria",11288,32841,21553,8,1
"Sign Bottom","Cambria",54202,69418,15216,2,8
"Sign Bottom","Calibri",124127,142732,18605,7,2
"Sign Top","Cambria",190310,219125,28815,0,5
"Sign Top","Cambria",53960,84474,30514,0,4
"Sign Bottom","Cambria",92277,118265,25988,7,5
"Sign Bottom","Calibri",200400,246551,46151,0,1
"Sign Bottom","Cambria",158534,188086,29552,4,6
"Sign Top","Calibri",60000,71245,11245,0,5
"Sign Bottom","Cambria",60350,68378,8028,0,8
"Sign Top","Cambria",7031,25234,18203,1,4
"Sign Top","Cambria",72347,78269,5922,7,9
"Sign Bottom","Cambria",74523,84047,9524,3,7
"Sign Top","Calibri",11964,29037,17073,4,7
"Sign Bottom","Calibri",122306,135546,13240,6,6
"Sign Top","Calibri",124350,140653,16303,0,3
"Sign Top","Calibri",11,38484,38473,1,4
"Sign Bottom","Calibri",182657,194979,12322,7,9
"Sign Top","Calibri",55054,85402,30348,4,2
"Sign Top","Cambria",26691,71357,44666,1,7
"Sign Top","Calibri",69233,113471,44238,3,1
"Sign Top","Calibri",26000,70613,44613,0,3
"Sign Top","Calibri",2,16053,16051,2,3
"Sign Bottom","Cambria",72401,103148,30747,1,8
"Sign Top","Calibri",53679,72107,18428,9,7
"Sign Bottom","Calibri",10056,17053,6997,6,3
"Sign Top","Cambria",244,40281,40037,4,1
"Sign Top","Calibri",75000,79387,4387,0,7
"Sign Bottom","Cambria",206760,221598,14838,0,8
"Sign Bottom","Calibri",113529,144526,30997,9,6
"Sign Bottom","Calibri",42270,49434,7164,0,4
"Sign Top","Calibri",0,37720,37720,0,0
"Sign Top","Cambria",117185,147761,30576,5,1
"Sign Top","Cambria",150675,171570,20895,5,0
"Sign Bottom","Calibri",101262,130765,29503,2,5
"Sign Bottom","Cambria",73334,78973,5639,4,3
"Sign Bottom","Calibri",206396,253210,46814,6,0
"Sign Top","Cambria",737,15092,14355,7,2
"Sign Bottom","Calibri",30,12165,12135,0,5
"Sign Bottom","Cambria",59857,69852,9995,7,2
"Sign Bottom","Cambria",208134,218454,10320,4,4
"Sign Top","Calibri",31767,71943,40176,7,3
"Sign Bottom","Cambria",143547,164843,21296,7,3
"Sign Top","Calibri",28889,70621,41732,9,1
"Sign Bottom","Calibri",186840,201835,14995,0,5
"Sign Bottom","Cambria",39534,53625,14091,4,5
"Sign Top","Cambria",115731,116853,1122,1,3
"Sign Bottom","Calibri",33056,53611,20555,6,1
"Sign Bottom","Cambria",20423,48104,27681,3,4
"Sign Top","Cambria",59183,94194,35011,3,4
"Sign Bottom","Cambria",61102,101714,40612,2,4
"Sign Top","Cambria",723,32130,31407,3,0
"Sign Top","Cambria",118217,134771,16554,7,1
"Sign Bottom","Cambria",99067,144409,45342,7,9
"Sign Top","Calibri",13000,40931,27931,0,1
"Sign Top","Calibri",31,7884,7853,1,4
"Sign Top","Calibri",116000,149887,33887,0,7
"Sign Top","Cambria",143353,168410,25057,3,0
"Sign Top","Calibri",13460,45472,32012,0,2
"Sign Bottom","Calibri",179521,194859,15338,1,9
"Sign Top","Calibri",94,19426,19332,4,6
"Sign Top","Cambria",62900,76511,13611,0,1
"Sign Bottom","Cambria",5225,31704,26479,5,4
"Sign Bottom","Calibri",102595,146726,44131,5,6
"Sign Top","Calibri",7000,46020,39020,0,0
"Sign Bottom","Calibri",152456,196291,43835,6,1
"Sign Top","Calibri",42548,89811,47263,8,1
"Sign Bottom","Cambria",172263,203087,30824,3,7
"Sign Top","Cambria",89625,138136,48511,5,6
"Sign Top","Calibri",100,41700,41600,0,0
"Sign Top","Calibri",2319,8648,6329,9,8
"Sign Top","Calibri",101446,143245,41799,6,5
"Sign Top","Cambria",33188,64647,31459,8,7
"Sign Top","Calibri",92513,115416,22903,3,6
"Sign Top","Calibri",25000,26730,1730,0,0
"Sign Top","Calibri",2931,27368,24437,1,8
"Sign Top","Calibri",45000,52762,7762,0,2
"Sign Bottom","Calibri",293133,311313,18180,3,3
"Sign Bottom","Cambria",163695,170884,7189,5,4
"Sign Bottom","Cambria",80911,121295,40384,1,5
"Sign Bottom","Cambria",28488,38198,9710,8,8
"Sign Bottom","Calibri",21446,24268,2822,6,8
"Sign Top","Cambria",83582,130253,46671,2,3
"Sign Bottom","Calibri",55530,65667,10137,0,7
"Sign Bottom","Calibri",104786,134876,30090,6,6
"Sign Bottom","Calibri",108195,139397,31202,5,7
"Sign Top","Cambria",127871,159332,31461,1,2
"Sign Top","Cambria",99108,139601,40493,8,1
"Sign Bottom","Calibri",128410,130734,2324,0,4
"Sign Top","Calibri",29609,45914,16305,9,4
"Sign Top","Cambria",141470,162490,21020,0,0
"Sign Bottom","Calibri",38620,65374,26754,0,4
"Sign Top","Calibri",8000,54693,46693,0,3
"Sign Top","Cambria",20760,62833,42073,0,3
"Sign Top","Cambria",22954,63405,40451,4,5
"Sign Bottom","Calibri",114894,124186,9292,4,6
"Sign Top","Cambria",33499,79410,45911,9,0
"Sign Top","Cambria",100167,121052,20885,7,2
"Sign Bottom","Cambria",42745,44349,1604,5,9
"Sign Bottom","Cambria",122864,132374,9510,4,4
"Sign Bottom","Calibri",29979,33115,3136,9,5
"Sign Bottom","Cambria",72349,84880,12531,9,0
"Sign Bottom","Cambria",9416,27000,17584,6,0
"Sign Bottom","Cambria",799,28325,27526,9,5
"Sign Top","Cambria",111773,157841,46068,3,1
"Sign Bottom","Cambria",39716,57015,17299,6,5
"Sign Top","Cambria",16649,45159,28510,9,9
"Sign Bottom","Calibri",66582,83153,16571,2,3
"Sign Bottom","Calibri",180951,224070,43119,1,0
"Sign Bottom","Calibri",137200,171885,34685,0,5
"Sign Bottom","Calibri",27422,35295,7873,2,5
"Sign Top","Calibri",12431,26241,13810,1,1
"Sign Top","Calibri",47600,77763,30163,0,3
"Sign Top","Cambria",9409,36324,26915,9,4
"Sign Top","Cambria",39564,41614,2050,4,4
"Sign Top","Cambria",37126,49778,12652,6,8
"Sign Bottom","Cambria",82870,126878,44008,0,8
"Sign Top","Calibri",43768,61230,17462,8,0
"Sign Bottom","Calibri",65995,87322,21327,5,2
"Sign Bottom","Calibri",108655,152796,44141,5,6
"Sign Bottom","Cambria",98914,113417,14503,4,7
"Sign Bottom","Calibri",49711,60545,10834,1,5
"Sign Bottom","Cambria",70046,114295,44249,6,5
"Sign Top","Calibri",124595,154302,29707,5,2
"Sign Bottom","Cambria",30312,57676,27364,2,6
"Sign Top","Calibri",174989,224333,49344,9,3
"Sign Top","Calibri",119300,163283,43983,0,3
"Sign Bottom","Calibri",80443,99332,18889,3,2
"Sign Top","Calibri",7458,41625,34167,8,5
"Sign Top","Cambria",7431,13932,6501,1,2
"Sign Bottom","Cambria",58145,83991,25846,5,1
"Sign Top","Calibri",13200,17453,4253,0,3
"Sign Top","Calibri",49893,86546,36653,3,6
"Sign Bottom","Cambria",104129,127356,23227,9,6
"Sign Bottom","Cambria",4114,47725,43611,4,5
"Sign Bottom","Cambria",112623,116532,3909,3,2
"Sign Top","Cambria",50122,92528,42406,2,8
"Sign Top","Cambria",7999,33713,25714,9,3
"Sign Bottom","Calibri",67313,101581,34268,3,1
"Sign Bottom","Cambria",117037,134109,17072,7,9
"Sign Top","Cambria",86166,132514,46348,6,4
"Sign Top","Cambria",167060,208836,41776,0,6
"Sign Bottom","Cambria",55328,81421,26093,8,1
"Sign Top","Calibri",2e+05,241329,41329,0,9
"Sign Bottom","Cambria",102910,146980,44070,0,0
"Sign Bottom","Calibri",21962,67685,45723,2,5
"Sign Top","Calibri",185000,192785,7785,0,5
"Sign Bottom","Calibri",206910,241816,34906,0,6
"Sign Top","Cambria",130826,142626,11800,6,6
"Sign Top","Calibri",39615,57552,17937,5,2
"Sign Top","Cambria",678,43723,43045,8,3
"Sign Top","Cambria",780,15998,15218,0,8
"Sign Top","Cambria",130188,167029,36841,8,9
"Sign Top","Cambria",61364,82090,20726,4,0
"Sign Bottom","Cambria",131835,142248,10413,5,8
"Sign Bottom","Cambria",50691,98756,48065,1,6
"Sign Top","Cambria",53218,79891,26673,8,1
"Sign Bottom","Calibri",140198,173694,33496,8,4
"Sign Bottom","Calibri",19213,57172,37959,3,2
"Sign Top","Cambria",41492,73548,32056,2,8
"Sign Bottom","Calibri",13682,14142,460,2,2
"Sign Bottom","Calibri",108275,126338,18063,5,8
"Sign Bottom","Cambria",153959,164774,10815,9,4
"Sign Bottom","Cambria",14047,34910,20863,7,0
"Sign Top","Cambria",139815,184053,44238,5,3
"Sign Top","Cambria",54452,57477,3025,2,7
"Sign Bottom","Calibri",65613,105119,39506,3,9
"Sign Top","Cambria",70690,96528,25838,0,8
"Sign Top","Calibri",27000,56553,29553,0,3
"Sign Bottom","Calibri",21285,49251,27966,5,1
"Sign Top","Calibri",128,20894,20766,8,4
"Sign Top","Calibri",110,37280,37170,0,0
"Sign Bottom","Calibri",50234,60253,10019,4,3
"Sign Bottom","Calibri",16800,21722,4922,0,2
"Sign Bottom","Calibri",87108,104843,17735,8,3
"Sign Top","Calibri",21000,50105,29105,0,5
"Sign Top","Calibri",49000,76785,27785,0,5
"Sign Bottom","Calibri",94106,139778,45672,6,8
"Sign Top","Cambria",74088,110706,36618,8,6
"Sign Bottom","Calibri",84457,128501,44044,7,1
"Sign Bottom","Calibri",103336,103972,636,6,2
"Sign Bottom","Cambria",58057,85451,27394,7,1
"Sign Top","Calibri",34239,60913,26674,9,3
"Sign Top","Calibri",98000,121035,23035,0,5
"Sign Top","Cambria",15450,45286,29836,0,6
"Sign Top","Cambria",209827,254811,44984,7,1
"Sign Top","Cambria",7315,18274,10959,5,4
"Sign Bottom","Cambria",12050,17352,5302,0,2
"Sign Bottom","Cambria",49223,62626,13403,3,6
"Sign Top","Cambria",792,6400,5608,2,0
"Sign Bottom","Calibri",83158,112525,29367,8,5
"Sign Bottom","Calibri",72141,119156,47015,1,6
"Sign Bottom","Cambria",138473,188242,49769,3,2
"Sign Bottom","Cambria",76042,98303,22261,2,3
"Sign Bottom","Cambria",40960,90292,49332,0,2
"Sign Top","Cambria",65636,115475,49839,6,5
"Sign Bottom","Calibri",60375,76444,16069,5,4
"Sign Top","Calibri",23117,49309,26192,7,9
"Sign Bottom","Calibri",79800,92799,12999,0,9
"Sign Top","Calibri",97960,108634,10674,0,4
"Sign Top","Calibri",43530,62461,18931,0,1
"Sign Top","Calibri",184,19319,19135,4,9
"Sign Bottom","Calibri",63552,105782,42230,2,2
"Sign Bottom","Cambria",40367,78869,38502,7,9
"Sign Bottom","Cambria",42447,85500,43053,7,0
"Sign Top","Cambria",175942,220831,44889,2,1
"Sign Bottom","Cambria",70098,109738,39640,8,8
"Sign Top","Calibri",60000,71344,11344,0,4
"Sign Top","Calibri",95168,140765,45597,8,5
"Sign Bottom","Cambria",26292,62085,35793,2,5
"Sign Bottom","Cambria",5952,29357,23405,2,7
"Sign Bottom","Calibri",42903,46057,3154,3,7
"Sign Top","Calibri",0,36731,36731,0,1
"Sign Bottom","Calibri",71831,119890,48059,1,0
"Sign Bottom","Cambria",163812,172831,9019,2,1
"Sign Top","Calibri",24446,30566,6120,6,6
"Sign Bottom","Cambria",33525,59343,25818,5,3
"Sign Top","Calibri",82000,101574,19574,0,4
"Sign Bottom","Cambria",138661,159674,21013,1,4
"Sign Bottom","Cambria",172749,192859,20110,9,9
"Sign Top","Cambria",109469,142871,33402,9,1
"Sign Top","Cambria",80200,107685,27485,0,5
"Sign Bottom","Cambria",180402,189505,9103,2,5
"Sign Top","Calibri",5500,22480,16980,0,0
"Sign Bottom","Cambria",169637,218049,48412,7,9
"Sign Top","Calibri",68000,104729,36729,0,9
"Sign Top","Cambria",343935,353208,9273,5,8
"Sign Top","Cambria",57589,90049,32460,9,9
"Sign Top","Calibri",2e+05,247420,47420,0,0
"Sign Top","Cambria",6518,11108,4590,8,8
"Sign Bottom","Calibri",55869,90635,34766,9,5
"Sign Top","Cambria",833,47533,46700,3,3
"Sign Top","Cambria",632,31599,30967,2,9
"Sign Bottom","Cambria",68727,113722,44995,7,2
"Sign Bottom","Cambria",118180,149385,31205,0,5
"Sign Top","Calibri",100,46980,46880,0,0
"Sign Bottom","Calibri",110940,128292,17352,0,2
"Sign Bottom","Calibri",43088,57130,14042,8,0
"Sign Bottom","Calibri",55949,80730,24781,9,0
"Sign Top","Cambria",19730,63262,43532,0,2
"Sign Bottom","Calibri",31976,47730,15754,6,0
"Sign Top","Calibri",118180,124713,6533,0,3
"Sign Bottom","Calibri",21767,41571,19804,7,1
"Sign Top","Cambria",42736,68718,25982,6,8
"Sign Bottom","Calibri",76890,100542,23652,0,2
"Sign Bottom","Cambria",2191,25052,22861,1,2
"Sign Bottom","Cambria",68092,105221,37129,2,1
"Sign Top","Cambria",40118,80987,40869,8,7
"Sign Bottom","Cambria",40117,89072,48955,7,2
"Sign Top","Cambria",10097,40429,30332,7,9
"Sign Top","Cambria",290064,298773,8709,4,3
"Sign Bottom","Cambria",122887,164939,42052,7,9
"Sign Top","Calibri",20167,54424,34257,7,4
"Sign Bottom","Cambria",111242,114436,3194,2,6
"Sign Top","Calibri",16978,35454,18476,8,4
"Sign Top","Calibri",190000,228358,38358,0,8
"Sign Top","Cambria",24080,65734,41654,0,4
"Sign Bottom","Cambria",40307,76905,36598,7,5
"Sign Bottom","Cambria",125026,160916,35890,6,6
"Sign Bottom","Calibri",108916,157686,48770,6,6
"Sign Top","Cambria",73869,74219,350,9,9
"Sign Top","Cambria",35354,70723,35369,4,3
"Sign Top","Calibri",160000,167434,7434,0,4
"Sign Bottom","Cambria",155201,158704,3503,1,4
"Sign Bottom","Cambria",130257,170423,40166,7,3
"Sign Top","Calibri",50000,77707,27707,0,7
"Sign Bottom","Calibri",85750,104565,18815,0,5
"Sign Top","Calibri",88900,105657,16757,0,7
"Sign Bottom","Calibri",10111,13214,3103,1,4
"Sign Bottom","Cambria",85892,129645,43753,2,5
"Sign Top","Calibri",35712,40852,5140,2,2
"Sign Top","Calibri",35000,59208,24208,0,8
"Sign Top","Calibri",95000,126223,31223,0,3
"Sign Top","Calibri",32000,36159,4159,0,9
"Sign Bottom","Cambria",6167,42820,36653,7,0
"Sign Bottom","Cambria",124994,150204,25210,4,4
"Sign Top","Calibri",0,41371,41371,0,1
"Sign Top","Calibri",20000,66372,46372,0,2
"Sign Bottom","Calibri",112273,121426,9153,3,6
"Sign Bottom","Cambria",59220,91739,32519,0,9
"Sign Top","Calibri",1e+05,113227,13227,0,7
"Sign Top","Cambria",20261,20943,682,1,3
"Sign Bottom","Cambria",137584,182513,44929,4,3
"Sign Bottom","Cambria",172095,220072,47977,5,2
"Sign Top","Calibri",141012,177658,36646,2,8
"Sign Top","Calibri",225,13268,13043,5,8
"Sign Top","Calibri",28000,41825,13825,0,5
"Sign Top","Cambria",128516,174372,45856,6,2
"Sign Bottom","Calibri",78442,119817,41375,2,7
"Sign Top","Calibri",39290,66610,27320,0,0
"Sign Bottom","Calibri",44190,69915,25725,0,5
"Sign Top","Calibri",0,19291,19291,0,1
"Sign Top","Calibri",17932,35644,17712,2,4
"Sign Top","Cambria",75435,96303,20868,5,3
"Sign Top","Calibri",116,16441,16325,6,1
"Sign Bottom","Calibri",172613,184724,12111,3,4
"Sign Top","Calibri",202019,207759,5740,9,9
"Sign Bottom","Cambria",92178,121770,29592,8,0
"Sign Top","Calibri",35500,73057,37557,0,7
"Sign Bottom","Cambria",61586,63220,1634,6,0
"Sign Top","Calibri",63215,77306,14091,5,6
"Sign Top","Cambria",117066,129371,12305,6,1
"Sign Top","Calibri",86000,109150,23150,0,0
"Sign Top","Cambria",210530,259493,48963,0,3
"Sign Bottom","Calibri",72209,111696,39487,9,6
"Sign Bottom","Cambria",42700,68529,25829,0,9
"Sign Bottom","Calibri",32821,36153,3332,1,3
"Sign Top","Cambria",123501,150665,27164,1,5
"Sign Top","Cambria",90607,124152,33545,7,2
"Sign Top","Calibri",76436,114876,38440,6,6
"Sign Top","Calibri",254,3529,3275,4,9
"Sign Top","Cambria",90870,118739,27869,0,9
"Sign Top","Calibri",4300,38193,33893,0,3
"Sign Bottom","Cambria",98990,100628,1638,0,8
"Sign Bottom","Calibri",18500,34058,15558,0,8
"Sign Bottom","Cambria",93755,138380,44625,5,0
"Sign Top","Calibri",18000,36786,18786,0,6
"Sign Bottom","Cambria",221999,235667,13668,9,7
"Sign Top","Cambria",36758,78537,41779,8,7
"Sign Top","Calibri",1120,15781,14661,0,1
"Sign Bottom","Calibri",116606,119303,2697,6,3
"Sign Bottom","Cambria",51307,52142,835,7,2
"Sign Bottom","Calibri",90538,105085,14547,8,5
"Sign Top","Calibri",183500,226910,43410,0,0
"Sign Top","Cambria",21774,22273,499,4,3
"Sign Bottom","Calibri",69645,115298,45653,5,8
"Sign Bottom","Cambria",8061,12026,3965,1,6
"Sign Top","Cambria",60115,97581,37466,5,1
"Sign Top","Cambria",927,18110,17183,7,0
"Sign Bottom","Calibri",67085,97430,30345,5,0
"Sign Bottom","Cambria",81186,106982,25796,6,2
"Sign Bottom","Cambria",48821,85295,36474,1,5
"Sign Bottom","Calibri",46280,89484,43204,0,4
"Sign Bottom","Calibri",104781,135591,30810,1,1
"Sign Bottom","Calibri",64050,83507,19457,0,7
"Sign Bottom","Calibri",31160,78791,47631,0,1
"Sign Bottom","Calibri",114489,141448,26959,9,8
"Sign Bottom","Calibri",58668,102988,44320,8,8
"Sign Bottom","Calibri",68337,117133,48796,7,3
"Sign Top","Calibri",5562,14876,9314,2,6
"Sign Top","Cambria",53221,56695,3474,1,5
"Sign Top","Calibri",90000,95884,5884,0,4
"Sign Top","Calibri",85000,100143,15143,0,3
"Sign Bottom","Calibri",108002,132327,24325,2,7
"Sign Top","Calibri",95000,102269,7269,0,9
"Sign Bottom","Calibri",144800,153635,8835,0,5
"Sign Bottom","Cambria",12788,37542,24754,8,2
"Sign Top","Calibri",0,33980,33980,0,0
"Sign Top","Calibri",20000,41732,21732,0,2
"Sign Top","Cambria",59,8057,7998,9,7
"Sign Bottom","Calibri",73366,91304,17938,6,4
"Sign Bottom","Cambria",77452,103457,26005,2,7
"Sign Bottom","Cambria",84887,114558,29671,7,8
"Sign Bottom","Calibri",75814,83936,8122,4,6
"Sign Bottom","Cambria",42977,44624,1647,7,4
"Sign Top","Calibri",46600,85653,39053,0,3
"Sign Top","Calibri",57710,107292,49582,0,2
"Sign Top","Cambria",104120,125894,21774,0,4
"Sign Bottom","Cambria",36336,85036,48700,6,6
"Sign Top","Calibri",86000,131300,45300,0,0
"Sign Top","Cambria",40193,43129,2936,3,9
"Sign Top","Calibri",96835,110205,13370,5,5
"Sign Bottom","Cambria",89791,118526,28735,1,6
"Sign Bottom","Cambria",77806,117248,39442,6,8
"Sign Top","Cambria",70134,91071,20937,4,1
"Sign Bottom","Calibri",40347,44723,4376,7,3
"Sign Bottom","Calibri",128110,139683,11573,0,3
"Sign Bottom","Calibri",109287,112736,3449,7,6
"Sign Bottom","Calibri",21149,59846,38697,9,6
"Sign Bottom","Cambria",49532,58243,8711,2,3
"Sign Bottom","Cambria",90223,109798,19575,3,8
"Sign Bottom","Calibri",160710,169430,8720,0,0
"Sign Top","Cambria",8834,39160,30326,4,0
"Sign Top","Cambria",50096,83071,32975,6,1
"Sign Bottom","Calibri",160787,199561,38774,7,1
"Sign Bottom","Cambria",96329,102834,6505,9,4
"Sign Top","Calibri",86500,126496,39996,0,6
"Sign Bottom","Calibri",9000,26913,17913,0,3
"Sign Bottom","Calibri",28377,55006,26629,7,6
"Sign Top","Calibri",24,30019,29995,4,9
"Sign Top","Calibri",130000,173631,43631,0,1
"Sign Top","Cambria",36487,54782,18295,7,2
"Sign Bottom","Calibri",83317,123421,40104,7,1
"Sign Top","Cambria",648,38268,37620,8,8
"Sign Top","Calibri",60000,104536,44536,0,6
"Sign Bottom","Calibri",140000,171769,31769,0,9
"Sign Bottom","Calibri",6700,44469,37769,0,9
"Sign Top","Calibri",4500,29140,24640,0,0
"Sign Top","Calibri",2800,17414,14614,0,4
"Sign Bottom","Calibri",52137,55374,3237,7,4
"Sign Top","Calibri",125000,156988,31988,0,8
"Sign Bottom","Calibri",84039,86059,2020,9,9
"Sign Top","Calibri",21890,57210,35320,0,0
"Sign Bottom","Calibri",80107,89152,9045,7,2
"Sign Bottom","Calibri",123312,129395,6083,2,5
"Sign Bottom","Calibri",18205,44554,26349,5,4
"Sign Bottom","Cambria",54371,77499,23128,1,9
"Sign Bottom","Cambria",78569,90357,11788,9,7
"Sign Top","Calibri",44322,47510,3188,2,0
"Sign Top","Calibri",50000,71077,21077,0,7
"Sign Bottom","Cambria",19730,54690,34960,0,0
"Sign Top","Cambria",111299,152738,41439,9,8
"Sign Top","Cambria",183412,197021,13609,2,1
"Sign Bottom","Cambria",153629,153743,114,9,3
"Sign Bottom","Cambria",5604,54290,48686,4,0
"Sign Top","Calibri",13000,32994,19994,0,4
"Sign Top","Cambria",130071,136774,6703,1,4
"Sign Top","Cambria",67800,69273,1473,0,3
"Sign Bottom","Cambria",7359,34731,27372,9,1
"Sign Bottom","Calibri",126500,134346,7846,0,6
"Sign Top","Cambria",140909,146865,5956,9,5
"Sign Top","Calibri",50000,67922,17922,0,2
"Sign Bottom","Cambria",22610,26337,3727,0,7
"Sign Bottom","Cambria",86499,127138,40639,9,8
"Sign Top","Cambria",42283,48374,6091,3,4
"Sign Top","Cambria",64174,102099,37925,4,9
"Sign Bottom","Calibri",126000,137724,11724,0,4
"Sign Bottom","Calibri",37640,63913,26273,0,3
"Sign Top","Cambria",781,23885,23104,1,5
"Sign Bottom","Cambria",646,36590,35944,6,0
"Sign Bottom","Cambria",2556,17475,14919,6,5
"Sign Top","Calibri",9771,45962,36191,1,2
"Sign Top","Calibri",13268,27690,14422,8,0
"Sign Top","Calibri",107000,131414,24414,0,4
"Sign Top","Cambria",32957,49874,16917,7,4
"Sign Bottom","Cambria",16049,41085,25036,9,5
"Sign Top","Calibri",160000,189965,29965,0,5
"Sign Bottom","Cambria",40678,83756,43078,8,6
"Sign Bottom","Calibri",45442,53922,8480,2,2
"Sign Bottom","Calibri",74157,77537,3380,7,7
"Sign Bottom","Calibri",81758,106797,25039,8,7
"Sign Bottom","Calibri",30480,41212,10732,0,2
"Sign Top","Calibri",13000,30721,17721,0,1
"Sign Top","Calibri",50000,70290,20290,0,0
"Sign Top","Cambria",49231,64947,15716,1,7
"Sign Top","Calibri",160000,195223,35223,0,3
"Sign Top","Cambria",31932,69729,37797,2,9
"Sign Top","Calibri",21821,27134,5313,1,4
"Sign Bottom","Cambria",119937,157604,37667,7,4
"Sign Top","Cambria",24520,25938,1418,0,8
"Sign Bottom","Calibri",80257,82941,2684,7,1
"Sign Bottom","Calibri",42262,91097,48835,2,7
"Sign Bottom","Calibri",9435,44256,34821,5,6
"Sign Top","Cambria",43408,67357,23949,8,7
"Sign Top","Calibri",7270,32545,25275,0,5
"Sign Top","Calibri",0,31413,31413,0,3
"Sign Bottom","Calibri",250000,273490,23490,0,0
"Sign Top","Cambria",111330,157538,46208,0,8
"Sign Bottom","Cambria",40892,59367,18475,2,7
"Sign Bottom","Cambria",80675,102006,21331,5,6
"Sign Bottom","Cambria",43907,89885,45978,7,5
"Sign Bottom","Cambria",29459,74762,45303,9,2
"Sign Bottom","Cambria",181137,192821,11684,7,1
"Sign Top","Calibri",0,48012,48012,0,2
"Sign Top","Cambria",20471,69912,49441,1,2
"Sign Bottom","Cambria",85831,124077,38246,1,7
"Sign Top","Calibri",9653,27467,17814,3,7
"Sign Bottom","Cambria",182392,215953,33561,2,3
"Sign Top","Cambria",151263,197157,45894,3,7
"Sign Bottom","Cambria",70187,120073,49886,7,3
"Sign Bottom","Calibri",129455,142728,13273,5,8
"Sign Bottom","Cambria",116195,155987,39792,5,7
"Sign Bottom","Cambria",117449,129193,11744,9,3
"Sign Top","Calibri",138351,140660,2309,1,0
"Sign Top","Calibri",19500,27985,8485,0,5
"Sign Bottom","Calibri",21000,30637,9637,0,7
"Sign Top","Cambria",101097,114594,13497,7,4
"Sign Bottom","Cambria",50090,71217,21127,0,7
"Sign Top","Calibri",31786,50023,18237,6,3
"Sign Bottom","Calibri",52894,87190,34296,4,0
"Sign Top","Cambria",107173,156457,49284,3,7
"Sign Bottom","Cambria",9609,11519,1910,9,9
"Sign Top","Calibri",131611,141312,9701,1,2
"Sign Top","Calibri",88192,115104,26912,2,4
"Sign Bottom","Calibri",44846,69800,24954,6,0
"Sign Top","Cambria",13202,61639,48437,2,9
"Sign Top","Calibri",8300,31930,23630,0,0
"Sign Bottom","Calibri",33568,72511,38943,8,1
"Sign Top","Calibri",617,46492,45875,7,2
"Sign Bottom","Cambria",158552,159599,1047,2,9
"Sign Top","Calibri",70038,84104,14066,8,4
"Sign Top","Calibri",47000,75547,28547,0,7
"Sign Top","Cambria",91147,140495,49348,7,5
"Sign Bottom","Cambria",12806,16056,3250,6,6
"Sign Top","Calibri",9000,58060,49060,0,0
"Sign Top","Calibri",3000,48745,45745,0,5
"Sign Top","Calibri",4521,22916,18395,1,6
"Sign Bottom","Calibri",125668,169043,43375,8,3
"Sign Bottom","Calibri",76473,82281,5808,3,1
"Sign Top","Calibri",12,36467,36455,2,7
"Sign Bottom","Cambria",188797,196147,7350,7,7
"Sign Top","Calibri",68000,117565,49565,0,5
"Sign Top","Calibri",150000,153770,3770,0,0
"Sign Top","Calibri",10,36003,35993,0,3
"Sign Top","Cambria",420,9975,9555,0,5
"Sign Top","Cambria",37139,83172,46033,9,2
"Sign Top","Calibri",17,8294,8277,7,4
"Sign Bottom","Cambria",117445,145870,28425,5,0
"Sign Bottom","Calibri",26529,45639,19110,9,9
"Sign Top","Cambria",20472,70198,49726,2,8
"Sign Bottom","Cambria",140941,181239,40298,1,9
"Sign Top","Calibri",30425,60020,29595,5,0
"Sign Bottom","Calibri",34158,61261,27103,8,1
"Sign Bottom","Calibri",178000,209522,31522,0,2
"Sign Bottom","Cambria",126052,137001,10949,2,1
"Sign Bottom","Calibri",90700,135711,45011,0,1
"Sign Top","Cambria",171419,187357,15938,9,7
"Sign Top","Cambria",49769,88808,39039,9,8
"Sign Top","Calibri",60000,94112,34112,0,2
"Sign Bottom","Cambria",53026,61286,8260,6,6
"Sign Bottom","Calibri",17173,22384,5211,3,4
"Sign Bottom","Calibri",53381,60444,7063,1,4
"Sign Bottom","Cambria",573,12464,11891,3,4
"Sign Top","Calibri",27500,52861,25361,0,1
"Sign Bottom","Cambria",59535,92557,33022,5,7
"Sign Bottom","Cambria",51864,86947,35083,4,7
"Sign Top","Calibri",65500,103645,38145,0,5
"Sign Bottom","Cambria",52981,83085,30104,1,5
"Sign Bottom","Calibri",19762,56381,36619,2,1
"Sign Top","Cambria",69510,106110,36600,0,0
"Sign Top","Calibri",44300,70907,26607,0,7
"Sign Bottom","Calibri",76772,107841,31069,2,1
"Sign Top","Cambria",161945,169625,7680,5,5
"Sign Bottom","Calibri",37598,52682,15084,8,2
"Sign Top","Calibri",8700,35028,26328,0,8
"Sign Bottom","Cambria",33699,36082,2383,9,2
"Sign Top","Cambria",47900,68294,20394,0,4
"Sign Top","Cambria",18869,25740,6871,9,0
"Sign Top","Calibri",119000,157732,38732,0,2
"Sign Top","Calibri",40000,68593,28593,0,3
"Sign Bottom","Cambria",16655,17545,890,5,5
"Sign Top","Calibri",28267,52071,23804,7,1
"Sign Top","Cambria",148850,176796,27946,0,6
"Sign Top","Calibri",120000,131104,11104,0,4
"Sign Top","Calibri",20,5060,5040,0,0
"Sign Top","Cambria",70670,92722,22052,0,2
"Sign Top","Cambria",33088,40901,7813,8,1
"Sign Bottom","Calibri",52312,63947,11635,2,7
"Sign Top","Calibri",21000,37740,16740,0,0
"Sign Top","Cambria",167752,172700,4948,2,0
"Sign Top","Cambria",18031,44792,26761,1,2
"Sign Top","Cambria",43794,57244,13450,4,4
"Sign Bottom","Cambria",7684,21237,13553,4,7
"Sign Bottom","Calibri",62698,92525,29827,8,5
"Sign Bottom","Cambria",32589,53257,20668,9,7
"Sign Top","Calibri",26,27123,27097,6,3
"Sign Bottom","Cambria",80774,87562,6788,4,2
"Sign Bottom","Calibri",44398,66602,22204,8,2
"Sign Top","Cambria",36256,76730,40474,6,0
"Sign Top","Calibri",74125,95067,20942,5,7
"Sign Bottom","Calibri",23202,34716,11514,2,6
"Sign Top","Cambria",97490,129454,31964,0,4
"Sign Top","Cambria",231,5157,4926,1,7
"Sign Bottom","Calibri",19092,61408,42316,2,8
"Sign Top","Cambria",62378,74843,12465,8,3
"Sign Top","Cambria",122455,167560,45105,5,0
"Sign Bottom","Cambria",42349,74285,31936,9,5
"Sign Bottom","Calibri",11734,17284,5550,4,4
"Sign Top","Cambria",130092,144470,14378,2,0
"Sign Top","Cambria",585,23452,22867,5,2
"Sign Bottom","Calibri",12758,58833,46075,8,3
"Sign Top","Calibri",100,40483,40383,0,3
"Sign Bottom","Calibri",163773,176405,12632,3,5
"Sign Bottom","Cambria",65763,113049,47286,3,9
"Sign Bottom","Cambria",147185,182808,35623,5,8
"Sign Bottom","Calibri",65115,95960,30845,5,0
"Sign Top","Calibri",80000,120168,40168,0,8
"Sign Bottom","Cambria",95954,111490,15536,4,0
"Sign Top","Calibri",84000,114710,30710,0,0
"Sign Bottom","Cambria",97973,106169,8196,3,9
"Sign Bottom","Cambria",50689,91083,40394,9,3
"Sign Bottom","Calibri",182689,187071,4382,9,1
"Sign Top","Calibri",44563,75615,31052,3,5
"Sign Top","Cambria",65551,97201,31650,1,1
"Sign Top","Cambria",45885,76673,30788,5,3
"Sign Bottom","Cambria",117858,126244,8386,8,4
"Sign Top","Cambria",580,17963,17383,0,3
"Sign Top","Calibri",122038,154830,32792,8,0
"Sign Bottom","Calibri",110724,111225,501,4,5
"Sign Bottom","Cambria",13971,44395,30424,1,5
"Sign Bottom","Calibri",58957,67867,8910,7,7
"Sign Top","Cambria",80858,91172,10314,8,2
"Sign Top","Calibri",53000,99640,46640,0,0
"Sign Bottom","Cambria",47807,51543,3736,7,3
"Sign Top","Cambria",66058,101583,35525,8,3
"Sign Top","Cambria",53694,78405,24711,4,5
"Sign Bottom","Cambria",92976,131864,38888,6,4
"Sign Top","Calibri",176996,215733,38737,6,3
"Sign Bottom","Cambria",82720,96624,13904,0,4
"Sign Top","Cambria",54202,91975,37773,2,5
"Sign Bottom","Calibri",20398,56796,36398,8,6
"Sign Top","Cambria",35390,45876,10486,0,6
"Sign Bottom","Calibri",160272,174233,13961,2,3
"Sign Top","Cambria",102670,109982,7312,0,2
"Sign Top","Cambria",104,7578,7474,4,8
"Sign Bottom","Calibri",127540,174277,46737,0,7
"Sign Bottom","Calibri",84687,102786,18099,7,6
"Sign Bottom","Calibri",23224,58886,35662,4,6
"Sign Bottom","Cambria",40651,70305,29654,1,5
"Sign Top","Calibri",22000,58881,36881,0,1
"Sign Bottom","Calibri",10,4751,4741,0,1
"Sign Top","Calibri",229386,251981,22595,6,1
"Sign Top","Cambria",59428,103070,43642,8,0
"Sign Bottom","Calibri",130929,171244,40315,9,4
"Sign Top","Calibri",47000,66185,19185,0,5
"Sign Bottom","Calibri",36387,44513,8126,7,3
"Sign Top","Calibri",12000,42473,30473,0,3
"Sign Top","Calibri",141362,172071,30709,2,1
"Sign Bottom","Calibri",77317,92120,14803,7,0
"Sign Top","Cambria",46395,91253,44858,5,3
"Sign Top","Cambria",85212,126557,41345,2,7
"Sign Bottom","Calibri",60000,64526,4526,0,6
"Sign Top","Calibri",83151,90360,7209,1,0
"Sign Bottom","Cambria",77390,105846,28456,0,6
"Sign Bottom","Calibri",82200,128293,46093,0,3
"Sign Bottom","Calibri",62324,91512,29188,4,2
"Sign Top","Cambria",65879,88385,22506,9,5
"Sign Bottom","Calibri",140164,163362,23198,4,2
"Sign Bottom","Calibri",17654,63714,46060,4,4
"Sign Bottom","Calibri",173120,206313,33193,0,3
"Sign Bottom","Cambria",3921,28109,24188,1,9
"Sign Bottom","Calibri",36921,66667,29746,1,7
"Sign Top","Calibri",35885,69114,33229,5,4
"Sign Bottom","Cambria",1313,32193,30880,3,3
"Sign Bottom","Calibri",37788,51013,13225,8,3
"Sign Top","Calibri",28000,74765,46765,0,5
"Sign Top","Cambria",96814,114575,17761,4,5
"Sign Bottom","Calibri",55800,91410,35610,0,0
"Sign Top","Calibri",95500,111935,16435,0,5
"Sign Top","Cambria",4168,9259,5091,8,9
"Sign Bottom","Calibri",225952,251102,25150,2,2
"Sign Top","Cambria",304448,321165,16717,8,5
"Sign Top","Cambria",41915,87680,45765,5,0
"Sign Bottom","Calibri",9948,38024,28076,8,4
"Sign Top","Cambria",66090,103859,37769,0,9
"Sign Top","Cambria",130791,138638,7847,1,8
"Sign Top","Calibri",80000,102525,22525,0,5
"Sign Bottom","Cambria",1962,44952,42990,2,2
"Sign Top","Calibri",185,38746,38561,5,6
"Sign Top","Calibri",133000,144076,11076,0,6
"Sign Top","Calibri",41000,43146,2146,0,6
"Sign Top","Cambria",25213,49280,24067,3,0
"Sign Top","Cambria",112720,151680,38960,0,0
"Sign Top","Cambria",35031,54443,19412,1,3
"Sign Top","Calibri",28766,49051,20285,6,1
"Sign Bottom","Cambria",92473,97293,4820,3,3
"Sign Bottom","Cambria",32003,52856,20853,3,6
"Sign Bottom","Cambria",75893,81977,6084,3,7
"Sign Bottom","Cambria",108168,112701,4533,8,1
"Sign Top","Calibri",70000,85493,15493,0,3
"Sign Bottom","Calibri",31271,66400,35129,1,0
"Sign Bottom","Cambria",6089,52884,46795,9,4
"Sign Top","Cambria",46582,79652,33070,2,2
"Sign Top","Cambria",40098,48939,8841,8,9
"Sign Top","Cambria",512,50109,49597,2,9
"Sign Bottom","Calibri",28052,68784,40732,2,4
"Sign Bottom","Cambria",86813,100937,14124,3,7
"Sign Bottom","Cambria",94970,124117,29147,0,7
"Sign Bottom","Calibri",32762,69437,36675,2,7
"Sign Top","Cambria",30261,53302,23041,1,2
"Sign Bottom","Calibri",185848,197856,12008,8,6
"Sign Bottom","Cambria",71258,71861,603,8,1
"Sign Bottom","Calibri",158035,203414,45379,5,4
"Sign Top","Cambria",180564,226333,45769,4,3
"Sign Bottom","Calibri",38835,88264,49429,5,4
"Sign Top","Cambria",68726,93487,24761,6,7
"Sign Top","Calibri",125,3250,3125,5,0
"Sign Bottom","Calibri",5978,42701,36723,8,1
"Sign Bottom","Cambria",93286,140221,46935,6,1
"Sign Top","Cambria",98,19387,19289,8,7
"Sign Top","Calibri",34521,58482,23961,1,2
"Sign Top","Cambria",19107,37670,18563,7,0
"Sign Top","Cambria",53720,84876,31156,0,6
"Sign Bottom","Calibri",39409,53267,13858,9,7
"Sign Bottom","Calibri",74324,76149,1825,4,9
"Sign Top","Calibri",0,26294,26294,0,4
"Sign Top","Calibri",84000,104470,20470,0,0
"Sign Top","Calibri",132104,140781,8677,4,1
"Sign Top","Calibri",88512,124131,35619,2,1
"Sign Top","Calibri",99949,135995,36046,9,5
"Sign Bottom","Cambria",87647,115890,28243,7,0
"Sign Bottom","Calibri",58125,68269,10144,5,9
"Sign Top","Cambria",830,5145,4315,0,5
"Sign Bottom","Cambria",229946,273711,43765,6,1
"Sign Top","Calibri",76000,99320,23320,0,0
"Sign Bottom","Calibri",79911,128851,48940,1,1
"Sign Top","Cambria",89201,127256,38055,1,6
"Sign Top","Cambria",203917,233573,29656,7,3
"Sign Bottom","Cambria",33794,77136,43342,4,6
"Sign Bottom","Cambria",603001,646423,43422,1,3
"Sign Bottom","Calibri",85494,108959,23465,4,9
"Sign Bottom","Cambria",365387,404475,39088,7,5
"Sign Bottom","Calibri",172116,198083,25967,6,3
"Sign Top","Cambria",1206,2013,807,6,3
"Sign Bottom","Calibri",94967,120585,25618,7,5
"Sign Bottom","Calibri",153877,167146,13269,7,6
"Sign Bottom","Calibri",208419,239369,30950,9,9
"Sign Top","Calibri",56675,88967,32292,5,7
"Sign Top","Cambria",76650,106504,29854,0,4
"Sign Top","Calibri",5576,28726,23150,6,6
"Sign Top","Calibri",15000,41146,26146,0,6
"Sign Bottom","Calibri",35425,84336,48911,5,6
"Sign Bottom","Calibri",33080,41514,8434,0,4
"Sign Top","Cambria",14279,31289,17010,9,9
"Sign Top","Cambria",47468,63522,16054,8,2
"Sign Bottom","Calibri",30739,36946,6207,9,6
"Sign Bottom","Calibri",7989,9629,1640,9,9
"Sign Top","Cambria",23541,35051,11510,1,1
"Sign Top","Cambria",20051,45151,25100,1,1
"Sign Bottom","Cambria",164065,208194,44129,5,4
"Sign Bottom","Calibri",36298,42815,6517,8,5
"Sign Top","Cambria",214423,237353,22930,3,3
"Sign Top","Calibri",111011,128490,17479,1,0
"Sign Top","Cambria",12395,50031,37636,5,1
"Sign Bottom","Calibri",113703,151379,37676,3,9
"Sign Bottom","Calibri",16000,32955,16955,0,5
"Sign Bottom","Cambria",66086,76248,10162,6,8
"Sign Top","Cambria",70336,114702,44366,6,2
"Sign Top","Cambria",58368,75474,17106,8,4
"Sign Bottom","Cambria",51630,65112,13482,0,2
"Sign Top","Cambria",20493,27766,7273,3,6
"Sign Bottom","Calibri",11099,43792,32693,9,2
"Sign Bottom","Calibri",49578,90904,41326,8,4
"Sign Bottom","Calibri",96932,126328,29396,2,8
"Sign Top","Calibri",91723,110695,18972,3,5
"Sign Top","Calibri",0,29554,29554,0,4
"Sign Bottom","Cambria",35352,53779,18427,2,9
"Sign Bottom","Calibri",93503,101879,8376,3,9
"Sign Bottom","Calibri",40657,76743,36086,7,3
"Sign Top","Cambria",31361,72451,41090,1,1
"Sign Bottom","Calibri",67557,72571,5014,7,1
"Sign Top","Calibri",32762,81952,49190,2,2
"Sign Top","Calibri",118,13461,13343,8,1
"Sign Bottom","Cambria",67766,97078,29312,6,8
"Sign Bottom","Calibri",79914,113536,33622,4,6
"Sign Bottom","Calibri",57260,87621,30361,0,1
"Sign Top","Calibri",171500,219896,48396,0,6
"Sign Bottom","Cambria",79470,102991,23521,0,1
"Sign Bottom","Cambria",80871,118259,37388,1,9
"Sign Bottom","Calibri",31150,44765,13615,0,5
"Sign Bottom","Calibri",50350,65651,15301,0,1
"Sign Top","Cambria",36310,70056,33746,0,6
"Sign Top","Cambria",107987,151292,43305,7,2
"Sign Top","Cambria",145868,156787,10919,8,7
"Sign Top","Calibri",113474,149352,35878,4,2
"Sign Top","Cambria",70360,84729,14369,0,9
"Sign Bottom","Calibri",122688,163590,40902,8,0
"Sign Bottom","Calibri",72830,77261,4431,0,1
"Sign Bottom","Calibri",47355,80482,33127,5,2
"Sign Bottom","Calibri",54000,92015,38015,0,5
"Sign Top","Calibri",15250,19073,3823,0,3
"Sign Bottom","Cambria",28783,58062,29279,3,2
"Sign Top","Calibri",49300,58850,9550,0,0
"Sign Bottom","Cambria",150810,166599,15789,0,9
"Sign Bottom","Cambria",50610,65064,14454,0,4
"Sign Top","Calibri",63009,99653,36644,9,3
"Sign Bottom","Calibri",77765,102112,24347,5,2
"Sign Top","Cambria",56386,72108,15722,6,8
"Sign Top","Calibri",70458,96782,26324,8,2
"Sign Bottom","Calibri",158410,182768,24358,0,8
"Sign Bottom","Calibri",43212,47627,4415,2,7
"Sign Top","Cambria",36567,70449,33882,7,9
"Sign Bottom","Calibri",103662,147284,43622,2,4
"Sign Top","Cambria",85625,99118,13493,5,8
"Sign Top","Cambria",76606,106387,29781,6,7
"Sign Top","Cambria",28419,45656,17237,9,6
"Sign Top","Cambria",19237,59171,39934,7,1
"Sign Top","Calibri",6359,46443,40084,9,3
"Sign Bottom","Calibri",33927,70540,36613,7,0
"Sign Bottom","Calibri",52626,97761,45135,6,1
"Sign Top","Cambria",136,22757,22621,6,7
"Sign Top","Cambria",10506,57706,47200,6,6
"Sign Bottom","Calibri",69274,75912,6638,4,2
"Sign Bottom","Calibri",65669,80512,14843,9,2
"Sign Bottom","Calibri",214666,242761,28095,6,1
"Sign Bottom","Cambria",52229,60072,7843,9,2
"Sign Bottom","Cambria",226549,254088,27539,9,8
"Sign Top","Cambria",974,34158,33184,4,8
"Sign Bottom","Calibri",40158,73121,32963,8,1
"Sign Bottom","Calibri",72681,115089,42408,1,9
"Sign Bottom","Calibri",24736,38122,13386,6,2
"Sign Top","Calibri",23650,53354,29704,0,4
"Sign Top","Cambria",94490,123547,29057,0,7
"Sign Top","Calibri",76447,106540,30093,7,0
"Sign Top","Cambria",983155,1010893,27738,5,3
"Sign Bottom","Cambria",97980,145559,47579,0,9
"Sign Top","Cambria",84800,94689,9889,0,9
"Sign Bottom","Cambria",38580,87138,48558,0,8
"Sign Top","Cambria",27609,74107,46498,9,7
"Sign Top","Cambria",56264,85529,29265,4,9
"Sign Top","Cambria",5638,45112,39474,8,2
"Sign Top","Calibri",88000,105237,17237,0,7
"Sign Bottom","Calibri",40000,72937,32937,0,7
"Sign Top","Cambria",63397,81537,18140,7,7
"Sign Top","Cambria",31961,32834,873,1,4
"Sign Bottom","Calibri",53376,58087,4711,6,7
"Sign Top","Calibri",35000,66388,31388,0,8
"Sign Bottom","Cambria",74822,91853,17031,2,3
"Sign Top","Cambria",30977,37997,7020,7,7
"Sign Bottom","Cambria",3067,22318,19251,7,8
"Sign Bottom","Cambria",38378,63126,24748,8,6
"Sign Bottom","Cambria",56956,78542,21586,6,2
"Sign Bottom","Cambria",73085,84422,11337,5,2
"Sign Bottom","Calibri",65701,108681,42980,1,1
"Sign Top","Calibri",116042,123738,7696,2,8
"Sign Top","Calibri",48687,76619,27932,7,9
"Sign Top","Calibri",137001,160671,23670,1,1
"Sign Bottom","Cambria",59214,83033,23819,4,3
"Sign Top","Calibri",173100,213657,40557,0,7
"Sign Bottom","Calibri",156319,160454,4135,9,4
"Sign Top","Calibri",78000,117828,39828,0,8
"Sign Bottom","Cambria",14493,20083,5590,3,3
"Sign Top","Calibri",96662,145495,48833,2,5
"Sign Top","Calibri",13600,15342,1742,0,2
"Sign Top","Cambria",168,34966,34798,8,6
"Sign Bottom","Calibri",54799,63597,8798,9,7
"Sign Bottom","Cambria",54285,90628,36343,5,8
"Sign Top","Cambria",37397,81070,43673,7,0
"Sign Top","Cambria",343,45039,44696,3,9
"Sign Bottom","Cambria",77936,82515,4579,6,5
"Sign Top","Cambria",30684,76815,46131,4,5
"Sign Top","Cambria",70574,74002,3428,4,2
"Sign Top","Cambria",519,49244,48725,9,4
"Sign Top","Cambria",659,18522,17863,9,2
"Sign Top","Calibri",130000,168989,38989,0,9
"Sign Bottom","Calibri",8390,20583,12193,0,3
"Sign Top","Cambria",9359,35268,25909,9,8
"Sign Bottom","Cambria",80790,126710,45920,0,0
"Sign Bottom","Cambria",43246,60790,17544,6,0
"Sign Top","Cambria",89962,111623,21661,2,3
"Sign Top","Cambria",26844,42636,15792,4,6
"Sign Bottom","Cambria",135600,168296,32696,0,6
"Sign Bottom","Calibri",73500,89648,16148,0,8
"Sign Bottom","Calibri",52375,75989,23614,5,9
"Sign Bottom","Calibri",13890,52374,38484,0,4
"Sign Bottom","Cambria",173909,182903,8994,9,3
"Sign Top","Calibri",47110,51757,4647,0,7
"Sign Bottom","Calibri",97000,142079,45079,0,9
"Sign Bottom","Cambria",71917,96223,24306,7,3
"Sign Bottom","Cambria",197695,205678,7983,5,8
"Sign Bottom","Calibri",29655,66952,37297,5,2
"Sign Top","Calibri",29155,60942,31787,5,2
"Sign Bottom","Cambria",122296,140673,18377,6,3
"Sign Top","Cambria",185937,194377,8440,7,7
"Sign Top","Calibri",116423,139895,23472,3,5
"Sign Top","Cambria",20269,51838,31569,9,8
"Sign Top","Cambria",771,15954,15183,1,4
"Sign Bottom","Calibri",32960,71037,38077,0,7
"Sign Bottom","Cambria",69693,114906,45213,3,6
"Sign Bottom","Calibri",37500,49396,11896,0,6
"Sign Top","Calibri",189243,235627,46384,3,7
"Sign Top","Calibri",4500,20016,15516,0,6
"Sign Bottom","Calibri",111000,111963,963,0,3
"Sign Bottom","Calibri",51373,65779,14406,3,9
"Sign Top","Calibri",126000,138299,12299,0,9
"Sign Top","Calibri",400,41745,41345,0,5
"Sign Bottom","Calibri",52180,62037,9857,0,7
"Sign Top","Cambria",130,14012,13882,0,2
"Sign Bottom","Calibri",26618,41027,14409,8,7
"Sign Bottom","Calibri",59585,73657,14072,5,7
"Sign Top","Calibri",35177,74025,38848,7,5
"Sign Top","Cambria",36914,75142,38228,4,2
"Sign Bottom","Calibri",66522,91733,25211,2,3
"Sign Top","Calibri",119966,131438,11472,6,8
"Sign Bottom","Cambria",22561,40317,17756,1,7
"Sign Bottom","Cambria",41332,59705,18373,2,5
"Sign Top","Cambria",78597,123460,44863,7,0
"Sign Bottom","Calibri",185000,203420,18420,0,0
"Sign Bottom","Calibri",79020,117343,38323,0,3
"Sign Top","Cambria",115619,140564,24945,9,4
"Sign Top","Calibri",36402,40705,4303,2,5
"Sign Bottom","Calibri",47226,65952,18726,6,2
"Sign Bottom","Calibri",130000,133297,3297,0,7
"Sign Top","Cambria",48007,92016,44009,7,6
"Sign Bottom","Calibri",129280,133277,3997,0,7
"Sign Top","Cambria",40800,88065,47265,0,5
"Sign Top","Calibri",28500,49240,20740,0,0
"Sign Bottom","Cambria",52956,71728,18772,6,8
"Sign Top","Calibri",25600,54404,28804,0,4
"Sign Top","Cambria",28750,77142,48392,0,2
"Sign Top","Cambria",1245,10395,9150,5,5
"Sign Top","Cambria",19761,50874,31113,1,4
"Sign Top","Cambria",623,47587,46964,3,7
"Sign Top","Calibri",10,25270,25260,0,0
"Sign Top","Cambria",106481,128780,22299,1,0
"Sign Top","Calibri",34884,69489,34605,4,9
"Sign Bottom","Cambria",66503,95867,29364,3,7
"Sign Bottom","Calibri",66412,103022,36610,2,2
"Sign Bottom","Cambria",116847,131808,14961,7,8
"Sign Top","Calibri",90000,94919,4919,0,9
"Sign Bottom","Calibri",168000,207203,39203,0,3
"Sign Top","Calibri",160000,194243,34243,0,3
"Sign Top","Calibri",91000,136600,45600,0,0
"Sign Bottom","Calibri",161385,178300,16915,5,0
"Sign Top","Calibri",121000,163381,42381,0,1
"Sign Bottom","Calibri",32272,42879,10607,2,9
"Sign Bottom","Cambria",76016,80348,4332,6,8
"Sign Bottom","Calibri",67409,90358,22949,9,8
"Sign Top","Cambria",78472,111126,32654,2,6
"Sign Top","Calibri",53000,72931,19931,0,1
"Sign Top","Cambria",2283,19310,17027,3,0
"Sign Top","Calibri",91000,129404,38404,0,4
"Sign Bottom","Cambria",104094,113334,9240,4,4
"Sign Bottom","Calibri",116684,130509,13825,4,9
"Sign Top","Calibri",87945,126271,38326,5,1
"Sign Bottom","Calibri",29181,44957,15776,1,7
"Sign Top","Cambria",102423,121341,18918,3,1
"Sign Bottom","Calibri",45850,50396,4546,0,6
"Sign Bottom","Calibri",89315,131427,42112,5,7
"Sign Bottom","Cambria",94960,122312,27352,0,2
"Sign Top","Calibri",0,30764,30764,0,4
"Sign Top","Calibri",72800,86555,13755,0,5
"Sign Bottom","Calibri",112168,130050,17882,8,0
"Sign Top","Cambria",391,3664,3273,1,4
"Sign Top","Calibri",57057,102918,45861,7,8
"Sign Bottom","Calibri",139244,148151,8907,4,1
"Sign Top","Calibri",19768,27691,7923,8,1
"Sign Top","Calibri",44945,67347,22402,5,7
"Sign Bottom","Cambria",90839,110873,20034,9,3
"Sign Bottom","Calibri",70695,106464,35769,5,4
"Sign Top","Calibri",79706,121851,42145,6,1
"Sign Top","Cambria",77664,93100,15436,4,0
"Sign Bottom","Calibri",35507,45399,9892,7,9
"Sign Top","Calibri",6,24011,24005,6,1
"Sign Top","Calibri",5000,9499,4499,0,9
"Sign Top","Cambria",27076,48975,21899,6,5
"Sign Bottom","Cambria",52003,91427,39424,3,7
"Sign Top","Cambria",38132,70627,32495,2,7
"Sign Bottom","Cambria",85581,113465,27884,1,5
"Sign Bottom","Cambria",25439,46125,20686,9,5
"Sign Top","Cambria",74296,83655,9359,6,5
"Sign Bottom","Cambria",22626,43279,20653,6,9
"Sign Bottom","Calibri",52680,57436,4756,0,6
"Sign Top","Calibri",102000,135416,33416,0,6
"Sign Top","Cambria",106217,133258,27041,7,8
"Sign Top","Calibri",45222,73047,27825,2,7
"Sign Bottom","Cambria",153165,202415,49250,5,5
"Sign Top","Cambria",514,30060,29546,4,0
"Sign Bottom","Cambria",3214,30365,27151,4,5
"Sign Top","Calibri",114300,147896,33596,0,6
"Sign Bottom","Cambria",126928,139404,12476,8,4
"Sign Top","Calibri",52000,79644,27644,0,4
"Sign Top","Calibri",55400,97944,42544,0,4
"Sign Top","Cambria",361,13655,13294,1,5
"Sign Top","Cambria",730,8169,7439,0,9
"Sign Bottom","Cambria",63865,93020,29155,5,0
"Sign Bottom","Calibri",30611,69631,39020,1,1
"Sign Bottom","Calibri",148129,188854,40725,9,4
"Sign Bottom","Calibri",34063,34496,433,3,6
"Sign Top","Cambria",7464,29017,21553,4,7
"Sign Bottom","Calibri",33134,41602,8468,4,2
"Sign Bottom","Calibri",63305,97815,34510,5,5
"Sign Top","Calibri",51000,51980,980,0,0
"Sign Bottom","Cambria",40832,69479,28647,2,9
"Sign Bottom","Calibri",25534,74536,49002,4,6
"Sign Top","Cambria",28864,40619,11755,4,9
"Sign Top","Calibri",0,34340,34340,0,0
"Sign Top","Cambria",15024,53141,38117,4,1
"Sign Bottom","Cambria",192315,240134,47819,5,4
"Sign Bottom","Cambria",187081,187517,436,1,7
"Sign Bottom","Cambria",43017,75242,32225,7,2
"Sign Top","Calibri",76759,121761,45002,9,1
"Sign Bottom","Calibri",29491,42681,13190,1,1
"Sign Bottom","Cambria",66936,100091,33155,6,1
"Sign Top","Cambria",15,3725,3710,5,5
"Sign Bottom","Calibri",16312,37062,20750,2,2
"Sign Top","Calibri",92562,99465,6903,2,5
"Sign Bottom","Calibri",97724,117182,19458,4,2
"Sign Bottom","Cambria",64504,82194,17690,4,4
"Sign Bottom","Calibri",98173,104347,6174,3,7
"Sign Bottom","Cambria",170531,197470,26939,1,0
"Sign Bottom","Calibri",65024,107272,42248,4,2
"Sign Bottom","Calibri",93953,97319,3366,3,9
"Sign Top","Calibri",2e+05,211078,11078,0,8
"Sign Top","Calibri",36000,45949,9949,0,9
"Sign Bottom","Calibri",43300,76549,33249,0,9
"Sign Top","Cambria",22159,32382,10223,9,2
"Sign Top","Calibri",1633,37308,35675,3,8
"Sign Top","Cambria",10966,46108,35142,6,8
"Sign Bottom","Calibri",65630,78743,13113,0,3
"Sign Top","Cambria",173370,219625,46255,0,5
"Sign Top","Cambria",61081,101950,40869,1,0
"Sign Bottom","Cambria",9879,10973,1094,9,3
"Sign Bottom","Cambria",52451,80401,27950,1,1
"Sign Top","Cambria",50580,77004,26424,0,4
"Sign Bottom","Cambria",130927,177057,46130,7,7
"Sign Top","Cambria",93652,138499,44847,2,9
"Sign Bottom","Calibri",47603,54319,6716,3,9
"Sign Bottom","Cambria",54151,98337,44186,1,7
"Sign Bottom","Calibri",105675,121281,15606,5,1
"Sign Bottom","Calibri",56033,100418,44385,3,8
"Sign Bottom","Calibri",66420,88751,22331,0,1
"Sign Top","Calibri",982573,996582,14009,3,2
"Sign Bottom","Calibri",63717,83258,19541,7,8
"Sign Top","Calibri",128494,131924,3430,4,4
"Sign Top","Calibri",54475,65651,11176,5,1
"Sign Bottom","Cambria",57868,84253,26385,8,3
"Sign Bottom","Calibri",60001,68693,8692,1,3
"Sign Bottom","Cambria",56819,77098,20279,9,8
"Sign Bottom","Cambria",102334,118934,16600,4,4
"Sign Bottom","Cambria",128343,165643,37300,3,3
"Sign Top","Calibri",78598,82788,4190,8,8
"Sign Top","Calibri",24,45201,45177,4,1
"Sign Bottom","Calibri",57242,97621,40379,2,1
"Sign Top","Calibri",58265,81076,22811,5,6
"Sign Bottom","Calibri",121105,141012,19907,5,2
"Sign Bottom","Cambria",182837,216938,34101,7,8
"Sign Bottom","Calibri",44768,71906,27138,8,6
"Sign Bottom","Cambria",53347,78510,25163,7,0
"Sign Bottom","Calibri",111523,117701,6178,3,1
"Sign Top","Cambria",10778,25401,14623,8,1
"Sign Top","Calibri",31466,50132,18666,6,2
"Sign Bottom","Calibri",107052,128804,21752,2,4
"Sign Bottom","Calibri",16864,64843,47979,4,3
"Sign Top","Calibri",62012,105174,43162,2,4
"Sign Top","Cambria",67707,87133,19426,7,3
"Sign Bottom","Calibri",61872,66169,4297,2,9
"Sign Top","Cambria",42072,51720,9648,2,0
"Sign Top","Calibri",21506,61030,39524,6,0
"Sign Bottom","Cambria",49054,69077,20023,4,7
"Sign Top","Cambria",98569,108858,10289,9,8
"Sign Bottom","Calibri",143580,178537,34957,0,7
"Sign Bottom","Calibri",49846,73409,23563,6,9
"Sign Bottom","Cambria",111438,119623,8185,8,3
"Sign Top","Cambria",14909,18980,4071,9,0
"Sign Top","Calibri",110000,138834,28834,0,4
"Sign Top","Calibri",71031,106670,35639,1,0
"Sign Bottom","Calibri",41642,61172,19530,2,2
"Sign Bottom","Calibri",145000,178176,33176,0,6
"Sign Bottom","Cambria",50269,96867,46598,9,7
"Sign Bottom","Calibri",53119,74046,20927,9,6
"Sign Top","Cambria",51088,59366,8278,8,6
"Sign Top","Cambria",6691,36248,29557,1,8
"Sign Bottom","Calibri",137792,145398,7606,2,8
"Sign Top","Calibri",54000,59890,5890,0,0
"Sign Top","Cambria",43077,77665,34588,7,5
"Sign Top","Calibri",66400,70679,4279,0,9
"Sign Bottom","Cambria",23184,30953,7769,4,3
"Sign Bottom","Calibri",33256,40484,7228,6,4
"Sign Top","Cambria",13386,17492,4106,6,2
"Sign Bottom","Cambria",33693,46998,13305,3,8
"Sign Top","Cambria",21523,45449,23926,3,9
"Sign Bottom","Cambria",149773,182901,33128,3,1
"Sign Bottom","Cambria",107779,140755,32976,9,5
"Sign Bottom","Calibri",53783,64517,10734,3,7
"Sign Bottom","Calibri",59069,101902,42833,9,2
"Sign Bottom","Cambria",16243,20966,4723,3,6
"Sign Top","Cambria",84519,127356,42837,9,6
"Sign Top","Cambria",35727,83438,47711,7,8
"Sign Bottom","Calibri",69972,77759,7787,2,9
"Sign Bottom","Calibri",36108,85778,49670,8,8
"Sign Top","Cambria",68350,103161,34811,0,1
"Sign Bottom","Cambria",56858,71382,14524,8,2
"Sign Top","Calibri",4300,12275,7975,0,5
"Sign Top","Cambria",37494,59444,21950,4,4
"Sign Top","Cambria",232,42578,42346,2,8
"Sign Bottom","Calibri",28234,32522,4288,4,2
"Sign Top","Cambria",801,47393,46592,1,3
"Sign Top","Cambria",28261,68602,40341,1,2
"Sign Bottom","Calibri",12160,32961,20801,0,1
"Sign Top","Cambria",1188,37202,36014,8,2
"Sign Top","Calibri",130000,142031,12031,0,1
"Sign Bottom","Calibri",126045,155141,29096,5,1
"Sign Bottom","Cambria",66106,111602,45496,6,2
"Sign Top","Cambria",10188,47343,37155,8,3
"Sign Top","Cambria",96263,120365,24102,3,5
"Sign Bottom","Cambria",138372,162378,24006,2,8
"Sign Bottom","Cambria",47856,48575,719,6,5
"Sign Top","Cambria",239,9625,9386,9,5
"Sign Top","Calibri",120000,157158,37158,0,8
"Sign Bottom","Cambria",4304,35119,30815,4,9
"Sign Bottom","Cambria",24474,70299,45825,4,9
"Sign Bottom","Calibri",56944,98463,41519,4,3
"Sign Top","Cambria",520,48977,48457,0,7
"Sign Top","Cambria",1947,14094,12147,7,4
"Sign Bottom","Calibri",54495,66282,11787,5,2
"Sign Bottom","Cambria",120551,165848,45297,1,8
"Sign Bottom","Calibri",54700,88306,33606,0,6
"Sign Top","Calibri",85000,120619,35619,0,9
"Sign Top","Calibri",73932,104994,31062,2,4
"Sign Bottom","Cambria",98443,115343,16900,3,3
"Sign Top","Calibri",89736,134937,45201,6,7
"Sign Bottom","Calibri",31749,49103,17354,9,3
"Sign Top","Cambria",100839,130720,29881,9,0
"Sign Top","Cambria",21491,70370,48879,1,0
"Sign Top","Calibri",32000,68845,36845,0,5
"Sign Top","Cambria",106451,121348,14897,1,8
"Sign Top","Cambria",142546,151003,8457,6,3
"Sign Bottom","Cambria",6547,39090,32543,7,0
"Sign Bottom","Cambria",68033,101083,33050,3,3
"Sign Bottom","Cambria",78445,119060,40615,5,0
"Sign Top","Cambria",27158,39689,12531,8,9
"Sign Top","Calibri",19978,56664,36686,8,4
"Sign Top","Cambria",15136,54806,39670,6,6
"Sign Bottom","Cambria",18007,66362,48355,7,2
"Sign Bottom","Cambria",65125,94602,29477,5,2
"Sign Top","Calibri",140000,147475,7475,0,5
"Sign Bottom","Cambria",38825,57517,18692,5,7
"Sign Bottom","Cambria",7234,46895,39661,4,5
"Sign Bottom","Cambria",182646,191095,8449,6,5
"Sign Bottom","Calibri",104031,116736,12705,1,6
"Sign Bottom","Calibri",79145,116842,37697,5,2
"Sign Bottom","Calibri",98891,116349,17458,1,9
"Sign Top","Cambria",285556,324698,39142,6,8
"Sign Bottom","Calibri",52594,59727,7133,4,7
"Sign Bottom","Cambria",3495,36595,33100,5,5
"Sign Top","Calibri",101107,148418,47311,7,8
"Sign Top","Cambria",195272,221425,26153,2,5
"Sign Bottom","Calibri",55089,96651,41562,9,1
"Sign Bottom","Cambria",81024,82824,1800,4,4
"Sign Bottom","Calibri",37916,61545,23629,6,5
"Sign Bottom","Cambria",77,26514,26437,7,4
"Sign Top","Calibri",11000,54199,43199,0,9
"Sign Bottom","Calibri",12322,31372,19050,2,2
"Sign Top","Calibri",51938,60088,8150,8,8
"Sign Top","Cambria",52225,72998,20773,5,8
"Sign Top","Cambria",831,50100,49269,1,0
"Sign Top","Calibri",44000,51518,7518,0,8
"Sign Bottom","Cambria",168290,176048,7758,0,8
"Sign Top","Calibri",141477,167244,25767,7,4
"Sign Bottom","Calibri",92169,112610,20441,9,0
"Sign Top","Cambria",49705,78587,28882,5,7
"Sign Bottom","Cambria",10831,33494,22663,1,4
"Sign Bottom","Cambria",19647,55962,36315,7,2
"Sign Bottom","Cambria",184078,228399,44321,8,9
"Sign Top","Cambria",5470,24575,19105,0,5
"Sign Top","Cambria",42409,54025,11616,9,5
"Sign Bottom","Calibri",61550,85013,23463,0,3
"Sign Bottom","Calibri",197356,210181,12825,6,1
"Sign Top","Cambria",400,3520,3120,0,0
"Sign Top","Calibri",60158,98105,37947,8,5
"Sign Bottom","Calibri",165938,180525,14587,8,5
"Sign Bottom","Calibri",85725,87363,1638,5,3
"Sign Bottom","Calibri",83800,111915,28115,0,5
"Sign Top","Cambria",1881,21911,20030,1,1
"Sign Top","Calibri",31879,67014,35135,9,4
"Sign Bottom","Cambria",132977,181768,48791,7,8
"Sign Top","Cambria",9690,51529,41839,0,9
"Sign Top","Calibri",20000,35144,15144,0,4
"Sign Bottom","Cambria",92628,100015,7387,8,5
"Sign Bottom","Calibri",93737,124943,31206,7,3
"Sign Bottom","Calibri",25727,28302,2575,7,2
"Sign Bottom","Cambria",25243,60120,34877,3,0
"Sign Top","Cambria",13287,42805,29518,7,5
"Sign Top","Calibri",2303,21177,18874,3,7
"Sign Top","Calibri",63746,110788,47042,6,8
"Sign Top","Calibri",20338,49146,28808,8,6
"Sign Top","Calibri",11000,33008,22008,0,8
"Sign Top","Cambria",2779,47514,44735,9,4
"Sign Top","Cambria",13798,14747,949,8,7
"Sign Top","Calibri",46680,74494,27814,0,4
"Sign Top","Calibri",180000,186298,6298,0,8
"Sign Top","Cambria",190768,199609,8841,8,9
"Sign Bottom","Cambria",45068,66772,21704,8,2
"Sign Bottom","Cambria",100848,150228,49380,8,8
"Sign Bottom","Calibri",49957,57121,7164,7,1
"Sign Bottom","Calibri",110485,114375,3890,5,5
"Sign Bottom","Calibri",105280,117005,11725,0,5
"Sign Bottom","Calibri",60530,105979,45449,0,9
"Sign Bottom","Calibri",71430,96602,25172,0,2
"Sign Bottom","Cambria",87568,100399,12831,8,9
"Sign Top","Calibri",51016,72505,21489,6,5
"Sign Bottom","Calibri",61480,88884,27404,0,4
"Sign Bottom","Calibri",53141,93825,40684,1,5
"Sign Bottom","Calibri",112146,132757,20611,6,7
"Sign Top","Cambria",2504,30268,27764,4,8
"Sign Top","Calibri",21000,34167,13167,0,7
"Sign Bottom","Cambria",20326,50314,29988,6,4
"Sign Top","Calibri",74794,116379,41585,4,9
"Sign Top","Cambria",89105,116513,27408,5,3
"Sign Top","Cambria",64675,70179,5504,5,9
"Sign Bottom","Cambria",9756,14430,4674,6,0
"Sign Bottom","Calibri",243000,251276,8276,0,6
"Sign Top","Cambria",70830,96233,25403,0,3
"Sign Top","Calibri",8527,53763,45236,7,3
"Sign Top","Cambria",159676,164913,5237,6,3
"Sign Top","Calibri",109000,132711,23711,0,1
"Sign Top","Cambria",17071,31384,14313,1,4
"Sign Top","Calibri",16319,27889,11570,9,9
"Sign Top","Cambria",75214,124470,49256,4,0
"Sign Bottom","Calibri",54042,69066,15024,2,6
"Sign Bottom","Cambria",67996,77660,9664,6,0
"Sign Top","Cambria",738,48996,48258,8,6
"Sign Top","Calibri",73000,89699,16699,0,9
"Sign Bottom","Calibri",98841,144440,45599,1,0
"Sign Top","Calibri",0,48464,48464,0,4
"Sign Top","Cambria",116595,147108,30513,5,8
"Sign Bottom","Cambria",19876,46372,26496,6,2
"Sign Bottom","Calibri",43006,58530,15524,6,0
"Sign Top","Cambria",177369,206815,29446,9,5
"Sign Top","Calibri",132,34805,34673,2,5
"Sign Top","Calibri",49021,77155,28134,1,5
"Sign Bottom","Cambria",28967,58641,29674,7,1
"Sign Bottom","Cambria",24672,30932,6260,2,2
"Sign Top","Cambria",98609,127992,29383,9,2
"Sign Top","Cambria",5412,49342,43930,2,2
"Sign Bottom","Cambria",22094,25576,3482,4,6
"Sign Top","Calibri",60844,95574,34730,4,4
"Sign Bottom","Calibri",22983,25373,2390,3,3
"Sign Bottom","Cambria",182757,224106,41349,7,6
"Sign Bottom","Cambria",138135,170940,32805,5,0
"Sign Top","Calibri",62000,71615,9615,0,5
"Sign Bottom","Calibri",19797,30169,10372,7,9
"Sign Bottom","Calibri",58431,88292,29861,1,2
"Sign Top","Calibri",1e+05,118069,18069,0,9
"Sign Bottom","Calibri",110176,131157,20981,6,7
"Sign Bottom","Cambria",122099,138702,16603,9,2
"Sign Bottom","Cambria",60298,86006,25708,8,6
"Sign Top","Cambria",42902,92354,49452,2,4
"Sign Top","Cambria",292569,317565,24996,9,5
"Sign Bottom","Cambria",121854,150337,28483,4,7
"Sign Bottom","Calibri",101078,103239,2161,8,9
"Sign Bottom","Cambria",62391,93744,31353,1,4
"Sign Top","Calibri",36000,77744,41744,0,4
"Sign Top","Calibri",37100,72606,35506,0,6
"Sign Bottom","Cambria",26161,54018,27857,1,8
"Sign Bottom","Cambria",27837,48844,21007,7,4
"Sign Top","Calibri",6500,13306,6806,0,6
"Sign Top","Calibri",26296,34530,8234,6,0
"Sign Bottom","Calibri",62295,71365,9070,5,5
"Sign Top","Cambria",5243,49382,44139,3,2
"Sign Bottom","Calibri",0,33153,33153,0,3
"Sign Top","Cambria",496,28821,28325,6,1
"Sign Bottom","Calibri",17996,25999,8003,6,9
"Sign Top","Calibri",86500,112711,26211,0,1
"Sign Top","Cambria",15616,22222,6606,6,2
"Sign Top","Calibri",85000,131467,46467,0,7
"Sign Top","Cambria",61247,105924,44677,7,4
"Sign Bottom","Cambria",23385,37738,14353,5,8
"Sign Top","Calibri",14409,28017,13608,9,7
"Sign Bottom","Cambria",6881,55780,48899,1,0
"Sign Bottom","Cambria",51181,89641,38460,1,1
"Sign Bottom","Calibri",111248,147201,35953,8,1
"Sign Top","Calibri",71000,102291,31291,0,1
"Sign Bottom","Cambria",164247,202156,37909,7,6
"Sign Bottom","Cambria",64603,70433,5830,3,3
"Sign Top","Cambria",40819,41612,793,9,2
"Sign Bottom","Calibri",23810,42247,18437,0,7
"Sign Top","Calibri",38769,43112,4343,9,2
"Sign Bottom","Calibri",109646,154978,45332,6,8
"Sign Top","Calibri",80000,106193,26193,0,3
"Sign Top","Cambria",64734,65030,296,4,0
"Sign Top","Cambria",386,2556,2170,6,6
"Sign Top","Cambria",18908,61463,42555,8,3
"Sign Top","Calibri",56,8662,8606,6,2
"Sign Top","Cambria",677,40477,39800,7,7
"Sign Bottom","Cambria",154817,195454,40637,7,4
"Sign Top","Cambria",104,22790,22686,4,0
"Sign Bottom","Cambria",96520,125677,29157,0,7
"Sign Top","Cambria",50653,89773,39120,3,3
"Sign Bottom","Cambria",76938,107945,31007,8,5
"Sign Top","Calibri",25160,46831,21671,0,1
"Sign Bottom","Cambria",141453,182441,40988,3,1
"Sign Top","Calibri",61000,85495,24495,0,5
"Sign Bottom","Calibri",27212,55359,28147,2,9
"Sign Top","Cambria",40062,83295,43233,2,5
"Sign Bottom","Calibri",115330,146241,30911,0,1
"Sign Bottom","Cambria",102750,114815,12065,0,5
"Sign Bottom","Calibri",11696,51496,39800,6,6
"Sign Top","Calibri",37000,40825,3825,0,5
"Sign Top","Calibri",107100,144860,37760,0,0
"Sign Bottom","Cambria",98930,145238,46308,0,8
"Sign Top","Calibri",98390,113512,15122,0,2
"Sign Top","Calibri",87000,103307,16307,0,7
"Sign Top","Cambria",128985,170726,41741,5,6
"Sign Bottom","Calibri",25360,40760,15400,0,0
"Sign Bottom","Cambria",85075,123455,38380,5,5
"Sign Bottom","Calibri",54223,56607,2384,3,7
"Sign Bottom","Cambria",92578,95292,2714,8,2
"Sign Top","Cambria",189299,225877,36578,9,7
"Sign Bottom","Calibri",64370,76899,12529,0,9
"Sign Top","Calibri",3130,41018,37888,0,8
"Sign Bottom","Calibri",91678,137069,45391,8,9
"Sign Bottom","Cambria",15416,53917,38501,6,7
"Sign Top","Calibri",39891,61762,21871,1,2
"Sign Bottom","Cambria",66939,86991,20052,9,1
"Sign Top","Calibri",1e+05,102421,2421,0,1
"Sign Top","Cambria",593,1288,695,3,8
"Sign Top","Cambria",84754,108654,23900,4,4
"Sign Top","Cambria",68312,107508,39196,2,8
"Sign Bottom","Cambria",89418,102252,12834,8,2
"Sign Bottom","Calibri",81120,126018,44898,0,8
"Sign Top","Calibri",37620,70673,33053,0,3
"Sign Top","Calibri",96000,124263,28263,0,3
"Sign Top","Calibri",22000,58679,36679,0,9
"Sign Bottom","Calibri",76601,86258,9657,1,8
"Sign Top","Cambria",1007,24386,23379,7,6
"Sign Top","Cambria",23291,47603,24312,1,3
"Sign Bottom","Calibri",9954,38534,28580,4,4
"Sign Top","Cambria",90689,122541,31852,9,1
"Sign Top","Calibri",21900,31638,9738,0,8
"Sign Top","Cambria",29205,35894,6689,5,4
"Sign Bottom","Cambria",170183,174782,4599,3,2
"Sign Top","Cambria",112821,142513,29692,1,3
"Sign Bottom","Cambria",35677,66693,31016,7,3
"Sign Top","Cambria",499,45488,44989,9,8
"Sign Top","Calibri",37000,69266,32266,0,6
"Sign Top","Cambria",10744,30334,19590,4,4
"Sign Top","Cambria",8555,37195,28640,5,5
"Sign Bottom","Calibri",39948,63647,23699,8,7
"Sign Top","Cambria",977,5332,4355,7,2
"Sign Bottom","Cambria",57895,100111,42216,5,1
"Sign Bottom","Calibri",35084,62127,27043,4,7
"Sign Bottom","Cambria",49916,55985,6069,6,5
"Sign Top","Calibri",28600,31463,2863,0,3
"Sign Top","Cambria",91775,125091,33316,5,1
"Sign Bottom","Cambria",101143,110251,9108,3,1
"Sign Top","Cambria",21277,54002,32725,7,2
"Sign Top","Calibri",5100,53596,48496,0,6
"Sign Bottom","Cambria",45268,85452,40184,8,2
"Sign Bottom","Calibri",129450,145317,15867,0,7
"Sign Bottom","Cambria",106243,133721,27478,3,1
"Sign Bottom","Calibri",151600,171929,20329,0,9
"Sign Top","Cambria",60746,96253,35507,6,3
"Sign Bottom","Cambria",15301,53807,38506,1,7
"Sign Bottom","Cambria",135260,181200,45940,0,0
"Sign Top","Cambria",88779,123286,34507,9,6
"Sign Bottom","Calibri",143885,149071,5186,5,1
"Sign Top","Calibri",46000,91161,45161,0,1
"Sign Bottom","Calibri",121024,165396,44372,4,6
"Sign Bottom","Calibri",123505,143009,19504,5,9
"Sign Top","Calibri",16,1489,1473,6,9
"Sign Top","Cambria",110366,118707,8341,6,7
"Sign Top","Calibri",0,3630,3630,0,0
"Sign Bottom","Calibri",100467,117836,17369,7,6
"Sign Top","Calibri",250,10476,10226,0,6
"Sign Top","Cambria",121739,152607,30868,9,7
"Sign Bottom","Calibri",59624,71545,11921,4,5
"Sign Top","Cambria",440,17569,17129,0,9
"Sign Bottom","Cambria",32050,33346,1296,0,6
"Sign Top","Calibri",20970,61552,40582,0,2
"Sign Top","Cambria",22606,56382,33776,6,2
"Sign Bottom","Cambria",30700,32916,2216,0,6
"Sign Top","Cambria",29884,35459,5575,4,9
"Sign Top","Cambria",22930,37888,14958,0,8
