"year","sport","winner","win_method","points1","points2","abs_points_diff","bout"
1996,"Boxing","Blue","PTS",19,4,15,NA
1996,"Boxing","Red","PTS",16,10,6,NA
1996,"Boxing","Red","PTS",12,1,11,NA
1996,"Boxing","Blue","PTS",17,3,14,NA
1996,"Boxing","Red","PTS",12,0,12,NA
1996,"Boxing","Blue","PTS",11,9,2,NA
1996,"Boxing","Red","RSC-2",NA,NA,25,NA
1996,"Boxing","Blue","RSCH-1",NA,NA,25,NA
1996,"Boxing","Red","PTS",10,5,5,NA
1996,"Boxing","Blue","PTS",16,7,9,NA
1996,"Boxing","Blue","PTS",10,2,8,NA
1996,"Boxing","Blue","RSCH-1",NA,NA,25,NA
1996,"Boxing","Blue","PTS",15,4,11,NA
1996,"Boxing","Red","PTS",13,3,10,NA
1996,"Boxing","Blue","PTS",11,5,6,NA
1996,"Boxing","Red","PTS",18,7,11,NA
1996,"Boxing","Blue","PTS",18,6,12,NA
1996,"Boxing","Blue","PTS",9,4,5,NA
1996,"Boxing","Blue","PTS",14,5,9,NA
1996,"Boxing","Red","PTS",14,9,5,NA
1996,"Boxing","Red","PTS",14,3,11,NA
1996,"Boxing","Blue","PTS",8,1,7,NA
1996,"Boxing","Red","PTS",18,6,12,NA
1996,"Boxing","Red","PTS",19,14,5,NA
1996,"Boxing","Red","PTS",20,10,10,NA
1996,"Boxing","Red","PTS",10,9,1,NA
1996,"Boxing","Red","PTS",17,8,9,NA
1996,"Boxing","Red","PTS",22,10,12,NA
1996,"Boxing","Red","PTS",19,6,13,NA
1996,"Boxing","Red","PTS",11,4,7,NA
1996,"Boxing","Blue","PTS",8,1,7,NA
1996,"Boxing","Blue","PTS",11,9,2,NA
1996,"Boxing","Blue","PTS",16,2,14,NA
1996,"Boxing","Blue","PTS",24,12,12,NA
1996,"Boxing","Blue","PTS",10,5,5,NA
1996,"Boxing","Blue","PTS",20,8,12,NA
1996,"Boxing","Red","PTS",13,2,11,NA
1996,"Boxing","Red","PTS",18,7,11,NA
1996,"Boxing","Red","PTS",12,6,6,NA
1996,"Boxing","Blue","PTS",11,8,3,NA
1996,"Boxing","Blue","PTS",12,11,1,NA
1996,"Boxing","Red","PTS",9,4,5,NA
1996,"Boxing","Red","PTS",11,4,7,NA
1996,"Boxing","Red","PTS",13,7,6,NA
1996,"Boxing","Blue","PTS",6,2,4,NA
1996,"Boxing","Blue","PTS",13,4,9,NA
1996,"Boxing","Blue","PTS",15,13,2,NA
1996,"Boxing","Red","PTS",22,6,16,NA
1996,"Boxing","Blue","PTS",12,8,4,NA
1996,"Boxing","Red","PTS",21,4,17,NA
1996,"Boxing","Blue","PTS",27,20,7,NA
1996,"Boxing","Blue","PTS",20,4,16,NA
1996,"Boxing","Red","PTS",18,12,6,NA
1996,"Boxing","Red","TB",13,13,0,NA
1996,"Boxing","Red","PTS",18,3,15,NA
1996,"Boxing","Red","PTS",13,6,7,NA
1996,"Boxing","Blue","PTS",19,6,13,NA
1996,"Boxing","Blue","PTS",12,6,6,NA
1996,"Boxing","Red","PTS",23,18,5,NA
1996,"Boxing","Red","PTS",12,11,1,NA
1996,"Boxing","Red","PTS",10,4,6,NA
1996,"Boxing","Blue","PTS",19,4,15,NA
1996,"Boxing","Red","PTS",19,5,14,NA
1996,"Boxing","Blue","PTS",8,4,4,NA
1996,"Boxing","Blue","PTS",13,7,6,NA
1996,"Boxing","Red","PTS",16,6,10,NA
1996,"Boxing","Red","PTS",10,6,4,NA
1996,"Boxing","Red","PTS",18,14,4,NA
1996,"Boxing","Blue","PTS",16,3,13,NA
1996,"Boxing","Red","PTS",12,2,10,NA
1996,"Boxing","Red","PTS",9,3,6,NA
1996,"Boxing","Blue","RSC 3",NA,NA,25,NA
1996,"Boxing","Blue","PTS",14,4,10,NA
1996,"Boxing","Blue","PTS",20,10,10,NA
1996,"Boxing","Red","PTS",15,3,12,NA
1996,"Boxing","Blue","PTS",13,6,7,NA
1996,"Boxing","Blue","RSC 1",NA,NA,25,NA
1996,"Boxing","Blue","PTS",11,10,1,NA
1996,"Boxing","Red","RSC 3",NA,NA,25,NA
1996,"Boxing","Blue","PTS",18,6,12,NA
1996,"Boxing","Red","PTS",14,6,8,NA
1996,"Boxing","Red","PTS",16,3,13,NA
1996,"Boxing","Blue","PTS",17,3,14,NA
1996,"Boxing","Blue","PTS",15,8,7,NA
1996,"Boxing","Blue","PTS",21,9,12,NA
1996,"Boxing","Blue","PTS",13,4,9,NA
1996,"Boxing","Blue","PTS",24,2,22,NA
1996,"Boxing","Red","TB",14,14,0,NA
1996,"Boxing","Blue","PTS",12,7,5,NA
1996,"Boxing","Blue","PTS",14,7,7,NA
1996,"Boxing","Red","PTS",10,7,3,NA
1996,"Boxing","Red","RSC 2",NA,NA,25,NA
1996,"Boxing","Red","PTS",13,2,11,NA
1996,"Boxing","Red","PTS",14,2,12,NA
1996,"Boxing","Blue","RSCH 3",NA,NA,25,NA
1996,"Boxing","Blue","PTS",6,5,1,NA
1996,"Boxing","Red","PTS",9,8,1,NA
1996,"Boxing","Red","PTS",13,9,4,NA
1996,"Boxing","Red","RSCI 2",NA,NA,25,NA
1996,"Boxing","Red","PTS",15,7,8,NA
1996,"Boxing","Red","PTS",11,4,7,NA
1996,"Boxing","Red","PTS",12,3,9,NA
1996,"Boxing","Red","PTS",9,6,3,NA
1996,"Boxing","Blue","RSCI 2",NA,NA,25,NA
1996,"Boxing","Blue","PTS",10,3,7,NA
1996,"Boxing","Blue","PTS",27,2,25,NA
1996,"Boxing","Blue","PTS",12,7,5,NA
1996,"Boxing","Blue","PTS",14,12,2,NA
1996,"Boxing","Red","PTS",14,7,7,NA
1996,"Boxing","Red","PTS",8,4,4,NA
1996,"Boxing","Blue","PTS",20,8,12,NA
1996,"Boxing","Blue","PTS",16,6,10,NA
1996,"Boxing","Red","PTS",16,3,13,NA
1996,"Boxing","Blue","PTS",13,4,9,NA
1996,"Boxing","Blue","PTS",18,7,11,NA
1996,"Boxing","Blue","PTS",14,6,8,NA
1996,"Boxing","Blue","PTS",12,11,1,NA
1996,"Boxing","Red","PTS",20,8,12,NA
1996,"Boxing","Red","PTS",10,9,1,NA
1996,"Boxing","Red","PTS",8,5,3,NA
1996,"Boxing","Blue","PTS",15,1,14,NA
1996,"Boxing","Red","RSC 2",NA,NA,25,NA
1996,"Boxing","Blue","RSCH 2",NA,NA,25,NA
1996,"Boxing","Blue","PTS",16,6,10,NA
1996,"Boxing","Blue","PTS",21,5,16,NA
1996,"Boxing","Red","PTS",7,1,6,NA
1996,"Boxing","Blue","PTS",18,6,12,NA
1996,"Boxing","Blue","RSC 3",NA,NA,25,NA
1996,"Boxing","Blue","PTS",12,8,4,NA
1996,"Boxing","Red","PTS",14,2,12,NA
1996,"Boxing","Blue","TB",11,11,0,NA
1996,"Boxing","Blue","PTS",12,11,1,NA
1996,"Boxing","Blue","RSC 2",NA,NA,25,NA
1996,"Boxing","Blue","PTS",24,13,11,NA
1996,"Boxing","Red","PTS",17,9,8,NA
1996,"Boxing","Blue","PTS",16,7,9,NA
1996,"Boxing","Blue","PTS",17,9,8,NA
1996,"Boxing","Blue","PTS",20,6,14,NA
1996,"Boxing","Blue","PTS",10,9,1,NA
1996,"Boxing","Red","PTS",27,11,16,NA
1996,"Boxing","Red","PTS",11,1,10,NA
1996,"Boxing","Blue","PTS",10,1,9,NA
1996,"Boxing","Blue","PTS",14,9,5,NA
1996,"Boxing","Blue","PTS",16,10,6,NA
1996,"Boxing","Blue","PTS",14,10,4,NA
1996,"Boxing","Blue","PTS",16,10,6,NA
1996,"Boxing","Red","PTS",17,8,9,NA
1996,"Boxing","Red","PTS",15,12,3,NA
1996,"Boxing","Red","PTS",9,6,3,NA
1996,"Boxing","Blue","TB",3,3,0,NA
1996,"Boxing","Blue","RSCH 2",NA,NA,25,NA
1996,"Boxing","Red","PTS",21,5,16,NA
1996,"Boxing","Red","PTS",16,12,4,NA
1996,"Boxing","Red","PTS",21,6,15,NA
1996,"Boxing","Blue","PTS",16,3,13,NA
1996,"Boxing","Blue","PTS",25,3,22,NA
1996,"Boxing","Blue","PTS",26,12,14,NA
1996,"Boxing","Red","PTS",11,3,8,NA
1996,"Boxing","Red","PTS",18,2,16,NA
1996,"Boxing","Blue","PTS",17,3,14,NA
1996,"Boxing","Blue","PTS",32,7,25,NA
1996,"Boxing","Blue","PTS",25,9,16,NA
1996,"Boxing","Blue","RSC 3",NA,NA,25,NA
1996,"Boxing","Red","PTS",19,2,17,NA
1996,"Boxing","Red","TB",11,11,0,NA
1996,"Boxing","Red","KO 1",NA,NA,25,NA
1996,"Boxing","Red","PTS",23,1,22,NA
1996,"Boxing","Blue","PTS",11,9,2,NA
1996,"Boxing","Blue","PTS",11,3,8,NA
1996,"Boxing","Blue","PTS",16,7,9,NA
1996,"Boxing","Blue","PTS",19,8,11,NA
1996,"Boxing","Blue","PTS",18,6,12,NA
1996,"Boxing","Blue","PTS",14,6,8,NA
1996,"Boxing","Blue","PTS",17,6,11,NA
1996,"Boxing","Red","PTS",15,7,8,NA
1996,"Boxing","Red","PTS",13,8,5,NA
1996,"Boxing","Blue","PTS",16,15,1,NA
1996,"Boxing","Red","PTS",19,10,9,NA
1996,"Boxing","Red","PTS",23,6,17,NA
1996,"Boxing","Blue","PTS",20,6,14,NA
1996,"Boxing","Red","PTS",20,13,7,NA
1996,"Boxing","Blue","RSCI 3",NA,NA,25,NA
1996,"Boxing","Blue","PTS",20,10,10,NA
1996,"Boxing","Blue","PTS",10,4,6,NA
1996,"Boxing","Blue","PTS",13,6,7,NA
1996,"Boxing","Blue","PTS",11,6,5,NA
1996,"Boxing","Blue","RSC 2",NA,NA,25,NA
1996,"Boxing","Red","RSCI 2",NA,NA,25,NA
1996,"Boxing","Red","PTS",12,7,5,NA
1996,"Boxing","Blue","PTS",11,1,10,NA
1996,"Boxing","Blue","PTS",11,7,4,NA
1996,"Boxing","Blue","PTS",9,1,8,NA
1996,"Boxing","Red","TB",4,4,0,NA
1996,"Boxing","Red","PTS",15,10,5,NA
1996,"Boxing","Blue","PTS",11,2,9,NA
1996,"Boxing","Blue","PTS",18,9,9,NA
1996,"Boxing","Red","RSC 1",NA,NA,25,NA
1996,"Boxing","Red","PTS",10,4,6,NA
1996,"Boxing","Blue","PTS",8,7,1,NA
1996,"Boxing","Blue","PTS",12,2,10,NA
1996,"Boxing","Red","PTS",13,9,4,NA
1996,"Boxing","Red","PTS",9,5,4,NA
1996,"Boxing","Blue","RSC 1",NA,NA,25,NA
1996,"Boxing","Red","PTS",11,7,4,NA
1996,"Boxing","Blue","PTS",16,4,12,NA
1996,"Boxing","Blue","PTS",16,8,8,NA
1996,"Boxing","Red","PTS",16,8,8,NA
1996,"Boxing","Red","PTS",9,3,6,NA
1996,"Boxing","Blue","PTS",28,15,13,NA
1996,"Boxing","Blue","PTS",20,7,13,NA
1996,"Boxing","Red","PTS",13,11,2,NA
1996,"Boxing","Blue","PTS",14,9,5,NA
1996,"Boxing","Blue","PTS",22,7,15,NA
1996,"Boxing","Blue","RSC 3",NA,NA,25,NA
1996,"Boxing","Blue","PTS",11,10,1,NA
1996,"Boxing","Red","PTS",20,4,16,NA
1996,"Boxing","Red","PTS",8,1,7,NA
1996,"Boxing","Red","PTS",11,8,3,NA
1996,"Boxing","Blue","PTS",13,7,6,NA
1996,"Boxing","Red","PTS",10,2,8,NA
1996,"Boxing","Red","PTS",17,12,5,NA
1996,"Boxing","Red","PTS",12,1,11,NA
1996,"Boxing","Blue","PTS",15,4,11,NA
1996,"Boxing","Blue","PTS",18,4,14,NA
1996,"Boxing","Red","PTS",10,2,8,NA
1996,"Boxing","Blue","PTS",10,8,2,NA
1996,"Boxing","Red","PTS",7,2,5,NA
1996,"Boxing","Blue","PTS",18,6,12,NA
1996,"Boxing","Red","PTS",13,9,4,NA
1996,"Boxing","Red","PTS",12,5,7,NA
1996,"Boxing","Red","PTS",17,4,13,NA
1996,"Boxing","Blue","PTS",14,6,8,NA
1996,"Boxing","Blue","RSCH 1",NA,NA,25,NA
1996,"Boxing","Blue","PTS",15,2,13,NA
1996,"Boxing","Red","PTS",18,4,14,NA
1996,"Boxing","Blue","RSCH 1",NA,NA,25,NA
1996,"Boxing","Red","PTS",13,8,5,NA
1996,"Boxing","Blue","PTS",19,9,10,NA
1996,"Boxing","Red","PTS",15,8,7,NA
1996,"Boxing","Blue","PTS",12,4,8,NA
1996,"Boxing","Blue","PTS",28,19,9,NA
1996,"Boxing","Red","KO 3",NA,NA,25,NA
1996,"Boxing","Red","RSC 3",NA,NA,25,NA
1996,"Boxing","Blue","PTS",9,6,3,NA
1996,"Boxing","Blue","PTS",15,10,5,NA
1996,"Boxing","Blue","PTS",10,3,7,NA
1996,"Boxing","Blue","RSCH 2",NA,NA,25,NA
1996,"Boxing","Blue","PTS",13,5,8,NA
1996,"Boxing","Red","PTS",12,2,10,NA
1996,"Boxing","Blue","PTS",11,4,7,NA
1996,"Boxing","Blue","PTS",24,7,17,NA
1996,"Boxing","Blue","RSCI 3",NA,NA,25,NA
1996,"Boxing","Red","PTS",20,4,16,NA
1996,"Boxing","Blue","PTS",11,2,9,NA
1996,"Boxing","Red","PTS",11,4,7,NA
1996,"Boxing","Red","PTS",20,4,16,NA
1996,"Boxing","Blue","PTS",12,3,9,NA
1996,"Boxing","Red","PTS",9,8,1,NA
1996,"Boxing","Red","PTS",11,6,5,NA
1996,"Boxing","Blue","PTS",8,5,3,NA
1996,"Boxing","Red","PTS",11,6,5,NA
1996,"Boxing","Blue","PTS",16,2,14,NA
1996,"Boxing","Red","TB",4,4,0,NA
1996,"Boxing","Red","PTS",5,0,5,NA
1996,"Boxing","Red","RSCH 3",NA,NA,25,NA
1996,"Boxing","Red","PTS",16,12,4,NA
1996,"Boxing","Red","PTS",15,9,6,NA
1996,"Boxing","Red","TB",8,8,0,NA
1996,"Boxing","Red","PTS",15,8,7,NA
1996,"Boxing","Red","TB",11,11,0,NA
1996,"Boxing","Blue","PTS",17,8,9,NA
1996,"Boxing","Blue","PTS",11,3,8,NA
1996,"Boxing","Blue","PTS",5,2,3,NA
1996,"Boxing","Blue","PTS",16,11,5,NA
1996,"Boxing","Blue","PTS",15,7,8,NA
1996,"Boxing","Red","KO 3",NA,NA,25,NA
1996,"Boxing","Blue","PTS",15,6,9,NA
1996,"Boxing","Red","RSC 2",NA,NA,25,NA
1996,"Boxing","Red","PTS",15,7,8,NA
1996,"Boxing","Blue","PTS",9,4,5,NA
1996,"Boxing","Blue","PTS",21,9,12,NA
1996,"Boxing","Red","PTS",22,3,19,NA
1996,"Boxing","Blue","PTS",21,7,14,NA
1996,"Boxing","Blue","RSC 2",NA,NA,25,NA
1996,"Boxing","Blue","PTS",7,3,4,NA
1996,"Boxing","Blue","PTS",14,0,14,NA
1996,"Boxing","Blue","PTS",20,9,11,NA
1996,"Boxing","Blue","RSC 1",NA,NA,25,NA
1996,"Boxing","Blue","PTS",16,7,9,NA
1996,"Boxing","Red","PTS",7,3,4,NA
1996,"Boxing","Red","PTS",18,13,5,NA
1996,"Boxing","Red","RSCH 1",NA,NA,25,NA
1996,"Boxing","Blue","PTS",24,9,15,NA
1996,"Boxing","Red","PTS",10,9,1,NA
1996,"Boxing","Red","PTS",13,9,4,NA
1996,"Boxing","Red","RSCH 3",NA,NA,25,NA
1996,"Boxing","Blue","PTS",14,8,6,NA
1996,"Boxing","Blue","PTS",14,7,7,NA
1996,"Boxing","Blue","PTS",14,11,3,NA
1996,"Boxing","Blue","PTS",15,9,6,NA
1996,"Boxing","Blue","PTS",12,8,4,NA
1996,"Boxing","Red","PTS",17,4,13,NA
1996,"Boxing","Red","PTS",17,4,13,NA
1996,"Boxing","Red","PTS",12,4,8,NA
1996,"Boxing","Blue","RSC 1",NA,NA,25,NA
1996,"Boxing","Red","PTS",16,6,10,NA
1996,"Boxing","Red","PTS",14,2,12,NA
1996,"Boxing","Blue","PTS",12,8,4,NA
1996,"Boxing","Blue","PTS",9,3,6,NA
1996,"Boxing","Red","RSCI 3",NA,NA,25,NA
1996,"Boxing","Blue","PTS",10,7,3,NA
1996,"Boxing","Red","RSCH 2",NA,NA,25,NA
1996,"Boxing","Red","PTS",15,4,11,NA
1996,"Boxing","Blue","PTS",10,2,8,NA
1996,"Boxing","Blue","PTS",12,8,4,NA
1996,"Boxing","Blue","PTS",6,1,5,NA
1996,"Boxing","Blue","KO 1",NA,NA,25,NA
1996,"Boxing","Red","PTS",21,4,17,NA
1996,"Boxing","Red","PTS",10,5,5,NA
1996,"Boxing","Blue","PTS",20,4,16,NA
1996,"Boxing","Blue","PTS",16,10,6,NA
1996,"Boxing","Blue","PTS",20,2,18,NA
1996,"Boxing","Blue","RSCI 2",NA,NA,25,NA
1996,"Boxing","Red","RSC 2",NA,NA,25,NA
1996,"Boxing","Red","RSCI 2",NA,NA,25,NA
1996,"Boxing","Blue","RSCH 1",NA,NA,25,NA
1996,"Boxing","Red","PTS",10,8,2,NA
1996,"Boxing","Red","RSCI 1",NA,NA,25,NA
1996,"Boxing","Blue","PTS",12,9,3,NA
1996,"Boxing","Red","PTS",10,9,1,NA
1996,"Boxing","Red","RSCH 1",NA,NA,25,NA
1996,"Boxing","Blue","RSCH 2",NA,NA,25,NA
1996,"Boxing","Blue","RSC 1",NA,NA,25,NA
1996,"Boxing","Blue","RSC 1",NA,NA,25,NA
1996,"Boxing","Red","PTS",9,5,4,NA
1996,"Boxing","Red","PTS",17,12,5,NA
1996,"Boxing","Red","RSCH 3",NA,NA,25,NA
1996,"Boxing","Red","PTS",4,1,3,NA
1996,"Boxing","Red","PTS",7,6,1,NA
1996,"Boxing","Red","PTS",7,3,4,NA
1996,"FreeStyle Wrestling","Blue","PP",3,7,4,NA
1996,"FreeStyle Wrestling","Red","PP",10,3,7,NA
1996,"FreeStyle Wrestling","Red","PP",6,2,4,NA
1996,"FreeStyle Wrestling","Blue","PO",0,7,7,NA
1996,"FreeStyle Wrestling","Red","PP",8,3,5,NA
1996,"FreeStyle Wrestling","Blue","PP",5,8,3,NA
1996,"FreeStyle Wrestling","Blue","ST",0,15,15,NA
1996,"FreeStyle Wrestling","Red","ST",14,0,14,NA
1996,"FreeStyle Wrestling","Blue","PP",4,10,6,NA
1996,"FreeStyle Wrestling","Red","PP",7,3,4,NA
1996,"FreeStyle Wrestling","Blue","PP",3,6,3,NA
1996,"FreeStyle Wrestling","Blue","PP",4,7,3,NA
1996,"FreeStyle Wrestling","Red","PP",10,4,6,NA
1996,"FreeStyle Wrestling","Blue","PO",0,11,11,NA
1996,"FreeStyle Wrestling","Blue","PP",2,7,5,NA
1996,"FreeStyle Wrestling","Red","SP",16,3,13,NA
1996,"FreeStyle Wrestling","Red","PP",7,4,3,NA
1996,"FreeStyle Wrestling","Blue","PO",0,6,6,NA
1996,"FreeStyle Wrestling","Blue","PP",4,8,4,NA
1996,"FreeStyle Wrestling","Red","PP",7,4,3,NA
1996,"FreeStyle Wrestling","Red","PP",6,2,4,NA
1996,"FreeStyle Wrestling","Blue","PP",2,4,2,NA
1996,"FreeStyle Wrestling","Red","PP",7,2,5,NA
1996,"FreeStyle Wrestling","Red","PP",6,2,4,NA
1996,"FreeStyle Wrestling","Blue","PO",0,10,10,NA
1996,"FreeStyle Wrestling","Red","PP",9,5,4,NA
1996,"FreeStyle Wrestling","Red","PP",6,3,3,NA
1996,"FreeStyle Wrestling","Blue","PO",0,7,7,NA
1996,"FreeStyle Wrestling","Blue","PO",0,3,3,NA
1996,"FreeStyle Wrestling","Red","PP",11,7,4,NA
1996,"FreeStyle Wrestling","Red","PP",4,2,2,NA
1996,"FreeStyle Wrestling","Red","ST",16,0,16,NA
1996,"FreeStyle Wrestling","Blue","PO",0,8,8,NA
1996,"FreeStyle Wrestling","Blue","PP",4,8,4,NA
1996,"FreeStyle Wrestling","Blue","PP",2,9,7,NA
1996,"FreeStyle Wrestling","Blue","PP",4,8,4,NA
1996,"FreeStyle Wrestling","Blue","PO",0,8,8,NA
1996,"FreeStyle Wrestling","Blue","PO",0,5,5,NA
1996,"FreeStyle Wrestling","Blue","PP",2,5,3,NA
1996,"FreeStyle Wrestling","Red","PP",6,3,3,NA
1996,"FreeStyle Wrestling","Red","PO",7,0,7,NA
1996,"FreeStyle Wrestling","Blue","PO",0,3,3,NA
1996,"FreeStyle Wrestling","Blue","PP",2,5,3,NA
1996,"FreeStyle Wrestling","Red","PP",7,2,5,NA
1996,"FreeStyle Wrestling","Blue","PO",0,6,6,NA
1996,"FreeStyle Wrestling","Red","PP",10,2,8,NA
1996,"FreeStyle Wrestling","Red","PO",6,0,6,NA
1996,"FreeStyle Wrestling","Blue","TO",0,16,16,NA
1996,"FreeStyle Wrestling","Blue","PO",0,8,8,NA
1996,"FreeStyle Wrestling","Blue","PO",0,6,6,NA
1996,"FreeStyle Wrestling","Blue","PP",4,7,3,NA
1996,"FreeStyle Wrestling","Red","PP",7,2,5,NA
1996,"FreeStyle Wrestling","Red","PP",7,2,5,NA
1996,"FreeStyle Wrestling","Red","PP",10,5,5,NA
1996,"FreeStyle Wrestling","Red","PP",4,2,2,NA
1996,"FreeStyle Wrestling","Red","PO",7,0,7,NA
1996,"FreeStyle Wrestling","Red","PO",4,0,4,NA
1996,"FreeStyle Wrestling","Red","PO",3,0,3,NA
1996,"FreeStyle Wrestling","Red","PP",6,2,4,NA
1996,"FreeStyle Wrestling","Blue","PP",2,4,2,NA
1996,"FreeStyle Wrestling","Red","PO",6,0,6,NA
1996,"GrecoRoman Wrestling","Red","PP",7,2,5,NA
1996,"GrecoRoman Wrestling","Red","ST",15,0,15,NA
1996,"GrecoRoman Wrestling","Blue","PO",0,8,8,NA
1996,"GrecoRoman Wrestling","Blue","PO",0,7,7,NA
1996,"GrecoRoman Wrestling","Red","PO",7,0,7,NA
1996,"GrecoRoman Wrestling","Red","PO",7,0,7,NA
1996,"GrecoRoman Wrestling","Blue","PO",0,6,6,NA
1996,"GrecoRoman Wrestling","Red","PP",10,2,8,NA
1996,"GrecoRoman Wrestling","Blue","PP",3,9,6,NA
1996,"GrecoRoman Wrestling","Red","PO",8,0,8,NA
1996,"GrecoRoman Wrestling","Blue","PP",2,7,5,NA
1996,"GrecoRoman Wrestling","Red","PP",8,2,6,NA
1996,"GrecoRoman Wrestling","Blue","PP",2,11,9,NA
1996,"GrecoRoman Wrestling","Red","PO",6,0,6,NA
1996,"GrecoRoman Wrestling","Red","PO",4,0,4,NA
1996,"GrecoRoman Wrestling","Blue","PO",0,7,7,NA
1996,"GrecoRoman Wrestling","Red","PP",7,2,5,NA
1996,"GrecoRoman Wrestling","Blue","PP",2,6,4,NA
1996,"GrecoRoman Wrestling","Red","PP",11,3,8,NA
1996,"GrecoRoman Wrestling","Blue","PP",2,7,5,NA
1996,"GrecoRoman Wrestling","Blue","PO",0,6,6,NA
1996,"GrecoRoman Wrestling","Red","PO",12,0,12,NA
1996,"GrecoRoman Wrestling","Red","PP",6,2,4,NA
1996,"GrecoRoman Wrestling","Red","PO",9,0,9,NA
1996,"GrecoRoman Wrestling","Blue","PO",0,7,7,NA
1996,"GrecoRoman Wrestling","Red","PO",6,0,6,NA
1996,"GrecoRoman Wrestling","Blue","PP",2,7,5,NA
1996,"GrecoRoman Wrestling","Blue","PP",2,5,3,NA
1996,"GrecoRoman Wrestling","Red","PO",7,0,7,NA
1996,"GrecoRoman Wrestling","Red","PO",10,0,10,NA
1996,"GrecoRoman Wrestling","Blue","PP",3,9,6,NA
1996,"GrecoRoman Wrestling","Red","PP",8,5,3,NA
1996,"GrecoRoman Wrestling","Blue","ST",0,14,14,NA
1996,"GrecoRoman Wrestling","Blue","PP",3,7,4,NA
1996,"GrecoRoman Wrestling","Red","PP",11,3,8,NA
1996,"GrecoRoman Wrestling","Red","PO",8,0,8,NA
1996,"GrecoRoman Wrestling","Red","PO",4,0,4,NA
1996,"GrecoRoman Wrestling","Red","PP",6,2,4,NA
1996,"GrecoRoman Wrestling","Red","PO",7,0,7,NA
1996,"GrecoRoman Wrestling","Red","PO",6,0,6,NA
1996,"GrecoRoman Wrestling","Blue","PP",4,8,4,NA
1996,"GrecoRoman Wrestling","Red","PP",7,3,4,NA
1996,"GrecoRoman Wrestling","Blue","PO",0,6,6,NA
1996,"GrecoRoman Wrestling","Red","PO",9,0,9,NA
1996,"GrecoRoman Wrestling","Red","TO",8,1,15,NA
1996,"GrecoRoman Wrestling","Red","PO",5,0,5,NA
1996,"GrecoRoman Wrestling","Red","PO",9,0,9,NA
1996,"GrecoRoman Wrestling","Red","TO",9,0,15,NA
1996,"GrecoRoman Wrestling","Blue","PP",2,5,3,NA
1996,"GrecoRoman Wrestling","Blue","PO",0,5,5,NA
1996,"GrecoRoman Wrestling","Red","TO",7,0,15,NA
1996,"GrecoRoman Wrestling","Blue","PO",0,3,3,NA
1996,"GrecoRoman Wrestling","Blue","TO",0,8,15,NA
1996,"GrecoRoman Wrestling","Red","TO",12,0,15,NA
1996,"GrecoRoman Wrestling","Red","PO",7,0,7,NA
1996,"GrecoRoman Wrestling","Red","PO",6,0,6,NA
1996,"GrecoRoman Wrestling","Blue","PO",0,4,4,NA
1996,"GrecoRoman Wrestling","Red","PO",4,0,4,NA
2000,"Boxing","Red","RSCO",NA,NA,16,1
2000,"Boxing","Red","PTS",11,10,1,2
2000,"Boxing","Red","PTS",12,9,3,3
2000,"Boxing","Blue","RSCO",NA,NA,16,4
2000,"Boxing","Blue","PTS",2,9,7,5
2000,"Boxing","Red","RSCH",NA,NA,16,6
2000,"Boxing","Blue","PTS",4,18,14,7
2000,"Boxing","Blue","RSCO",NA,NA,16,8
2000,"Boxing","Blue","RSCH",NA,NA,16,9
2000,"Boxing","Red","PTS",5,4,1,10
2000,"Boxing","Blue","PTS",9,9,0,11
2000,"Boxing","Blue","PTS",7,12,5,12
2000,"Boxing","Red","PTS",7,2,5,13
2000,"Boxing","Blue","PTS",8,13,5,14
2000,"Boxing","Blue","KO",NA,NA,16,15
2000,"Boxing","Red","PTS",12,12,0,16
2000,"Boxing","Blue","PTS",4,17,13,17
2000,"Boxing","Red","PTS",16,4,12,18
2000,"Boxing","Blue","PTS",2,4,2,19
2000,"Boxing","Blue","PTS",2,14,12,20
2000,"Boxing","Red","PTS",8,6,2,21
2000,"Boxing","Blue","RSCO",NA,NA,16,22
2000,"Boxing","Blue","PTS",5,15,10,23
2000,"Boxing","Red","RSCO",NA,NA,16,25
2000,"Boxing","Red","PTS",16,15,1,26
2000,"Boxing","Blue","PTS",3,9,6,27
2000,"Boxing","Blue","PTS",5,9,4,28
2000,"Boxing","Red","PTS",10,5,5,29
2000,"Boxing","Blue","PTS",10,24,14,30
2000,"Boxing","Red","PTS",14,5,9,31
2000,"Boxing","Blue","PTS",7,19,12,32
2000,"Boxing","Red","PTS",14,5,9,33
2000,"Boxing","Red","PTS",15,6,9,34
2000,"Boxing","Blue","PTS",6,16,10,35
2000,"Boxing","Blue","PTS",3,12,9,36
2000,"Boxing","Blue","PTS",6,8,2,37
2000,"Boxing","Blue","PTS",6,16,10,38
2000,"Boxing","Red","PTS",12,7,5,39
2000,"Boxing","Blue","PTS",1,15,14,40
2000,"Boxing","Blue","PTS",8,20,12,41
2000,"Boxing","Blue","RSCO",NA,NA,16,42
2000,"Boxing","Blue","RSCO",NA,NA,16,43
2000,"Boxing","Red","PTS",15,3,12,44
2000,"Boxing","Red","PTS",17,5,12,45
2000,"Boxing","Red","PTS",15,4,11,46
2000,"Boxing","Red","PTS",10,9,1,47
2000,"Boxing","Blue","PTS",5,14,9,48
2000,"Boxing","Blue","PTS",5,10,5,49
2000,"Boxing","Red","PTS",8,4,4,50
2000,"Boxing","Blue","PTS",4,5,1,51
2000,"Boxing","Red","PTS",10,6,4,52
2000,"Boxing","Blue","RSCO",NA,NA,16,53
2000,"Boxing","Red","PTS",11,10,1,54
2000,"Boxing","Blue","RSCO",NA,NA,16,55
2000,"Boxing","Blue","RSCO",NA,NA,16,56
2000,"Boxing","Red","PTS",20,11,9,57
2000,"Boxing","Red","PTS",17,10,7,58
2000,"Boxing","Red","PTS",12,3,9,59
2000,"Boxing","Red","RSCO",NA,NA,16,60
2000,"Boxing","Blue","PTS",4,7,3,61
2000,"Boxing","Blue","RSCO",NA,NA,16,62
2000,"Boxing","Red","PTS",9,5,4,63
2000,"Boxing","Blue","RSCO",NA,NA,16,64
2000,"Boxing","Blue","RSCH",NA,NA,16,65
2000,"Boxing","Blue","PTS",9,19,10,66
2000,"Boxing","Red","PTS",8,7,1,67
2000,"Boxing","Red","PTS",12,3,9,68
2000,"Boxing","Red","PTS",8,7,1,69
2000,"Boxing","Red","RSCO",NA,NA,16,70
2000,"Boxing","Red","PTS",13,1,12,71
2000,"Boxing","Red","PTS",16,10,6,73
2000,"Boxing","Blue","PTS",11,17,6,74
2000,"Boxing","Red","PTS",12,3,9,75
2000,"Boxing","Red","PTS",20,8,12,76
2000,"Boxing","Blue","PTS",11,16,5,77
2000,"Boxing","Blue","PTS",4,17,13,78
2000,"Boxing","Red","RSCO",NA,NA,16,79
2000,"Boxing","Blue","PTS",8,19,11,80
2000,"Boxing","Blue","RSCO",NA,NA,16,81
2000,"Boxing","Blue","RSCO",NA,NA,16,82
2000,"Boxing","Red","PTS",18,11,7,83
2000,"Boxing","Red","RSCO",NA,NA,16,84
2000,"Boxing","Blue","PTS",13,15,2,85
2000,"Boxing","Blue","RSCH",NA,NA,16,86
2000,"Boxing","Red","PTS",12,6,6,87
2000,"Boxing","Blue","PTS",8,16,8,88
2000,"Boxing","Blue","RSCO",NA,NA,16,89
2000,"Boxing","Red","PTS",20,12,8,90
2000,"Boxing","Blue","RSCH",NA,NA,16,91
2000,"Boxing","Red","PTS",8,5,3,92
2000,"Boxing","Blue","PTS",7,16,9,93
2000,"Boxing","Red","PTS",10,6,4,94
2000,"Boxing","Blue","RSCO",NA,NA,16,95
2000,"Boxing","Blue","PTS",4,14,10,97
2000,"Boxing","Blue","PTS",9,14,5,98
2000,"Boxing","Blue","PTS",3,5,2,99
2000,"Boxing","Blue","PTS",3,14,11,100
2000,"Boxing","Red","RSCH",NA,NA,16,101
2000,"Boxing","Red","PTS",16,3,13,102
2000,"Boxing","Red","PTS",11,9,2,103
2000,"Boxing","Red","PTS",12,9,3,104
2000,"Boxing","Blue","RSCO",NA,NA,16,105
2000,"Boxing","Red","RSCO",NA,NA,16,106
2000,"Boxing","Red","PTS",17,9,8,107
2000,"Boxing","Red","PTS",14,2,12,108
2000,"Boxing","Blue","PTS",5,8,3,109
2000,"Boxing","Blue","PTS",3,9,6,110
2000,"Boxing","Blue","RSCO",NA,NA,16,111
2000,"Boxing","Blue","PTS",7,17,10,112
2000,"Boxing","Blue","PTS",6,15,9,113
2000,"Boxing","Red","PTS",14,9,5,114
2000,"Boxing","Blue","PTS",10,14,4,115
2000,"Boxing","Red","PTS",11,2,9,116
2000,"Boxing","Blue","RSCO",NA,NA,16,117
2000,"Boxing","Red","RSCO",NA,NA,16,118
2000,"Boxing","Red","PTS",15,13,2,119
2000,"Boxing","Red","PTS",14,5,9,120
2000,"Boxing","Red","PTS",17,8,9,121
2000,"Boxing","Blue","PTS",7,13,6,122
2000,"Boxing","Blue","PTS",8,13,5,123
2000,"Boxing","Red","PTS",15,1,14,124
2000,"Boxing","Blue","PTS",7,11,4,125
2000,"Boxing","Red","RSCO",NA,NA,16,126
2000,"Boxing","Red","PTS",11,6,5,127
2000,"Boxing","Blue","PTS",4,9,5,128
2000,"Boxing","Blue","RSCO",NA,NA,16,129
2000,"Boxing","Blue","PTS",2,11,9,130
2000,"Boxing","Red","PTS",12,7,5,131
2000,"Boxing","Red","RSCO",NA,NA,16,132
2000,"Boxing","Red","RSCO",NA,NA,16,133
2000,"Boxing","Red","PTS",11,3,8,134
2000,"Boxing","Blue","PTS",5,13,8,135
2000,"Boxing","Blue","PTS",4,13,9,136
2000,"Boxing","Red","PTS",9,4,5,137
2000,"Boxing","Blue","PTS",7,13,6,138
2000,"Boxing","Red","RSCI",NA,NA,16,139
2000,"Boxing","Red","PTS",15,2,13,140
2000,"Boxing","Blue","RSCH",NA,NA,16,141
2000,"Boxing","Blue","RSCH",NA,NA,16,142
2000,"Boxing","Blue","PTS",15,17,2,143
2000,"Boxing","Blue","RSCO",NA,NA,16,144
2000,"Boxing","Blue","PTS",8,20,12,145
2000,"Boxing","Blue","PTS",11,24,13,146
2000,"Boxing","Blue","PTS",15,17,2,147
2000,"Boxing","Red","PTS",14,8,6,148
2000,"Boxing","Blue","RSCO",NA,NA,16,149
2000,"Boxing","Blue","PTS",5,9,4,151
2000,"Boxing","Red","RSCO",NA,NA,16,152
2000,"Boxing","Blue","PTS",9,15,6,153
2000,"Boxing","Blue","PTS",7,21,14,154
2000,"Boxing","Red","PTS",8,4,4,155
2000,"Boxing","Red","PTS",6,4,2,156
2000,"Boxing","Blue","RSCI",NA,NA,16,157
2000,"Boxing","Red","RSCO",NA,NA,16,158
2000,"Boxing","Blue","PTS",7,9,2,159
2000,"Boxing","Red","PTS",17,11,6,160
2000,"Boxing","Blue","PTS",11,14,3,161
2000,"Boxing","Red","PTS",12,2,10,162
2000,"Boxing","Red","PTS",20,7,13,163
2000,"Boxing","Blue","PTS",3,12,9,164
2000,"Boxing","Blue","PTS",8,9,1,165
2000,"Boxing","Blue","RSCO",NA,NA,16,167
2000,"Boxing","Red","PTS",21,14,7,168
2000,"Boxing","Red","PTS",16,5,11,169
2000,"Boxing","Blue","RSCO",NA,NA,16,170
2000,"Boxing","Red","PTS",16,5,11,171
2000,"Boxing","Red","PTS",17,12,5,172
2000,"Boxing","Red","PTS",18,16,2,173
2000,"Boxing","Blue","RSCO",NA,NA,16,174
2000,"Boxing","Blue","PTS",8,21,13,175
2000,"Boxing","Red","PTS",21,14,7,176
2000,"Boxing","Red","PTS",16,5,11,177
2000,"Boxing","Red","KO",NA,NA,16,178
2000,"Boxing","Blue","PTS",15,17,2,179
2000,"Boxing","Blue","PTS",2,7,5,180
2000,"Boxing","Blue","PTS",8,15,7,181
2000,"Boxing","Red","PTS",15,12,3,182
2000,"Boxing","Red","RSCO",NA,NA,16,183
2000,"Boxing","Red","RSCO",NA,NA,16,184
2000,"Boxing","Red","PTS",23,9,14,185
2000,"Boxing","Blue","RSCO",NA,NA,16,186
2000,"Boxing","Blue","PTS",14,17,3,187
2000,"Boxing","Red","RSCO",NA,NA,16,188
2000,"Boxing","Red","RSC",NA,NA,16,189
2000,"Boxing","Blue","PTS",5,19,14,190
2000,"Boxing","Red","PTS",20,11,9,191
2000,"Boxing","Red","PTS",12,9,3,192
2000,"Boxing","Red","RSCO",NA,NA,16,193
2000,"Boxing","Red","PTS",12,9,3,194
2000,"Boxing","Blue","PTS",14,25,11,195
2000,"Boxing","Blue","PTS",16,19,3,196
2000,"Boxing","Red","RSCO",NA,NA,16,197
2000,"Boxing","Blue","PTS",10,14,4,198
2000,"Boxing","Blue","RSC",NA,NA,16,199
2000,"Boxing","Blue","PTS",12,13,1,200
2000,"Boxing","Red","PTS",13,5,8,201
2000,"Boxing","Red","RSCH",NA,NA,16,202
2000,"Boxing","Blue","RSCO",NA,NA,16,203
2000,"Boxing","Blue","PTS",7,11,4,204
2000,"Boxing","Red","PTS",18,18,0,205
2000,"Boxing","Blue","PTS",10,16,6,206
2000,"Boxing","Blue","PTS",11,17,6,207
2000,"Boxing","Red","PTS",15,6,9,208
2000,"Boxing","Red","PTS",8,8,0,209
2000,"Boxing","Blue","RSCO",NA,NA,16,210
2000,"Boxing","Blue","RSCI",NA,NA,16,211
2000,"Boxing","Red","PTS",23,18,5,212
2000,"Boxing","Red","RSCO",NA,NA,16,213
2000,"Boxing","Blue","RSCO",NA,NA,16,214
2000,"Boxing","Red","PTS",11,10,1,215
2000,"Boxing","Red","PTS",22,10,12,216
2000,"Boxing","Blue","RSCO",NA,NA,16,217
2000,"Boxing","Blue","PTS",10,16,6,218
2000,"Boxing","Blue","RSCO",NA,NA,16,219
2000,"Boxing","Red","RSCO",NA,NA,16,220
2000,"Boxing","Blue","PTS",10,10,0,221
2000,"Boxing","Red","PTS",26,14,12,222
2000,"Boxing","Blue","PTS",9,14,5,223
2000,"Boxing","Red","RSCO",NA,NA,16,224
2000,"Boxing","Blue","RSCO",NA,NA,16,225
2000,"Boxing","Red","RSCO",NA,NA,16,226
2000,"Boxing","Blue","PTS",8,12,4,227
2000,"Boxing","Blue","PTS",5,12,7,228
2000,"Boxing","Red","PTS",26,19,7,229
2000,"Boxing","Red","PTS",14,5,9,230
2000,"Boxing","Blue","RSCO",NA,NA,16,231
2000,"Boxing","Red","PTS",14,12,2,232
2000,"Boxing","Red","PTS",8,7,1,233
2000,"Boxing","Blue","PTS",10,19,9,234
2000,"Boxing","Red","KO",NA,NA,16,235
2000,"Boxing","Red","PTS",18,8,10,236
2000,"Boxing","Red","PTS",18,13,5,237
2000,"Boxing","Blue","PTS",13,18,5,238
2000,"Boxing","Blue","PTS",8,15,7,239
2000,"Boxing","Red","PTS",23,12,11,240
2000,"Boxing","Blue","PTS",18,21,3,241
2000,"Boxing","Red","PTS",12,11,1,242
2000,"Boxing","Red","RSCH",NA,NA,16,243
2000,"Boxing","Red","PTS",17,12,5,244
2000,"Boxing","Blue","PTS",9,15,6,245
2000,"Boxing","Blue","RSCO",NA,NA,16,246
2000,"Boxing","Blue","PTS",7,8,1,247
2000,"Boxing","Red","PTS",12,12,0,248
2000,"Boxing","Red","RSCO",NA,NA,16,249
2000,"Boxing","Red","PTS",25,12,13,250
2000,"Boxing","Blue","PTS",8,19,11,251
2000,"Boxing","Blue","RSCO",NA,NA,16,252
2000,"Boxing","Red","RSCO",NA,NA,16,253
2000,"Boxing","Blue","PTS",12,17,5,254
2000,"Boxing","Blue","PTS",8,22,14,255
2000,"Boxing","Blue","PTS",6,9,3,256
2000,"Boxing","Blue","PTS",9,16,7,257
2000,"Boxing","Red","PTS",19,14,5,258
2000,"Boxing","Blue","RSCO",NA,NA,16,259
2000,"Boxing","Blue","PTS",11,13,2,260
2000,"Boxing","Blue","PTS",3,14,11,261
2000,"Boxing","Red","PTS",19,9,10,262
2000,"Boxing","Red","PTS",15,10,5,263
2000,"Boxing","Red","PTS",13,12,1,264
2000,"Boxing","Blue","PTS",10,15,5,265
2000,"Boxing","Blue","PTS",6,18,12,266
2000,"Boxing","Red","PTS",27,15,12,267
2000,"Boxing","Red","PTS",22,14,8,268
2000,"Boxing","Red","PTS",19,10,9,269
2000,"Boxing","Red","PTS",17,8,9,270
2000,"Boxing","Blue","PTS",16,24,8,271
2000,"Boxing","Red","PTS",19,9,10,272
2000,"Boxing","Blue","PTS",8,14,6,273
2000,"Boxing","Blue","PTS",4,19,15,274
2000,"Boxing","Red","PTS",22,16,6,275
2000,"Boxing","Red","PTS",14,11,3,276
2000,"Boxing","Blue","PTS",10,22,12,277
2000,"Boxing","Red","PTS",23,12,11,278
2000,"Boxing","Blue","PTS",41,42,1,279
2000,"Boxing","Blue","RSCO",NA,NA,16,280
2000,"Boxing","Blue","PTS",16,26,10,281
2000,"Boxing","Red","RSCO",NA,NA,16,282
2000,"Boxing","Red","PTS",11,7,4,283
2000,"Boxing","Blue","RSCO",NA,NA,16,284
2000,"Boxing","Blue","PTS",22,28,6,285
2000,"Boxing","Blue","PTS",16,32,16,286
2000,"Boxing","Blue","PTS",10,23,13,287
2000,"Boxing","Blue","PTS",12,18,6,288
2000,"Boxing","Red","PTS",14,4,10,289
2000,"Boxing","Red","PTS",24,16,8,290
2000,"Boxing","Blue","PTS",15,17,2,291
2000,"Boxing","Red","PTS",21,13,8,292
2000,"Boxing","Blue","PTS",12,19,7,293
2000,"Boxing","Red","PTS",22,14,8,294
2000,"Boxing","Blue","PTS",20,27,7,295
2000,"Boxing","Blue","PTS",23,25,2,296
2000,"Boxing","Blue","PTS",6,20,14,297
2000,"Boxing","Blue","PTS",16,30,14,298
2000,"FreeStyle Wrestling","Red","PP",11,5,6,NA
2000,"FreeStyle Wrestling","Blue","PP",3,7,4,NA
2000,"FreeStyle Wrestling","Red","PO",6,0,6,NA
2000,"FreeStyle Wrestling","Red","PP",8,4,4,NA
2000,"FreeStyle Wrestling","Red","PP",11,2,9,NA
2000,"FreeStyle Wrestling","Blue","PP",5,8,3,NA
2000,"FreeStyle Wrestling","Blue","PP",4,7,3,NA
2000,"FreeStyle Wrestling","Red","PP",8,3,5,NA
2000,"FreeStyle Wrestling","Blue","PP",3,7,4,NA
2000,"FreeStyle Wrestling","Red","PP",9,5,4,NA
2000,"FreeStyle Wrestling","Blue","PO",0,5,5,NA
2000,"FreeStyle Wrestling","Red","PO",9,0,9,NA
2000,"FreeStyle Wrestling","Red","PP",6,3,3,NA
2000,"FreeStyle Wrestling","Red","PO",6,0,6,NA
2000,"FreeStyle Wrestling","Red","PP",7,2,5,NA
2000,"FreeStyle Wrestling","Red","PP",6,3,3,NA
2000,"FreeStyle Wrestling","Red","PO",7,0,7,NA
2000,"FreeStyle Wrestling","Red","PP",7,5,2,NA
2000,"FreeStyle Wrestling","Blue","SP",3,16,13,NA
2000,"FreeStyle Wrestling","Blue","PP",3,6,3,NA
2000,"FreeStyle Wrestling","Red","PP",6,2,4,NA
2000,"FreeStyle Wrestling","Blue","PP",2,6,4,NA
2000,"FreeStyle Wrestling","Red","PP",9,4,5,NA
2000,"FreeStyle Wrestling","Red","PP",6,3,3,NA
2000,"FreeStyle Wrestling","Red","PP",9,4,5,NA
2000,"FreeStyle Wrestling","Red","PP",6,2,4,NA
2000,"FreeStyle Wrestling","Red","PP",10,5,5,NA
2000,"FreeStyle Wrestling","Red","PP",5,3,2,NA
2000,"FreeStyle Wrestling","Blue","PP",3,8,5,NA
2000,"FreeStyle Wrestling","Red","PP",6,2,4,NA
2000,"FreeStyle Wrestling","Blue","PP",2,6,4,NA
2000,"FreeStyle Wrestling","Blue","TO",0,7,13,NA
2000,"FreeStyle Wrestling","Blue","PO",0,7,7,NA
2000,"FreeStyle Wrestling","Red","PP",7,3,4,NA
2000,"FreeStyle Wrestling","Red","PO",8,0,8,NA
2000,"FreeStyle Wrestling","Blue","PO",0,6,6,NA
2000,"FreeStyle Wrestling","Red","PO",6,0,6,NA
2000,"FreeStyle Wrestling","Red","PP",7,2,5,NA
2000,"FreeStyle Wrestling","Red","TO",11,1,13,NA
2000,"FreeStyle Wrestling","Red","PO",4,0,4,NA
2000,"FreeStyle Wrestling","Red","PO",8,0,8,NA
2000,"FreeStyle Wrestling","Blue","PP",2,6,4,NA
2000,"FreeStyle Wrestling","Red","PO",6,0,6,NA
2000,"FreeStyle Wrestling","Red","PP",7,2,5,NA
2000,"FreeStyle Wrestling","Red","PO",9,0,9,NA
2000,"FreeStyle Wrestling","Red","PO",7,0,7,NA
2000,"FreeStyle Wrestling","Blue","PP",10,14,4,NA
2000,"FreeStyle Wrestling","Blue","TO",0,8,13,NA
2000,"FreeStyle Wrestling","Red","PO",6,0,6,NA
2000,"FreeStyle Wrestling","Red","PO",4,0,4,NA
2000,"FreeStyle Wrestling","Blue","PP",3,8,5,NA
2000,"GrecoRoman Wrestling","Blue","PP",5,9,4,NA
2000,"GrecoRoman Wrestling","Blue","PP",6,13,7,NA
2000,"GrecoRoman Wrestling","Red","ST",14,0,14,NA
2000,"GrecoRoman Wrestling","Blue","ST",0,15,15,NA
2000,"GrecoRoman Wrestling","Red","PO",9,0,9,NA
2000,"GrecoRoman Wrestling","Red","PO",10,0,10,NA
2000,"GrecoRoman Wrestling","Red","PO",11,0,11,NA
2000,"GrecoRoman Wrestling","Red","PP",6,2,4,NA
2000,"GrecoRoman Wrestling","Blue","SP",2,15,13,NA
2000,"GrecoRoman Wrestling","Red","PO",7,0,7,NA
2000,"GrecoRoman Wrestling","Red","ST",14,0,14,NA
2000,"GrecoRoman Wrestling","Red","PP",6,3,3,NA
2000,"GrecoRoman Wrestling","Red","PO",5,0,5,NA
2000,"GrecoRoman Wrestling","Blue","TO",3,14,15,NA
2000,"GrecoRoman Wrestling","Red","PP",14,6,8,NA
2000,"GrecoRoman Wrestling","Red","PP",6,3,3,NA
2000,"GrecoRoman Wrestling","Red","PP",10,5,5,NA
2000,"GrecoRoman Wrestling","Red","PO",6,0,6,NA
2000,"GrecoRoman Wrestling","Blue","ST",0,14,14,NA
2000,"GrecoRoman Wrestling","Red","TO",10,2,15,NA
2000,"GrecoRoman Wrestling","Red","PO",6,0,6,NA
2000,"GrecoRoman Wrestling","Blue","PP",3,12,9,NA
2000,"GrecoRoman Wrestling","Blue","PP",2,7,5,NA
2000,"GrecoRoman Wrestling","Red","PO",9,0,9,NA
2000,"GrecoRoman Wrestling","Red","PP",6,2,4,NA
2000,"GrecoRoman Wrestling","Blue","PO",0,8,8,NA
2000,"GrecoRoman Wrestling","Red","ST",15,0,15,NA
2000,"GrecoRoman Wrestling","Blue","PO",0,6,6,NA
2000,"GrecoRoman Wrestling","Red","PP",6,2,4,NA
2000,"GrecoRoman Wrestling","Blue","PO",0,7,7,NA
2000,"GrecoRoman Wrestling","Blue","PP",5,10,5,NA
2000,"GrecoRoman Wrestling","Red","PO",6,0,6,NA
2000,"GrecoRoman Wrestling","Blue","PP",6,9,3,NA
2000,"GrecoRoman Wrestling","Red","PO",6,0,6,NA
2000,"GrecoRoman Wrestling","Red","PP",7,2,5,NA
2000,"GrecoRoman Wrestling","Blue","PO",0,7,7,NA
2000,"GrecoRoman Wrestling","Red","PO",7,0,7,NA
2000,"GrecoRoman Wrestling","Red","PP",6,4,2,NA
2000,"GrecoRoman Wrestling","Red","PO",8,0,8,NA
2000,"GrecoRoman Wrestling","Red","PO",5,0,5,NA
2000,"GrecoRoman Wrestling","Red","PP",11,2,9,NA
2000,"GrecoRoman Wrestling","Blue","PP",3,7,4,NA
2000,"GrecoRoman Wrestling","Blue","PP",2,4,2,NA
2000,"GrecoRoman Wrestling","Red","PP",6,2,4,NA
2000,"GrecoRoman Wrestling","Red","PP",5,2,3,NA
2000,"GrecoRoman Wrestling","Blue","PO",0,4,4,NA
2000,"GrecoRoman Wrestling","Blue","PO",0,7,7,NA
2000,"GrecoRoman Wrestling","Blue","PO",0,6,6,NA
2000,"GrecoRoman Wrestling","Red","PP",6,3,3,NA
2000,"GrecoRoman Wrestling","Blue","PP",4,8,4,NA
2000,"GrecoRoman Wrestling","Red","PO",4,0,4,NA
2000,"GrecoRoman Wrestling","Blue","PO",0,4,4,NA
2000,"GrecoRoman Wrestling","Red","PO",12,0,12,NA
2000,"GrecoRoman Wrestling","Red","PP",7,3,4,NA
2000,"GrecoRoman Wrestling","Red","PO",6,0,6,NA
2000,"Taekwondo Men","Red","PTS",-1,4,5,102
2000,"Taekwondo Men","Red","PTS",0,4,4,104
2000,"Taekwondo Men","Red","PTS",0,5,5,106
2000,"Taekwondo Men","Blue","PTS",2,0,2,108
2000,"Taekwondo Men","Blue","RSC",NA,NA,14,109
2000,"Taekwondo Men","Red","SUP",4,4,0,110
2000,"Taekwondo Men","Blue","PTS",7,5,2,112
2000,"Taekwondo Men","Red","PTS",1,2,1,114
2000,"Taekwondo Men","Blue","SUP",1,1,0,116
2000,"Taekwondo Men","Red","PTS",1,3,2,118
2000,"Taekwondo Men","Red","PTS",1,2,1,120
2000,"Taekwondo Men","Red","PTS",0,5,5,122
2000,"Taekwondo Men","Red","PTS",2,7,5,124
2000,"Taekwondo Men","Blue","PTS",1,0,1,128
2000,"Taekwondo Men","Blue","PTS",5,4,1,130
2000,"Taekwondo Men","Red","PTS",0,3,3,132
2000,"Taekwondo Men","Blue","PTS",4,2,2,134
2000,"Taekwondo Men","Red","PTS",2,5,3,202
2000,"Taekwondo Men","Blue","PTS",7,3,4,204
2000,"Taekwondo Men","Red","PTS",3,12,9,206
2000,"Taekwondo Men","Red","SUP",3,3,0,208
2000,"Taekwondo Men","Blue","PTS",7,0,7,209
2000,"Taekwondo Men","Blue","PTS",7,0,7,210
2000,"Taekwondo Men","Red","PTS",0,3,3,212
2000,"Taekwondo Men","Blue","PTS",9,1,8,214
2000,"Taekwondo Men","Red","SUP",1,1,0,216
2000,"Taekwondo Men","Blue","PTS",15,1,14,218
2000,"Taekwondo Men","Red","PTS",3,5,2,220
2000,"Taekwondo Men","Blue","PTS",2,0,2,222
2000,"Taekwondo Men","Blue","PTS",6,0,6,224
2000,"Taekwondo Men","Blue","PTS",9,7,2,226
2000,"Taekwondo Men","Blue","PTS",7,7,0,228
2000,"Taekwondo Men","Blue","PTS",6,5,1,230
2000,"Taekwondo Men","Blue","PTS",4,2,2,232
2000,"Taekwondo Men","Red","PTS",0,1,1,234
2000,"Taekwondo Men","Red","SUP",4,4,0,302
2000,"Taekwondo Men","Red","PTS",2,9,7,304
2000,"Taekwondo Men","Red","PTS",3,4,1,306
2000,"Taekwondo Men","Red","PTS",2,8,6,308
2000,"Taekwondo Men","Red","PTS",5,6,1,309
2000,"Taekwondo Men","Blue","PTS",3,3,0,310
2000,"Taekwondo Men","Red","PTS",2,4,2,312
2000,"Taekwondo Men","Blue","PTS",2,0,2,314
2000,"Taekwondo Men","Blue","PTS",2,1,1,316
2000,"Taekwondo Men","Red","PTS",3,4,1,318
2000,"Taekwondo Men","Red","PTS",0,4,4,320
2000,"Taekwondo Men","Blue","PTS",4,3,1,322
2000,"Taekwondo Men","Red","PTS",1,6,5,324
2000,"Taekwondo Men","Blue","PTS",5,4,1,326
2000,"Taekwondo Men","Blue","PTS",6,4,2,328
2000,"Taekwondo Men","Blue","PTS",1,0,1,330
2000,"Taekwondo Men","Red","PTS",1,2,1,332
2000,"Taekwondo Men","Blue","PTS",3,1,2,334
2000,"Taekwondo Men","Red","PTS",3,6,3,402
2000,"Taekwondo Men","Red","PTS",5,6,1,406
2000,"Taekwondo Men","Red","PTS",0,5,5,408
2000,"Taekwondo Men","Blue","PTS",4,1,3,409
2000,"Taekwondo Men","Red","PTS",4,8,4,411
2000,"Taekwondo Men","Red","RSC",NA,NA,14,413
2000,"Taekwondo Men","Red","PTS",0,5,5,415
2000,"Taekwondo Men","Blue","KO",NA,NA,14,417
2000,"Taekwondo Men","Blue","PTS",8,2,6,419
2000,"Taekwondo Men","Blue","PTS",6,2,4,421
2000,"Taekwondo Men","Red","PTS",2,9,7,423
2000,"Taekwondo Men","Red","PTS",1,3,2,425
2000,"Taekwondo Men","Red","PTS",0,3,3,427
2000,"Taekwondo Men","Red","PTS",2,3,1,429
2000,"Taekwondo Men","Red","PTS",2,6,4,433
2004,"Boxing","Red","PTS",41,36,5,1
2004,"Boxing","Red","PTS",25,18,7,2
2004,"Boxing","Red","PTS",36,24,12,3
2004,"Boxing","Red","PTS",29,24,5,4
2004,"Boxing","Red","PTS",35,13,22,5
2004,"Boxing","Red","PTS",34,16,18,6
2004,"Boxing","Blue","PTS",25,19,6,7
2004,"Boxing","Blue","PTS",21,11,10,8
2004,"Boxing","Red","RSCOS",NA,NA,33,9
2004,"Boxing","Red","PTS",34,22,12,10
2004,"Boxing","Red","PTS",36,20,16,11
2004,"Boxing","Blue","PTS",44,22,22,12
2004,"Boxing","Red","PTS",38,23,15,13
2004,"Boxing","Red","PTS",22,22,0,14
2004,"Boxing","Red","PTS",32,31,1,15
2004,"Boxing","Red","PTS",30,21,9,16
2004,"Boxing","Red","PTS",24,23,1,17
2004,"Boxing","Red","PTS",25,22,3,18
2004,"Boxing","Blue","PTS",32,17,15,19
2004,"Boxing","Blue","PTS",27,22,5,20
2004,"Boxing","Red","PTS",24,16,8,21
2004,"Boxing","Red","RSCI",NA,NA,33,22
2004,"Boxing","Red","PTS",29,10,19,23
2004,"Boxing","Red","PTS",31,23,8,24
2004,"Boxing","Red","RSCOS",NA,NA,33,25
2004,"Boxing","Red","PTS",42,40,2,26
2004,"Boxing","Blue","PTS",48,31,17,27
2004,"Boxing","Blue","PTS",28,16,12,28
2004,"Boxing","Blue","PTS",43,35,8,29
2004,"Boxing","Red","PTS",45,20,25,30
2004,"Boxing","Blue","RSCOS",NA,NA,33,31
2004,"Boxing","Red","RSCI",NA,NA,33,32
2004,"Boxing","Blue","PTS",29,17,12,33
2004,"Boxing","Blue","PTS",45,32,13,34
2004,"Boxing","Blue","PTS",33,20,13,35
2004,"Boxing","Blue","PTS",36,14,22,36
2004,"Boxing","Blue","RSCOS",NA,NA,33,37
2004,"Boxing","Blue","PTS",26,11,15,38
2004,"Boxing","Red","PTS",25,20,5,39
2004,"Boxing","Red","PTS",37,30,7,40
2004,"Boxing","Blue","PTS",51,22,29,41
2004,"Boxing","Blue","PTS",40,12,28,42
2004,"Boxing","Red","PTS",30,15,15,43
2004,"Boxing","Blue","PTS",54,27,27,44
2004,"Boxing","Red","PTS",36,34,2,45
2004,"Boxing","Blue","PTS",54,21,33,47
2004,"Boxing","Blue","PTS",32,15,17,48
2004,"Boxing","Red","PTS",43,43,0,49
2004,"Boxing","Red","PTS",38,13,25,50
2004,"Boxing","Red","RSCOS",NA,NA,33,51
2004,"Boxing","Blue","PTS",32,18,14,52
2004,"Boxing","Red","PTS",40,15,25,53
2004,"Boxing","Blue","PTS",20,11,9,54
2004,"Boxing","Blue","RSCOS",NA,NA,33,55
2004,"Boxing","Blue","PTS",30,23,7,56
2004,"Boxing","Red","PTS",29,23,6,57
2004,"Boxing","Blue","RSCOS",NA,NA,33,58
2004,"Boxing","Red","PTS",22,14,8,59
2004,"Boxing","Red","PTS",37,28,9,60
2004,"Boxing","Red","PTS",32,17,15,61
2004,"Boxing","Red","RSCOS",NA,NA,33,62
2004,"Boxing","Red","RSCOS",NA,NA,33,63
2004,"Boxing","Blue","RSCOS",NA,NA,33,64
2004,"Boxing","Red","PTS",37,17,20,65
2004,"Boxing","Red","PTS",21,17,4,66
2004,"Boxing","Red","RSCOS",NA,NA,33,67
2004,"Boxing","Red","PTS",30,22,8,68
2004,"Boxing","Blue","PTS",39,24,15,69
2004,"Boxing","Blue","PTS",27,8,19,70
2004,"Boxing","Blue","PTS",40,29,11,71
2004,"Boxing","Red","PTS",22,12,10,72
2004,"Boxing","Red","PTS",46,33,13,73
2004,"Boxing","Red","PTS",42,23,19,74
2004,"Boxing","Blue","PTS",26,15,11,75
2004,"Boxing","Blue","PTS",25,19,6,76
2004,"Boxing","Red","PTS",25,20,5,77
2004,"Boxing","Red","PTS",19,16,3,78
2004,"Boxing","Red","PTS",36,22,14,79
2004,"Boxing","Red","PTS",21,7,14,80
2004,"Boxing","Red","PTS",27,19,8,81
2004,"Boxing","Red","RSCOS",NA,NA,33,82
2004,"Boxing","Red","PTS",24,14,10,83
2004,"Boxing","Blue","PTS",37,16,21,85
2004,"Boxing","Red","PTS",26,18,8,86
2004,"Boxing","Red","PTS",32,18,14,87
2004,"Boxing","Blue","PTS",36,26,10,88
2004,"Boxing","Red","PTS",23,17,6,89
2004,"Boxing","Red","PTS",25,17,8,90
2004,"Boxing","Blue","PTS",36,27,9,91
2004,"Boxing","Blue","PTS",30,24,6,92
2004,"Boxing","Blue","RSCOS",NA,NA,33,93
2004,"Boxing","Blue","RSCOS",NA,NA,33,94
2004,"Boxing","Red","PTS",20,8,12,95
2004,"Boxing","Red","PTS",48,25,23,96
2004,"Boxing","Blue","RSCOS",NA,NA,33,97
2004,"Boxing","Red","PTS",22,7,15,98
2004,"Boxing","Blue","PTS",23,8,15,99
2004,"Boxing","Blue","PTS",22,9,13,100
2004,"Boxing","Red","PTS",26,21,5,101
2004,"Boxing","Red","PTS",24,21,3,102
2004,"Boxing","Blue","PTS",30,17,13,104
2004,"Boxing","Red","PTS",18,14,4,105
2004,"Boxing","Blue","RSCOS",NA,NA,33,106
2004,"Boxing","Red","RSCI",NA,NA,33,107
2004,"Boxing","Red","PTS",18,18,0,108
2004,"Boxing","Blue","PTS",32,22,10,109
2004,"Boxing","Red","PTS",21,7,14,110
2004,"Boxing","Blue","PTS",27,20,7,111
2004,"Boxing","Red","RSCOS",NA,NA,33,112
2004,"Boxing","Blue","PTS",17,12,5,113
2004,"Boxing","Red","RSCOS",NA,NA,33,114
2004,"Boxing","Red","PTS",26,14,12,115
2004,"Boxing","Red","RSC",NA,NA,33,116
2004,"Boxing","Blue","PTS",28,18,10,117
2004,"Boxing","Blue","PTS",29,13,16,118
2004,"Boxing","Red","PTS",23,5,18,119
2004,"Boxing","Red","PTS",32,19,13,120
2004,"Boxing","Blue","PTS",26,17,9,121
2004,"Boxing","Red","PTS",18,13,5,122
2004,"Boxing","Red","PTS",30,11,19,123
2004,"Boxing","Red","PTS",33,24,9,124
2004,"Boxing","Red","PTS",23,20,3,125
2004,"Boxing","Blue","PTS",20,11,9,126
2004,"Boxing","Red","PTS",26,16,10,127
2004,"Boxing","Blue","PTS",30,18,12,128
2004,"Boxing","Red","PTS",17,9,8,129
2004,"Boxing","Blue","PTS",31,19,12,130
2004,"Boxing","Red","PTS",27,19,8,131
2004,"Boxing","Blue","PTS",38,22,16,132
2004,"Boxing","Red","PTS",31,16,15,133
2004,"Boxing","Red","PTS",17,9,8,134
2004,"Boxing","Red","PTS",18,10,8,135
2004,"Boxing","Blue","RSCOS",NA,NA,33,136
2004,"Boxing","Red","PTS",26,16,10,137
2004,"Boxing","Blue","PTS",30,10,20,138
2004,"Boxing","Blue","PTS",33,13,20,139
2004,"Boxing","Red","PTS",29,15,14,140
2004,"Boxing","Red","PTS",28,20,8,141
2004,"Boxing","Red","PTS",28,19,9,142
2004,"Boxing","Red","PTS",33,25,8,143
2004,"Boxing","Blue","PTS",23,9,14,144
2004,"Boxing","Blue","PTS",18,17,1,145
2004,"Boxing","Red","PTS",32,25,7,146
2004,"Boxing","Red","PTS",33,23,10,147
2004,"Boxing","Red","PTS",25,16,9,148
2004,"Boxing","Red","PTS",25,14,11,149
2004,"Boxing","Red","PTS",30,15,15,150
2004,"Boxing","Blue","PTS",40,26,14,151
2004,"Boxing","Blue","PTS",37,18,19,152
2004,"Boxing","Blue","PTS",28,16,12,153
2004,"Boxing","Blue","PTS",37,21,16,154
2004,"Boxing","Red","PTS",33,22,11,155
2004,"Boxing","Blue","PTS",36,18,18,156
2004,"Boxing","Blue","PTS",24,9,15,157
2004,"Boxing","Red","PTS",24,22,2,158
2004,"Boxing","Blue","RSCOS",NA,NA,33,159
2004,"Boxing","Red","PTS",37,20,17,160
2004,"Boxing","Blue","RSCOS",NA,NA,33,161
2004,"Boxing","Red","PTS",23,20,3,162
2004,"Boxing","Blue","RSCOS",NA,NA,33,163
2004,"Boxing","Blue","PTS",33,18,15,164
2004,"Boxing","Red","RSCOS",NA,NA,33,165
2004,"Boxing","Blue","PTS",27,24,3,166
2004,"Boxing","Red","PTS",35,16,19,167
2004,"Boxing","Blue","PTS",38,13,25,168
2004,"Boxing","Red","PTS",28,16,12,169
2004,"Boxing","Blue","PTS",40,22,18,170
2004,"Boxing","Blue","RSCI",NA,NA,33,171
2004,"Boxing","Red","PTS",25,15,10,172
2004,"Boxing","Red","PTS",39,19,20,173
2004,"Boxing","Blue","PTS",26,21,5,174
2004,"Boxing","Blue","PTS",29,20,9,175
2004,"Boxing","Red","PTS",33,20,13,176
2004,"Boxing","Blue","PTS",27,21,6,177
2004,"Boxing","Red","PTS",36,17,19,178
2004,"Boxing","Blue","PTS",45,22,23,179
2004,"Boxing","Blue","PTS",31,10,21,180
2004,"Boxing","Red","PTS",36,24,12,181
2004,"Boxing","Blue","RSCOS",NA,NA,33,182
2004,"Boxing","Red","PTS",38,25,13,183
2004,"Boxing","Blue","PTS",29,20,9,184
2004,"Boxing","Blue","PTS",41,16,25,185
2004,"Boxing","Blue","PTS",49,35,14,186
2004,"Boxing","Red","PTS",23,20,3,187
2004,"Boxing","Red","PTS",31,8,23,188
2004,"Boxing","Blue","PTS",24,11,13,189
2004,"Boxing","Red","PTS",42,25,17,190
2004,"Boxing","Red","PTS",23,14,9,191
2004,"Boxing","Red","PTS",33,19,14,192
2004,"Boxing","Blue","PTS",27,27,0,193
2004,"Boxing","Blue","PTS",19,19,0,194
2004,"Boxing","Blue","PTS",34,24,10,195
2004,"Boxing","Red","PTS",32,28,4,196
2004,"Boxing","Red","PTS",20,18,2,197
2004,"Boxing","Red","PTS",20,8,12,198
2004,"Boxing","Red","PTS",29,18,11,199
2004,"Boxing","Blue","PTS",25,23,2,200
2004,"Boxing","Red","PTS",16,14,2,201
2004,"Boxing","Blue","PTS",22,14,8,202
2004,"Boxing","Blue","RSCOS",NA,NA,33,203
2004,"Boxing","Red","PTS",24,4,20,204
2004,"Boxing","Blue","PTS",36,27,9,206
2004,"Boxing","Red","PTS",27,12,15,207
2004,"Boxing","Blue","PTS",44,32,12,208
2004,"Boxing","Blue","PTS",20,5,15,209
2004,"Boxing","Red","PTS",29,14,15,210
2004,"Boxing","Blue","PTS",32,12,20,211
2004,"Boxing","Blue","PTS",32,11,21,212
2004,"Boxing","Blue","PTS",34,26,8,213
2004,"Boxing","Blue","PTS",39,35,4,214
2004,"Boxing","Blue","PTS",36,26,10,215
2004,"Boxing","Red","PTS",31,15,16,216
2004,"Boxing","Red","PTS",23,21,2,217
2004,"Boxing","Red","PTS",19,11,8,218
2004,"Boxing","Red","PTS",21,7,14,219
2004,"Boxing","Blue","PTS",18,11,7,220
2004,"Boxing","Blue","PTS",33,24,9,221
2004,"Boxing","Red","PTS",20,12,8,222
2004,"Boxing","Blue","PTS",30,11,19,223
2004,"Boxing","Blue","PTS",29,23,6,224
2004,"Boxing","Red","RSC",NA,NA,33,225
2004,"Boxing","Blue","PTS",23,11,12,226
2004,"Boxing","Blue","PTS",31,18,13,227
2004,"Boxing","Blue","PTS",23,16,7,228
2004,"Boxing","Red","PTS",16,11,5,229
2004,"Boxing","Red","RSCI",NA,NA,33,230
2004,"Boxing","Blue","PTS",27,18,9,231
2004,"Boxing","Red","PTS",28,15,13,232
2004,"Boxing","Red","PTS",26,18,8,233
2004,"Boxing","Blue","PTS",24,23,1,234
2004,"Boxing","Red","PTS",25,16,9,235
2004,"Boxing","Red","PTS",31,20,11,236
2004,"Boxing","Red","PTS",12,11,1,237
2004,"Boxing","Red","PTS",26,13,13,238
2004,"Boxing","Red","PTS",28,22,6,239
2004,"Boxing","Blue","PTS",20,11,9,240
2004,"Boxing","Blue","PTS",23,18,5,241
2004,"Boxing","Red","PTS",29,24,5,242
2004,"Boxing","Blue","PTS",45,25,20,243
2004,"Boxing","Red","PTS",13,9,4,244
2004,"Boxing","Red","PTS",30,9,21,245
2004,"Boxing","Red","PTS",23,18,5,246
2004,"Boxing","Red","PTS",24,18,6,247
2004,"Boxing","Red","RSCOS",NA,NA,33,248
2004,"Boxing","Blue","PTS",26,20,6,250
2004,"Boxing","Blue","PTS",29,17,12,251
2004,"Boxing","Blue","PTS",27,13,14,252
2004,"Boxing","Red","PTS",27,19,8,253
2004,"Boxing","Blue","PTS",40,26,14,254
2004,"Boxing","Red","PTS",20,10,10,255
2004,"Boxing","Blue","PTS",38,10,28,256
2004,"Boxing","Blue","PTS",20,18,2,257
2004,"Boxing","Red","PTS",17,15,2,258
2004,"Boxing","Blue","PTS",23,20,3,259
2004,"Boxing","Red","PTS",31,19,12,260
2004,"Boxing","Red","PTS",18,16,2,261
2004,"Boxing","Red","PTS",38,23,15,262
2004,"Boxing","Blue","PTS",39,17,22,263
2004,"Boxing","Blue","PTS",17,11,6,264
2004,"Boxing","Blue","PTS",28,18,10,265
2004,"Boxing","Red","PTS",22,13,9,266
2004,"Boxing","Blue","PTS",21,16,5,267
2004,"Boxing","Red","PTS",22,13,9,268
2004,"Boxing","Blue","PTS",30,22,8,269
2004,"Boxing","Blue","PTS",36,26,10,270
2004,"Boxing","Red","PTS",20,13,7,271
2004,"FreeStyle Wrestling","Blue","PP",3,6,3,75
2004,"FreeStyle Wrestling","Blue","PP",3,9,6,76
2004,"FreeStyle Wrestling","Blue","PO",0,9,9,77
2004,"FreeStyle Wrestling","Red","PP",9,2,7,78
2004,"FreeStyle Wrestling","Blue","ST",0,14,14,79
2004,"FreeStyle Wrestling","Blue","PO",0,7,7,80
2004,"FreeStyle Wrestling","Blue","PP",6,9,3,93
2004,"FreeStyle Wrestling","Blue","PP",2,6,4,94
2004,"FreeStyle Wrestling","Blue","PP",2,6,4,95
2004,"FreeStyle Wrestling","Red","PP",10,4,6,96
2004,"FreeStyle Wrestling","Blue","PP",2,6,4,97
2004,"FreeStyle Wrestling","Blue","PP",3,7,4,112
2004,"FreeStyle Wrestling","Blue","PP",2,6,4,113
2004,"FreeStyle Wrestling","Red","PP",9,5,4,121
2004,"FreeStyle Wrestling","Red","PP",6,3,3,130
2004,"FreeStyle Wrestling","Red","PP",13,3,10,131
2004,"FreeStyle Wrestling","Red","PP",9,5,4,139
2004,"FreeStyle Wrestling","Red","PO",6,0,6,140
2004,"FreeStyle Wrestling","Red","PO",6,0,6,148
2004,"FreeStyle Wrestling","Red","PP",10,2,8,149
2004,"FreeStyle Wrestling","Red","PO",6,0,6,150
2004,"FreeStyle Wrestling","Blue","PP",2,7,5,151
2004,"FreeStyle Wrestling","Red","PO",10,0,10,173
2004,"FreeStyle Wrestling","Blue","PP",2,12,10,174
2004,"FreeStyle Wrestling","Blue","PP",2,5,3,175
2004,"FreeStyle Wrestling","Red","PP",8,2,6,176
2004,"FreeStyle Wrestling","Blue","PP",4,8,4,177
2004,"FreeStyle Wrestling","Red","PP",6,2,4,178
2004,"FreeStyle Wrestling","Red","PP",6,2,4,179
2004,"FreeStyle Wrestling","Red","TO",8,0,14,180
2004,"FreeStyle Wrestling","Red","PP",6,2,4,188
2004,"FreeStyle Wrestling","Red","PP",6,3,3,189
2004,"FreeStyle Wrestling","Blue","PP",3,6,3,190
2004,"FreeStyle Wrestling","Red","PO",9,0,9,191
2004,"FreeStyle Wrestling","Red","PO",8,0,8,192
2004,"FreeStyle Wrestling","Blue","PP",2,7,5,193
2004,"FreeStyle Wrestling","Blue","PO",0,8,8,194
2004,"FreeStyle Wrestling","Red","PO",6,0,6,195
2004,"FreeStyle Wrestling","Blue","PP",2,6,4,196
2004,"FreeStyle Wrestling","Red","PP",8,5,3,197
2004,"FreeStyle Wrestling","Blue","PP",5,8,3,198
2004,"FreeStyle Wrestling","Red","PO",11,0,11,199
2004,"FreeStyle Wrestling","Red","PP",9,5,4,200
2004,"FreeStyle Wrestling","Red","PO",8,0,8,201
2004,"FreeStyle Wrestling","Blue","TO",3,7,14,204
2004,"FreeStyle Wrestling","Blue","PP",6,9,3,205
2004,"FreeStyle Wrestling","Red","PO",7,0,7,206
2004,"FreeStyle Wrestling","Red","PP",6,2,4,207
2004,"FreeStyle Wrestling","Blue","PO",0,10,10,208
2004,"FreeStyle Wrestling","Red","PP",6,3,3,209
2004,"FreeStyle Wrestling","Blue","PP",2,7,5,210
2004,"GrecoRoman Wrestling","Red","PP",6,2,4,77
2004,"GrecoRoman Wrestling","Red","PP",5,2,3,78
2004,"GrecoRoman Wrestling","Red","PP",9,2,7,79
2004,"GrecoRoman Wrestling","Blue","PP",13,17,4,80
2004,"GrecoRoman Wrestling","Blue","PO",0,6,6,81
2004,"GrecoRoman Wrestling","Blue","PP",3,8,5,95
2004,"GrecoRoman Wrestling","Blue","PO",0,6,6,96
2004,"GrecoRoman Wrestling","Red","PO",5,0,5,97
2004,"GrecoRoman Wrestling","Red","PP",6,2,4,114
2004,"GrecoRoman Wrestling","Red","PP",10,3,7,115
2004,"GrecoRoman Wrestling","Blue","PO",0,7,7,134
2004,"GrecoRoman Wrestling","Red","PP",7,2,5,135
2004,"GrecoRoman Wrestling","Red","ST",15,0,15,144
2004,"GrecoRoman Wrestling","Blue","PP",2,6,4,154
2004,"GrecoRoman Wrestling","Red","TO",9,3,15,155
2004,"GrecoRoman Wrestling","Blue","PO",0,9,9,156
2004,"GrecoRoman Wrestling","Blue","PO",0,6,6,157
2004,"GrecoRoman Wrestling","Blue","PP",2,9,7,182
2004,"GrecoRoman Wrestling","Red","PP",6,2,4,183
2004,"GrecoRoman Wrestling","Blue","PP",2,11,9,184
2004,"GrecoRoman Wrestling","Red","PP",7,4,3,185
2004,"GrecoRoman Wrestling","Red","PP",5,2,3,186
2004,"GrecoRoman Wrestling","Red","PP",4,2,2,187
2004,"GrecoRoman Wrestling","Blue","PO",0,6,6,188
2004,"GrecoRoman Wrestling","Red","PP",7,3,4,189
2004,"GrecoRoman Wrestling","Red","PO",9,0,9,198
2004,"GrecoRoman Wrestling","Red","PP",8,4,4,199
2004,"GrecoRoman Wrestling","Blue","PP",2,6,4,200
2004,"GrecoRoman Wrestling","Blue","PP",2,6,4,201
2004,"GrecoRoman Wrestling","Red","PO",6,0,6,202
2004,"GrecoRoman Wrestling","Blue","PO",0,6,6,203
2004,"GrecoRoman Wrestling","Blue","PP",2,6,4,204
2004,"GrecoRoman Wrestling","Red","PP",7,2,5,205
2004,"GrecoRoman Wrestling","Red","PP",6,2,4,206
2004,"GrecoRoman Wrestling","Blue","PP",4,9,5,207
2004,"GrecoRoman Wrestling","Red","PO",6,0,6,208
2004,"GrecoRoman Wrestling","Blue","PP",3,8,5,209
2004,"GrecoRoman Wrestling","Red","PP",7,3,4,210
2004,"GrecoRoman Wrestling","Blue","ST",0,15,15,211
2004,"GrecoRoman Wrestling","Red","PO",7,0,7,212
2004,"GrecoRoman Wrestling","Blue","PO",0,7,7,214
2004,"GrecoRoman Wrestling","Red","PP",7,4,3,215
2004,"GrecoRoman Wrestling","Red","PO",6,0,6,216
2004,"GrecoRoman Wrestling","Blue","ST",0,14,14,217
2004,"GrecoRoman Wrestling","Blue","PP",2,7,5,218
2004,"GrecoRoman Wrestling","Blue","SP",2,16,14,220
2004,"Taekwondo Men","Blue","PTS",10,2,8,1
2004,"Taekwondo Men","Red","PTS",2,5,3,2
2004,"Taekwondo Men","Red","RSC",NA,NA,12,3
2004,"Taekwondo Men","Red","PTS",6,7,1,4
2004,"Taekwondo Men","Red","PTS",5,6,1,5
2004,"Taekwondo Men","Red","PTS",10,12,2,6
2004,"Taekwondo Men","Blue","PTS",7,5,2,7
2004,"Taekwondo Men","Blue","PTS",10,1,9,8
2004,"Taekwondo Men","Blue","PTS",8,2,6,9
2004,"Taekwondo Men","Blue","PTS",9,1,8,10
2004,"Taekwondo Men","Red","PTS",2,4,2,11
2004,"Taekwondo Men","Red","PTS",2,6,4,12
2004,"Taekwondo Men","Red","PTS",4,5,1,13
2004,"Taekwondo Men","Red","PTS",0,8,8,14
2004,"Taekwondo Men","Blue","PTS",5,1,4,15
2004,"Taekwondo Men","Blue","PTS",8,0,8,19
2004,"Taekwondo Men","Blue","PTS",7,1,6,20
2004,"Taekwondo Men","Red","PTS",2,7,5,21
2004,"Taekwondo Men","Blue","PTS",11,7,4,22
2004,"Taekwondo Men","Blue","KO",NA,NA,12,23
2004,"Taekwondo Men","Blue","PTS",8,1,7,24
2004,"Taekwondo Men","Blue","RSC",NA,NA,12,25
2004,"Taekwondo Men","Red","PTS",5,6,1,26
2004,"Taekwondo Men","Red","PTS",10,11,1,27
2004,"Taekwondo Men","Blue","PTS",15,13,2,28
2004,"Taekwondo Men","Red","PTS",4,5,1,29
2004,"Taekwondo Men","Red","PTS",8,10,2,30
2004,"Taekwondo Men","Blue","PTS",8,6,2,31
2004,"Taekwondo Men","Red","PTS",11,13,2,32
2004,"Taekwondo Men","Red","PTS",5,7,2,33
2004,"Taekwondo Men","Blue","PTS",9,9,0,34
2004,"Taekwondo Men","Red","PTS",3,4,1,35
2004,"Taekwondo Men","Blue","PTS",8,4,4,37
2004,"Taekwondo Men","Red","PTS",10,12,2,38
2004,"Taekwondo Men","Red","PTS",6,8,2,39
2004,"Taekwondo Men","Red","PTS",7,12,5,40
2004,"Taekwondo Men","Blue","PTS",13,10,3,41
2004,"Taekwondo Men","Blue","PTS",10,3,7,42
2004,"Taekwondo Men","Blue","PTS",9,9,0,43
2004,"Taekwondo Men","Blue","PTS",16,11,5,44
2004,"Taekwondo Men","Red","PTS",6,12,6,45
2004,"Taekwondo Men","Red","PTS",12,16,4,46
2004,"Taekwondo Men","Red","PTS",0,12,12,47
2004,"Taekwondo Men","Blue","PTS",8,7,1,48
2004,"Taekwondo Men","Red","PTS",17,24,7,49
2004,"Taekwondo Men","Blue","PTS",6,4,2,50
2004,"Taekwondo Men","Red","PTS",9,13,4,51
2004,"Taekwondo Men","Blue","PTS",4,2,2,52
2004,"Taekwondo Men","Red","SUP",6,6,0,53
2004,"Taekwondo Men","Red","PTS",6,7,1,54
2004,"Taekwondo Men","Red","PTS",0,3,3,55
2004,"Taekwondo Men","Red","RSC",NA,NA,12,57
2004,"Taekwondo Men","Blue","PTS",9,9,0,58
2004,"Taekwondo Men","Red","PTS",4,12,8,59
2004,"Taekwondo Men","Red","PTS",8,9,1,60
2004,"Taekwondo Men","Blue","PTS",9,6,3,61
2004,"Taekwondo Men","Blue","PTS",8,5,3,62
2004,"Taekwondo Men","Blue","PTS",8,5,3,63
2004,"Taekwondo Men","Blue","PTS",7,3,4,64
2004,"Taekwondo Men","Red","PTS",2,3,1,65
2004,"Taekwondo Men","Red","PTS",0,2,2,66
2004,"Taekwondo Men","Blue","PTS",13,2,11,67
2004,"Taekwondo Men","Blue","PTS",7,2,5,68
2004,"Taekwondo Men","Blue","PTS",9,7,2,69
2004,"Taekwondo Men","Red","PTS",2,5,3,70
2004,"Taekwondo Men","Red","PTS",-1,4,5,71
2004,"Taekwondo Men","Red","PTS",2,6,4,72
2004,"Taekwondo Men","Red","PTS",3,6,3,73
2004,"Taekwondo Men","Red","PTS",3,5,2,74
2004,"Taekwondo Men","Red","KO",NA,NA,12,75
2004,"Taekwondo Men","Red","PTS",5,5,0,76
2004,"Taekwondo Men","Red","PTS",2,6,4,77
2004,"Taekwondo Men","Blue","PTS",2,2,0,78
2004,"Taekwondo Men","Red","PTS",1,3,2,79
2004,"Taekwondo Men","Red","PTS",2,6,4,80
2008,"Boxing","Blue","PTS",18,6,12,1
2008,"Boxing","Blue","PTS",8,2,6,2
2008,"Boxing","Red","PTS",13,4,9,3
2008,"Boxing","Red","PTS",10,2,8,4
2008,"Boxing","Red","PTS",14,8,6,5
2008,"Boxing","Blue","PTS",8,2,6,6
2008,"Boxing","Blue","PTS",6,2,4,7
2008,"Boxing","Red","RSC",NA,NA,21,8
2008,"Boxing","Blue","PTS",22,2,20,9
2008,"Boxing","Blue","PTS",8,3,5,10
2008,"Boxing","Blue","PTS",3,1,2,11
2008,"Boxing","Red","PTS",15,3,12,12
2008,"Boxing","Red","PTS",17,4,13,13
2008,"Boxing","Blue","PTS",15,6,9,14
2008,"Boxing","Blue","PTS",14,7,7,15
2008,"Boxing","Blue","PTS",7,2,5,16
2008,"Boxing","Blue","PTS",9,3,6,17
2008,"Boxing","Blue","PTS",13,2,11,18
2008,"Boxing","Red","PTS",10,10,0,19
2008,"Boxing","Blue","RSCOS",NA,NA,21,20
2008,"Boxing","Red","RSCH",NA,NA,21,21
2008,"Boxing","Blue","PTS",11,3,8,22
2008,"Boxing","Blue","PTS",13,4,9,23
2008,"Boxing","Red","PTS",11,3,8,24
2008,"Boxing","Blue","PTS",15,8,7,25
2008,"Boxing","Blue","PTS",15,11,4,26
2008,"Boxing","Red","PTS",23,2,21,27
2008,"Boxing","Red","PTS",15,1,14,28
2008,"Boxing","Red","PTS",9,5,4,29
2008,"Boxing","Red","PTS",11,4,7,30
2008,"Boxing","Red","PTS",14,3,11,31
2008,"Boxing","Red","PTS",18,3,15,32
2008,"Boxing","Blue","PTS",9,6,3,33
2008,"Boxing","Blue","PTS",21,4,17,34
2008,"Boxing","Blue","PTS",17,2,15,35
2008,"Boxing","Red","PTS",20,1,19,36
2008,"Boxing","Red","PTS",16,4,12,37
2008,"Boxing","Red","PTS",21,4,17,38
2008,"Boxing","Red","PTS",12,8,4,39
2008,"Boxing","Red","PTS",14,1,13,40
2008,"Boxing","Blue","KO",NA,NA,21,41
2008,"Boxing","Red","PTS",13,2,11,42
2008,"Boxing","Red","PTS",7,2,5,43
2008,"Boxing","Blue","PTS",17,6,11,44
2008,"Boxing","Blue","PTS",11,3,8,45
2008,"Boxing","Red","PTS",11,9,2,46
2008,"Boxing","Blue","PTS",8,5,3,47
2008,"Boxing","Blue","PTS",4,2,2,48
2008,"Boxing","Blue","PTS",11,11,0,49
2008,"Boxing","Blue","PTS",12,4,8,50
2008,"Boxing","Blue","PTS",3,3,0,51
2008,"Boxing","Blue","PTS",9,5,4,52
2008,"Boxing","Red","PTS",14,7,7,53
2008,"Boxing","Red","PTS",9,1,8,54
2008,"Boxing","Blue","PTS",13,9,4,55
2008,"Boxing","Blue","PTS",9,7,2,56
2008,"Boxing","Red","PTS",14,2,12,57
2008,"Boxing","Red","PTS",10,2,8,58
2008,"Boxing","Red","PTS",15,4,11,59
2008,"Boxing","Blue","PTS",21,3,18,60
2008,"Boxing","Blue","PTS",6,2,4,61
2008,"Boxing","Red","PTS",14,5,9,62
2008,"Boxing","Blue","PTS",11,2,9,63
2008,"Boxing","Red","PTS",10,1,9,64
2008,"Boxing","Blue","PTS",14,4,10,65
2008,"Boxing","Blue","PTS",9,5,4,66
2008,"Boxing","Red","PTS",20,5,15,67
2008,"Boxing","Blue","PTS",9,2,7,68
2008,"Boxing","Red","PTS",13,3,10,69
2008,"Boxing","Blue","PTS",10,3,7,70
2008,"Boxing","Blue","PTS",10,8,2,71
2008,"Boxing","Blue","PTS",12,3,9,72
2008,"Boxing","Red","PTS",14,5,9,73
2008,"Boxing","Red","PTS",10,1,9,74
2008,"Boxing","Red","PTS",10,6,4,76
2008,"Boxing","Red","PTS",10,3,7,77
2008,"Boxing","Blue","PTS",13,10,3,78
2008,"Boxing","Red","PTS",17,8,9,79
2008,"Boxing","Blue","PTS",11,2,9,80
2008,"Boxing","Red","PTS",17,7,10,81
2008,"Boxing","Blue","PTS",1,1,0,82
2008,"Boxing","Red","PTS",14,2,12,83
2008,"Boxing","Blue","PTS",9,8,1,84
2008,"Boxing","Red","PTS",19,4,15,85
2008,"Boxing","Red","PTS",6,1,5,86
2008,"Boxing","Blue","PTS",13,3,10,87
2008,"Boxing","Blue","PTS",9,1,8,88
2008,"Boxing","Red","PTS",10,5,5,89
2008,"Boxing","Blue","PTS",12,5,7,90
2008,"Boxing","Blue","PTS",18,8,10,91
2008,"Boxing","Red","PTS",11,3,8,92
2008,"Boxing","Blue","PTS",9,4,5,93
2008,"Boxing","Red","PTS",15,4,11,94
2008,"Boxing","Red","RSC",NA,NA,21,95
2008,"Boxing","Blue","PTS",7,6,1,96
2008,"Boxing","Blue","PTS",9,3,6,97
2008,"Boxing","Red","PTS",8,7,1,98
2008,"Boxing","Blue","PTS",11,2,9,99
2008,"Boxing","Red","PTS",9,3,6,100
2008,"Boxing","Red","PTS",11,0,11,101
2008,"Boxing","Red","PTS",7,3,4,102
2008,"Boxing","Blue","PTS",11,5,6,103
2008,"Boxing","Red","PTS",7,3,4,104
2008,"Boxing","Blue","PTS",10,4,6,105
2008,"Boxing","Blue","PTS",11,6,5,106
2008,"Boxing","Blue","PTS",23,4,19,107
2008,"Boxing","Red","PTS",7,1,6,108
2008,"Boxing","Red","PTS",14,2,12,109
2008,"Boxing","Red","PTS",9,5,4,110
2008,"Boxing","Blue","PTS",12,9,3,111
2008,"Boxing","Red","PTS",13,11,2,112
2008,"Boxing","Red","PTS",12,1,11,113
2008,"Boxing","Red","PTS",6,3,3,114
2008,"Boxing","Blue","PTS",13,7,6,115
2008,"Boxing","Red","PTS",5,3,2,116
2008,"Boxing","Red","PTS",7,5,2,117
2008,"Boxing","Blue","PTS",15,0,15,118
2008,"Boxing","Blue","RSC",NA,NA,21,119
2008,"Boxing","Red","PTS",13,1,12,120
2008,"Boxing","Blue","PTS",11,5,6,121
2008,"Boxing","Blue","RSC",NA,NA,21,122
2008,"Boxing","Blue","PTS",11,1,10,123
2008,"Boxing","Blue","PTS",11,10,1,124
2008,"Boxing","Red","PTS",13,6,7,125
2008,"Boxing","Red","PTS",9,4,5,126
2008,"Boxing","Red","PTS",9,4,5,127
2008,"Boxing","Blue","PTS",5,5,0,128
2008,"Boxing","Blue","RSCH",NA,NA,21,129
2008,"Boxing","Red","PTS",9,7,2,130
2008,"Boxing","Red","PTS",10,2,8,131
2008,"Boxing","Red","PTS",8,2,6,132
2008,"Boxing","Blue","PTS",13,6,7,133
2008,"Boxing","Blue","PTS",8,1,7,134
2008,"Boxing","Blue","PTS",9,3,6,135
2008,"Boxing","Red","PTS",22,3,19,136
2008,"Boxing","Red","PTS",8,1,7,137
2008,"Boxing","Red","PTS",11,2,9,138
2008,"Boxing","Blue","PTS",15,4,11,139
2008,"Boxing","Blue","PTS",11,11,0,140
2008,"Boxing","Red","PTS",8,4,4,141
2008,"Boxing","Red","PTS",10,3,7,142
2008,"Boxing","Blue","PTS",11,7,4,143
2008,"Boxing","Red","RSCI",NA,NA,21,144
2008,"Boxing","Blue","PTS",8,3,5,145
2008,"Boxing","Red","PTS",14,3,11,146
2008,"Boxing","Blue","PTS",10,0,10,147
2008,"Boxing","Red","PTS",12,9,3,148
2008,"Boxing","Blue","PTS",7,6,1,149
2008,"Boxing","Red","PTS",6,5,1,150
2008,"Boxing","Blue","PTS",13,1,12,151
2008,"Boxing","Red","PTS",10,4,6,152
2008,"Boxing","Blue","PTS",12,0,12,153
2008,"Boxing","Red","PTS",15,4,11,154
2008,"Boxing","Blue","PTS",11,3,8,155
2008,"Boxing","Blue","PTS",10,2,8,156
2008,"Boxing","Red","PTS",14,4,10,157
2008,"Boxing","Red","PTS",13,9,4,158
2008,"Boxing","Red","PTS",11,7,4,159
2008,"Boxing","Red","PTS",12,1,11,160
2008,"Boxing","Blue","PTS",10,3,7,161
2008,"Boxing","Blue","PTS",17,6,11,162
2008,"Boxing","Red","PTS",16,4,12,163
2008,"Boxing","Blue","PTS",13,6,7,164
2008,"Boxing","Blue","PTS",9,9,0,165
2008,"Boxing","Red","RSCI",NA,NA,21,166
2008,"Boxing","Blue","PTS",9,2,7,167
2008,"Boxing","Blue","PTS",9,7,2,168
2008,"Boxing","Red","PTS",14,2,12,169
2008,"Boxing","Red","PTS",10,9,1,170
2008,"Boxing","Blue","PTS",18,9,9,171
2008,"Boxing","Red","PTS",14,6,8,172
2008,"Boxing","Red","PTS",9,3,6,173
2008,"Boxing","Red","PTS",12,4,8,174
2008,"Boxing","Blue","PTS",13,6,7,175
2008,"Boxing","Blue","PTS",8,4,4,176
2008,"Boxing","Red","PTS",11,5,6,177
2008,"Boxing","Blue","PTS",10,2,8,178
2008,"Boxing","Blue","PTS",12,6,6,179
2008,"Boxing","Red","PTS",18,7,11,180
2008,"Boxing","Red","RSCH",NA,NA,21,181
2008,"Boxing","Blue","PTS",10,7,3,182
2008,"Boxing","Red","PTS",11,5,6,183
2008,"Boxing","Red","PTS",14,8,6,184
2008,"Boxing","Blue","PTS",5,5,0,185
2008,"Boxing","Red","PTS",13,7,6,186
2008,"Boxing","Blue","PTS",3,3,0,187
2008,"Boxing","Blue","PTS",7,3,4,188
2008,"Boxing","Red","PTS",8,7,1,189
2008,"Boxing","Blue","PTS",21,3,18,190
2008,"Boxing","Blue","PTS",21,12,9,191
2008,"Boxing","Blue","RSCI",NA,NA,21,192
2008,"Boxing","Red","PTS",18,4,14,193
2008,"Boxing","Red","PTS",12,1,11,194
2008,"Boxing","Blue","PTS",13,3,10,195
2008,"Boxing","Blue","PTS",7,5,2,196
2008,"Boxing","Blue","PTS",5,2,3,197
2008,"Boxing","Red","PTS",11,6,5,198
2008,"Boxing","Blue","PTS",12,4,8,199
2008,"Boxing","Blue","PTS",10,2,8,200
2008,"Boxing","Blue","PTS",14,4,10,201
2008,"Boxing","Red","PTS",12,7,5,202
2008,"Boxing","Blue","PTS",11,9,2,203
2008,"Boxing","Red","PTS",7,4,3,204
2008,"Boxing","Blue","PTS",18,9,9,205
2008,"Boxing","Red","PTS",10,10,0,206
2008,"Boxing","Blue","PTS",7,4,3,207
2008,"Boxing","Blue","PTS",10,2,8,208
2008,"Boxing","Blue","PTS",13,9,4,209
2008,"Boxing","Red","PTS",10,3,7,210
2008,"Boxing","Blue","PTS",15,2,13,211
2008,"Boxing","Red","PTS",13,6,7,212
2008,"Boxing","Blue","PTS",12,3,9,213
2008,"Boxing","Red","PTS",14,9,5,214
2008,"Boxing","Blue","PTS",16,14,2,215
2008,"Boxing","Red","PTS",10,4,6,216
2008,"Boxing","Red","PTS",12,2,10,217
2008,"Boxing","Red","PTS",9,5,4,218
2008,"Boxing","Red","RSCI",NA,NA,21,219
2008,"Boxing","Red","PTS",11,5,6,220
2008,"Boxing","Blue","PTS",9,4,5,221
2008,"Boxing","Blue","PTS",5,2,3,222
2008,"Boxing","Red","PTS",21,6,15,223
2008,"Boxing","Blue","PTS",13,5,8,225
2008,"Boxing","Red","PTS",11,7,4,226
2008,"Boxing","Red","PTS",9,6,3,227
2008,"Boxing","Red","PTS",10,2,8,228
2008,"Boxing","Blue","PTS",8,0,8,229
2008,"Boxing","Red","PTS",12,7,5,230
2008,"Boxing","Blue","PTS",11,2,9,232
2008,"Boxing","Red","PTS",15,11,4,233
2008,"Boxing","Red","PTS",7,5,2,234
2008,"Boxing","Red","PTS",8,1,7,235
2008,"Boxing","Blue","PTS",11,1,10,236
2008,"Boxing","Blue","PTS",8,3,5,237
2008,"Boxing","Blue","PTS",9,7,2,238
2008,"Boxing","Blue","PTS",9,4,5,239
2008,"Boxing","Red","PTS",9,8,1,240
2008,"Boxing","Blue","PTS",7,1,6,241
2008,"Boxing","Blue","PTS",10,1,9,242
2008,"Boxing","Red","PTS",10,5,5,244
2008,"Boxing","Red","PTS",12,10,2,245
2008,"Boxing","Blue","PTS",10,3,7,246
2008,"Boxing","Red","PTS",8,5,3,247
2008,"Boxing","Blue","PTS",10,5,5,248
2008,"Boxing","Blue","PTS",7,1,6,249
2008,"Boxing","Blue","PTS",15,0,15,250
2008,"Boxing","Red","PTS",8,8,0,251
2008,"Boxing","Red","PTS",7,5,2,252
2008,"Boxing","Blue","PTS",15,2,13,253
2008,"Boxing","Blue","PTS",10,5,5,254
2008,"Boxing","Blue","PTS",15,8,7,255
2008,"Boxing","Red","PTS",17,4,13,256
2008,"Boxing","Red","PTS",10,6,4,257
2008,"Boxing","Blue","PTS",10,3,7,258
2008,"Boxing","Red","PTS",4,4,0,259
2008,"Boxing","Red","RSCH",NA,NA,21,261
2008,"Boxing","Blue","PTS",8,2,6,262
2008,"Boxing","Red","RSC",NA,NA,21,263
2008,"Boxing","Blue","PTS",12,4,8,264
2008,"Boxing","Red","PTS",16,14,2,265
2008,"Boxing","Red","PTS",4,2,2,266
2008,"Boxing","Blue","PTS",16,5,11,268
2008,"Boxing","Red","PTS",11,9,2,269
2008,"Boxing","Blue","PTS",18,9,9,270
2008,"Boxing","Blue","PTS",11,7,4,271
2008,"Boxing","Blue","RSCH",NA,NA,21,272
2008,"FreeStyle Wrestling","Red","PP",7,3,4,8
2008,"FreeStyle Wrestling","Blue","PP",2,6,4,9
2008,"FreeStyle Wrestling","Red","PP",9,4,5,10
2008,"FreeStyle Wrestling","Blue","PP",11,13,2,11
2008,"FreeStyle Wrestling","Red","PP",10,6,4,19
2008,"FreeStyle Wrestling","Blue","PO",0,10,10,20
2008,"FreeStyle Wrestling","Blue","PO",0,5,5,21
2008,"FreeStyle Wrestling","Red","PP",7,3,4,22
2008,"FreeStyle Wrestling","Blue","PO",0,5,5,23
2008,"FreeStyle Wrestling","Red","PP",7,4,3,32
2008,"FreeStyle Wrestling","Blue","PO",0,6,6,33
2008,"FreeStyle Wrestling","Blue","VT",0,13,13,34
2008,"FreeStyle Wrestling","Blue","PP",2,5,3,35
2008,"FreeStyle Wrestling","Red","PP",6,2,4,36
2008,"FreeStyle Wrestling","Blue","PO",0,11,11,37
2008,"FreeStyle Wrestling","Red","PP",8,6,2,38
2008,"FreeStyle Wrestling","Blue","PO",0,7,7,39
2008,"FreeStyle Wrestling","Red","PP",7,2,5,40
2008,"FreeStyle Wrestling","Red","PP",7,4,3,41
2008,"FreeStyle Wrestling","Blue","PO",0,6,6,42
2008,"FreeStyle Wrestling","Red","PP",8,3,5,43
2008,"FreeStyle Wrestling","Blue","PO",0,6,6,44
2008,"FreeStyle Wrestling","Blue","PP",2,8,6,45
2008,"FreeStyle Wrestling","Blue","PP",2,6,4,46
2008,"FreeStyle Wrestling","Red","PO",7,0,7,55
2008,"FreeStyle Wrestling","Blue","PO",0,5,5,56
2008,"FreeStyle Wrestling","Red","PO",5,0,5,57
2008,"FreeStyle Wrestling","Red","PP",7,2,5,58
2008,"FreeStyle Wrestling","Red","PO",8,0,8,68
2008,"FreeStyle Wrestling","Blue","VT",6,13,13,69
2008,"FreeStyle Wrestling","Red","VT",20,7,13,70
2008,"FreeStyle Wrestling","Blue","PO",0,5,5,71
2008,"FreeStyle Wrestling","Blue","VT",0,13,13,72
2008,"FreeStyle Wrestling","Blue","PP",4,5,1,82
2008,"FreeStyle Wrestling","Blue","PP",2,7,5,83
2008,"FreeStyle Wrestling","Red","PO",6,0,6,84
2008,"FreeStyle Wrestling","Blue","PP",5,10,5,85
2008,"FreeStyle Wrestling","Red","PP",8,5,3,86
2008,"FreeStyle Wrestling","Red","PP",11,5,6,87
2008,"FreeStyle Wrestling","Red","PP",6,4,2,88
2008,"FreeStyle Wrestling","Red","PP",5,4,1,89
2008,"FreeStyle Wrestling","Blue","PO",0,9,9,90
2008,"FreeStyle Wrestling","Blue","PP",2,7,5,91
2008,"FreeStyle Wrestling","Red","PP",6,3,3,92
2008,"FreeStyle Wrestling","Red","PP",9,6,3,93
2008,"FreeStyle Wrestling","Blue","PP",3,8,5,94
2008,"FreeStyle Wrestling","Blue","VT",8,16,13,95
2008,"FreeStyle Wrestling","Blue","PP",3,7,4,96
2008,"FreeStyle Wrestling","Blue","PO",0,6,6,109
2008,"FreeStyle Wrestling","Blue","PO",0,10,10,110
2008,"FreeStyle Wrestling","Blue","PO",0,7,7,111
2008,"FreeStyle Wrestling","Blue","PP",5,7,2,112
2008,"FreeStyle Wrestling","Blue","PO",0,7,7,113
2008,"FreeStyle Wrestling","Red","VT",16,5,13,114
2008,"FreeStyle Wrestling","Blue","PO",0,7,7,126
2008,"FreeStyle Wrestling","Red","PO",6,0,6,127
2008,"FreeStyle Wrestling","Blue","PO",0,6,6,128
2008,"FreeStyle Wrestling","Red","PO",13,0,13,129
2008,"FreeStyle Wrestling","Blue","PP",3,6,3,130
2008,"FreeStyle Wrestling","Red","PP",6,2,4,131
2008,"FreeStyle Wrestling","Red","PP",10,2,8,144
2008,"FreeStyle Wrestling","Red","PP",7,2,5,145
2008,"FreeStyle Wrestling","Red","PP",7,3,4,146
2008,"FreeStyle Wrestling","Blue","PP",2,6,4,147
2008,"FreeStyle Wrestling","Red","PO",5,0,5,148
2008,"FreeStyle Wrestling","Blue","PO",0,10,10,149
2008,"FreeStyle Wrestling","Blue","PO",0,12,12,150
2008,"FreeStyle Wrestling","Red","PP",7,4,3,151
2008,"FreeStyle Wrestling","Blue","PP",2,6,4,152
2008,"FreeStyle Wrestling","Red","PP",7,2,5,153
2008,"FreeStyle Wrestling","Blue","PP",4,9,5,154
2008,"FreeStyle Wrestling","Blue","VT",0,10,13,155
2008,"FreeStyle Wrestling","Red","PP",10,3,7,156
2008,"FreeStyle Wrestling","Red","PO",6,0,6,157
2008,"FreeStyle Wrestling","Blue","PP",5,8,3,158
2008,"FreeStyle Wrestling","Blue","PP",4,12,8,159
2008,"FreeStyle Wrestling","Blue","VT",0,10,13,160
2008,"FreeStyle Wrestling","Blue","PO",0,10,10,161
2008,"FreeStyle Wrestling","Blue","PO",0,5,5,162
2008,"FreeStyle Wrestling","Blue","PP",3,11,8,163
2008,"FreeStyle Wrestling","Blue","PP",5,12,7,164
2008,"FreeStyle Wrestling","Red","PO",7,0,7,165
2008,"GrecoRoman Wrestling","Blue","PP",3,13,10,9
2008,"GrecoRoman Wrestling","Blue","PP",4,10,6,10
2008,"GrecoRoman Wrestling","Red","PO",11,0,11,11
2008,"GrecoRoman Wrestling","Red","PP",14,4,10,12
2008,"GrecoRoman Wrestling","Blue","PP",4,12,8,21
2008,"GrecoRoman Wrestling","Blue","PP",5,7,2,22
2008,"GrecoRoman Wrestling","Blue","PP",3,12,9,23
2008,"GrecoRoman Wrestling","Blue","PP",5,7,2,31
2008,"GrecoRoman Wrestling","Red","PP",9,5,4,32
2008,"GrecoRoman Wrestling","Red","PP",13,3,10,33
2008,"GrecoRoman Wrestling","Red","PO",13,0,13,34
2008,"GrecoRoman Wrestling","Blue","PO",1,11,10,35
2008,"GrecoRoman Wrestling","Blue","PP",2,8,6,36
2008,"GrecoRoman Wrestling","Blue","PP",2,12,10,37
2008,"GrecoRoman Wrestling","Blue","PP",2,9,7,38
2008,"GrecoRoman Wrestling","Red","PP",11,6,5,39
2008,"GrecoRoman Wrestling","Blue","PP",7,9,2,40
2008,"GrecoRoman Wrestling","Red","PP",13,2,11,41
2008,"GrecoRoman Wrestling","Blue","PO",0,11,11,42
2008,"GrecoRoman Wrestling","Blue","PP",4,6,2,43
2008,"GrecoRoman Wrestling","Blue","PP",6,9,3,44
2008,"GrecoRoman Wrestling","Blue","PO",0,12,12,45
2008,"GrecoRoman Wrestling","Blue","PP",4,11,7,46
2008,"GrecoRoman Wrestling","Red","PO",9,0,9,47
2008,"GrecoRoman Wrestling","Red","PP",8,4,4,56
2008,"GrecoRoman Wrestling","Blue","PP",8,10,2,57
2008,"GrecoRoman Wrestling","Red","PP",12,2,10,58
2008,"GrecoRoman Wrestling","Red","PP",5,3,2,59
2008,"GrecoRoman Wrestling","Blue","PP",7,14,7,69
2008,"GrecoRoman Wrestling","Blue","PP",4,7,3,70
2008,"GrecoRoman Wrestling","Blue","PP",2,7,5,71
2008,"GrecoRoman Wrestling","Blue","PP",3,6,3,79
2008,"GrecoRoman Wrestling","Blue","PO",0,11,11,80
2008,"GrecoRoman Wrestling","Blue","PP",4,9,5,81
2008,"GrecoRoman Wrestling","Red","PP",9,8,1,82
2008,"GrecoRoman Wrestling","Red","VT",12,6,13,83
2008,"GrecoRoman Wrestling","Red","PP",5,3,2,84
2008,"GrecoRoman Wrestling","Blue","PP",6,6,0,85
2008,"GrecoRoman Wrestling","Blue","PP",3,7,4,86
2008,"GrecoRoman Wrestling","Red","PO",10,0,10,87
2008,"GrecoRoman Wrestling","Red","PP",7,3,4,88
2008,"GrecoRoman Wrestling","Red","PP",14,5,9,89
2008,"GrecoRoman Wrestling","Red","PP",7,3,4,90
2008,"GrecoRoman Wrestling","Blue","PP",2,9,7,91
2008,"GrecoRoman Wrestling","Red","PP",7,4,3,92
2008,"GrecoRoman Wrestling","Red","PP",10,8,2,93
2008,"GrecoRoman Wrestling","Blue","PO",0,13,13,94
2008,"GrecoRoman Wrestling","Blue","PP",3,8,5,107
2008,"GrecoRoman Wrestling","Blue","PP",3,8,5,108
2008,"GrecoRoman Wrestling","Red","PP",6,6,0,109
2008,"GrecoRoman Wrestling","Blue","PP",6,6,0,110
2008,"GrecoRoman Wrestling","Blue","PP",3,6,3,111
2008,"GrecoRoman Wrestling","Red","PP",6,3,3,112
2008,"GrecoRoman Wrestling","Red","PP",11,3,8,125
2008,"GrecoRoman Wrestling","Red","PP",8,11,3,126
2008,"GrecoRoman Wrestling","Blue","PP",4,7,3,127
2008,"GrecoRoman Wrestling","Red","PO",12,0,12,128
2008,"GrecoRoman Wrestling","Red","PP",7,3,4,129
2008,"GrecoRoman Wrestling","Blue","VT",0,10,13,130
2008,"GrecoRoman Wrestling","Blue","PP",5,5,0,143
2008,"GrecoRoman Wrestling","Red","PP",8,2,6,144
2008,"GrecoRoman Wrestling","Blue","VT",1,9,13,145
2008,"GrecoRoman Wrestling","Red","PP",5,6,1,146
2008,"GrecoRoman Wrestling","Blue","PP",3,6,3,147
2008,"GrecoRoman Wrestling","Red","PO",12,0,12,148
2008,"GrecoRoman Wrestling","Red","PP",9,6,3,149
2008,"GrecoRoman Wrestling","Red","PP",5,6,1,150
2008,"GrecoRoman Wrestling","Red","PP",7,2,5,151
2008,"GrecoRoman Wrestling","Red","PP",8,4,4,152
2008,"GrecoRoman Wrestling","Red","PP",8,5,3,153
2008,"GrecoRoman Wrestling","Blue","PP",4,7,3,154
2008,"GrecoRoman Wrestling","Blue","PP",2,6,4,155
2008,"GrecoRoman Wrestling","Blue","PP",5,14,9,156
2008,"GrecoRoman Wrestling","Blue","PP",2,8,6,157
2008,"GrecoRoman Wrestling","Blue","PP",3,9,6,158
2008,"GrecoRoman Wrestling","Blue","PP",3,10,7,159
2008,"GrecoRoman Wrestling","Red","PP",10,2,8,160
2008,"GrecoRoman Wrestling","Blue","PO",0,12,12,161
2008,"GrecoRoman Wrestling","Red","PP",7,3,4,162
2008,"GrecoRoman Wrestling","Red","PP",9,3,6,163
2008,"GrecoRoman Wrestling","Blue","PP",2,9,7,164
2008,"Taekwondo Men","Blue","PTF",3,2,1,1
2008,"Taekwondo Men","Blue","PTF",4,3,1,2
2008,"Taekwondo Men","Blue","PTF",4,2,2,3
2008,"Taekwondo Men","Red","PTF",1,0,1,4
2008,"Taekwondo Men","Blue","PTG",7,0,7,5
2008,"Taekwondo Men","Blue","PTF",3,0,3,6
2008,"Taekwondo Men","Red","PTF",2,1,1,7
2008,"Taekwondo Men","Red","PTF",2,1,1,8
2008,"Taekwondo Men","Blue","PTF",2,1,1,9
2008,"Taekwondo Men","Blue","PTF",2,0,2,10
2008,"Taekwondo Men","Red","PTF",3,2,1,11
2008,"Taekwondo Men","Blue","PTF",3,2,1,12
2008,"Taekwondo Men","Blue","PTF",3,1,2,13
2008,"Taekwondo Men","Blue","PTF",3,2,1,14
2008,"Taekwondo Men","Blue","SUP",1,1,0,15
2008,"Taekwondo Men","Blue","PTF",1,-1,2,16
2008,"Taekwondo Men","Red","PTF",2,1,1,17
2008,"Taekwondo Men","Red","PTF",4,2,2,18
2008,"Taekwondo Men","Blue","PTF",4,1,3,19
2008,"Taekwondo Men","Red","PTF",3,1,2,20
2008,"Taekwondo Men","Blue","SUP",2,2,0,21
2008,"Taekwondo Men","Red","PTF",3,0,3,22
2008,"Taekwondo Men","Red","PTF",1,0,1,23
2008,"Taekwondo Men","Blue","PTF",4,3,1,24
2008,"Taekwondo Men","Blue","PTF",4,3,1,25
2008,"Taekwondo Men","Blue","PTF",4,0,4,27
2008,"Taekwondo Men","Blue","PTF",3,0,3,28
2008,"Taekwondo Men","Blue","PTF",3,1,2,29
2008,"Taekwondo Men","Red","PTF",1,0,1,30
2008,"Taekwondo Men","Red","PTF",3,2,1,31
2008,"Taekwondo Men","Red","PTF",2,1,1,32
2008,"Taekwondo Men","Blue","PTF",7,6,1,33
2008,"Taekwondo Men","Red","PTF",3,2,1,34
2008,"Taekwondo Men","Blue","PTF",3,2,1,35
2008,"Taekwondo Men","Red","PTF",4,3,1,36
2008,"Taekwondo Men","Red","PTF",1,0,1,37
2008,"Taekwondo Men","Red","PTF",4,3,1,38
2008,"Taekwondo Men","Red","PTF",5,0,5,39
2008,"Taekwondo Men","Blue","PTG",7,0,7,40
2008,"Taekwondo Men","Red","PTF",3,0,3,41
2008,"Taekwondo Men","Blue","PTF",4,1,3,42
2008,"Taekwondo Men","Red","PTF",5,0,5,43
2008,"Taekwondo Men","Blue","PTF",2,1,1,44
2008,"Taekwondo Men","Red","PTF",3,1,2,45
2008,"Taekwondo Men","Red","PTG",7,0,7,46
2008,"Taekwondo Men","Red","PTF",5,2,3,47
2008,"Taekwondo Men","Red","PTF",2,1,1,48
2008,"Taekwondo Men","Blue","SUP",0,0,0,49
2008,"Taekwondo Men","Red","PTF",3,2,1,50
2008,"Taekwondo Men","Red","PTF",6,5,1,51
2008,"Taekwondo Men","Red","PTF",4,1,3,52
2008,"Taekwondo Men","Red","PTF",6,4,2,53
2008,"Taekwondo Men","Blue","PTF",6,2,4,54
2008,"Taekwondo Men","Red","PTF",3,0,3,55
2008,"Taekwondo Men","Red","PTF",4,1,3,56
2008,"Taekwondo Men","Blue","PTF",3,2,1,57
2008,"Taekwondo Men","Blue","PTF",3,1,2,58
2008,"Taekwondo Men","Red","PTF",6,5,1,59
2008,"Taekwondo Men","Blue","PTF",4,3,1,60
2008,"Taekwondo Men","Blue","KO",NA,NA,7,61
2008,"Taekwondo Men","Red","PTF",4,1,3,62
2008,"Taekwondo Men","Red","PTF",3,1,2,63
2008,"Taekwondo Men","Blue","PTF",11,10,1,64
2008,"Taekwondo Men","Red","PTF",1,-2,3,65
2008,"Taekwondo Men","Blue","PTF",3,2,1,66
2008,"Taekwondo Men","Blue","PTF",5,4,1,67
2008,"Taekwondo Men","Red","PTF",2,1,1,68
2008,"Taekwondo Men","Red","PTF",2,0,2,69
2008,"Taekwondo Men","Red","PTF",3,2,1,70
2008,"Taekwondo Men","Red","PTF",1,0,1,71
2008,"Taekwondo Men","Red","PTF",5,4,1,72
2008,"Taekwondo Men","Blue","PTF",6,5,1,73
2008,"Taekwondo Men","Blue","PTF",4,3,1,75
2012,"Boxing Men","Red","PTS",19,9,10,1
2012,"Boxing Men","Red","PTS",12,5,7,2
2012,"Boxing Men","Red","PTS",13,7,6,3
2012,"Boxing Men","Red","PTS",21,6,15,4
2012,"Boxing Men","Red","PTS",15,7,8,5
2012,"Boxing Men","Blue","PTS",14,9,5,6
2012,"Boxing Men","Red","PTS",13,6,7,7
2012,"Boxing Men","Blue","PTS",15,6,9,8
2012,"Boxing Men","Red","PTS",18,10,8,9
2012,"Boxing Men","Red","PTS",11,8,3,10
2012,"Boxing Men","Blue","PTS",16,13,3,11
2012,"Boxing Men","Red","PTS",20,12,8,12
2012,"Boxing Men","Blue","PTS",18,7,11,13
2012,"Boxing Men","Red","PTS",16,16,0,14
2012,"Boxing Men","Blue","PTS",15,6,9,15
2012,"Boxing Men","Red","PTS",15,6,9,17
2012,"Boxing Men","Blue","PTS",10,9,1,18
2012,"Boxing Men","Red","PTS",11,9,2,19
2012,"Boxing Men","Blue","RSC",NA,NA,22,20
2012,"Boxing Men","Red","PTS",14,10,4,21
2012,"Boxing Men","Red","PTS",14,7,7,22
2012,"Boxing Men","Red","PTS",13,12,1,23
2012,"Boxing Men","Blue","PTS",13,11,2,24
2012,"Boxing Men","Red","PTS",17,8,9,25
2012,"Boxing Men","Red","PTS",16,9,7,26
2012,"Boxing Men","Red","PTS",11,5,6,27
2012,"Boxing Men","Red","PTS",12,12,0,28
2012,"Boxing Men","Blue","PTS",18,8,10,29
2012,"Boxing Men","Blue","PTS",20,7,13,30
2012,"Boxing Men","Blue","PTS",20,7,13,31
2012,"Boxing Men","Red","PTS",17,4,13,32
2012,"Boxing Men","Red","PTS",16,12,4,33
2012,"Boxing Men","Red","PTS",12,8,4,34
2012,"Boxing Men","Blue","PTS",13,6,7,35
2012,"Boxing Men","Red","PTS",18,10,8,36
2012,"Boxing Men","Blue","PTS",13,9,4,37
2012,"Boxing Men","Red","PTS",20,12,8,38
2012,"Boxing Men","Blue","PTS",15,8,7,39
2012,"Boxing Men","Red","PTS",11,6,5,40
2012,"Boxing Men","Blue","PTS",21,20,1,41
2012,"Boxing Men","Blue","PTS",11,6,5,42
2012,"Boxing Men","Blue","PTS",16,10,6,43
2012,"Boxing Men","Blue","PTS",14,8,6,44
2012,"Boxing Men","Blue","PTS",16,11,5,45
2012,"Boxing Men","Blue","PTS",17,13,4,46
2012,"Boxing Men","Red","PTS",13,8,5,47
2012,"Boxing Men","Red","PTS",14,13,1,48
2012,"Boxing Men","Red","PTS",14,12,2,49
2012,"Boxing Men","Blue","PTS",12,8,4,50
2012,"Boxing Men","Blue","PTS",14,12,2,51
2012,"Boxing Men","Red","PTS",19,16,3,52
2012,"Boxing Men","Blue","PTS",18,11,7,53
2012,"Boxing Men","Red","PTS",19,7,12,54
2012,"Boxing Men","Blue","PTS",15,14,1,55
2012,"Boxing Men","Blue","PTS",17,8,9,56
2012,"Boxing Men","Red","PTS",16,8,8,57
2012,"Boxing Men","Red","PTS",13,11,2,58
2012,"Boxing Men","Red","PTS",22,9,13,59
2012,"Boxing Men","Blue","PTS",18,14,4,60
2012,"Boxing Men","Red","PTS",24,10,14,61
2012,"Boxing Men","Blue","PTS",19,7,12,62
2012,"Boxing Men","Red","PTS",13,8,5,63
2012,"Boxing Men","Red","PTS",9,8,1,64
2012,"Boxing Men","Blue","PTS",12,10,2,65
2012,"Boxing Men","Red","PTS",18,10,8,66
2012,"Boxing Men","Blue","PTS",16,11,5,67
2012,"Boxing Men","Blue","PTS",15,6,9,68
2012,"Boxing Men","Blue","PTS",26,4,22,69
2012,"Boxing Men","Red","PTS",17,7,10,70
2012,"Boxing Men","Red","PTS",18,17,1,71
2012,"Boxing Men","Red","PTS",13,10,3,72
2012,"Boxing Men","Red","RSC",NA,NA,22,73
2012,"Boxing Men","Red","PTS",20,9,11,74
2012,"Boxing Men","Blue","PTS",16,10,6,75
2012,"Boxing Men","Blue","PTS",19,10,9,76
2012,"Boxing Men","Blue","PTS",19,9,10,77
2012,"Boxing Men","Blue","PTS",16,12,4,78
2012,"Boxing Men","Red","PTS",16,10,6,79
2012,"Boxing Men","Red","PTS",20,6,14,80
2012,"Boxing Men","Red","PTS",16,6,10,81
2012,"Boxing Men","Blue","PTS",14,11,3,82
2012,"Boxing Men","Blue","PTS",19,11,8,83
2012,"Boxing Men","Red","PTS",22,7,15,84
2012,"Boxing Men","Blue","PTS",13,7,6,85
2012,"Boxing Men","Blue","PTS",16,10,6,86
2012,"Boxing Men","Blue","PTS",20,12,8,87
2012,"Boxing Men","Red","PTS",19,5,14,88
2012,"Boxing Men","Red","PTS",19,16,3,89
2012,"Boxing Men","Red","PTS",13,9,4,90
2012,"Boxing Men","Red","PTS",21,15,6,91
2012,"Boxing Men","Blue","PTS",13,11,2,92
2012,"Boxing Men","Red","PTS",15,10,5,93
2012,"Boxing Men","Red","PTS",13,7,6,94
2012,"Boxing Men","Red","PTS",10,10,0,95
2012,"Boxing Men","Red","PTS",10,7,3,96
2012,"Boxing Men","Red","PTS",13,5,8,97
2012,"Boxing Men","Red","RSC",NA,NA,22,98
2012,"Boxing Men","Red","PTS",19,8,11,99
2012,"Boxing Men","Red","PTS",15,6,9,100
2012,"Boxing Men","Blue","PTS",18,10,8,101
2012,"Boxing Men","Red","PTS",11,9,2,102
2012,"Boxing Men","Blue","PTS",14,10,4,103
2012,"Boxing Men","Red","PTS",16,10,6,104
2012,"Boxing Men","Red","RSC",NA,NA,22,105
2012,"Boxing Men","Red","PTS",12,11,1,106
2012,"Boxing Men","Blue","PTS",21,12,9,107
2012,"Boxing Men","Red","PTS",14,4,10,110
2012,"Boxing Men","Red","PTS",16,16,0,111
2012,"Boxing Men","Red","RSC",NA,NA,22,112
2012,"Boxing Men","Blue","PTS",17,16,1,113
2012,"Boxing Men","Red","PTS",15,3,12,114
2012,"Boxing Men","Blue","PTS",16,7,9,115
2012,"Boxing Men","Red","PTS",16,8,8,116
2012,"Boxing Men","Blue","PTS",14,10,4,117
2012,"Boxing Men","Blue","PTS",18,18,0,118
2012,"Boxing Men","Blue","PTS",19,12,7,119
2012,"Boxing Men","Blue","PTS",16,7,9,120
2012,"Boxing Men","Blue","PTS",24,11,13,121
2012,"Boxing Men","Red","PTS",15,10,5,122
2012,"Boxing Men","Red","PTS",16,12,4,123
2012,"Boxing Men","Red","PTS",15,11,4,124
2012,"Boxing Men","Red","PTS",13,13,0,125
2012,"Boxing Men","Blue","PTS",12,10,2,126
2012,"Boxing Men","Blue","PTS",16,15,1,127
2012,"Boxing Men","Red","PTS",20,11,9,128
2012,"Boxing Men","Blue","PTS",21,12,9,129
2012,"Boxing Men","Red","PTS",14,9,5,130
2012,"Boxing Men","Blue","PTS",18,13,5,131
2012,"Boxing Men","Red","PTS",21,11,10,132
2012,"Boxing Men","Red","PTS",17,16,1,133
2012,"Boxing Men","Red","PTS",15,7,8,134
2012,"Boxing Men","Blue","PTS",13,12,1,135
2012,"Boxing Men","Red","PTS",14,11,3,136
2012,"Boxing Men","Red","PTS",11,7,4,137
2012,"Boxing Men","Blue","PTS",19,18,1,138
2012,"Boxing Men","Blue","PTS",19,8,11,139
2012,"Boxing Men","Blue","PTS",22,10,12,140
2012,"Boxing Men","Blue","PTS",19,15,4,141
2012,"Boxing Men","Blue","PTS",15,13,2,142
2012,"Boxing Men","Blue","PTS",18,9,9,143
2012,"Boxing Men","Blue","PTS",18,13,5,144
2012,"Boxing Men","Blue","PTS",25,11,14,145
2012,"Boxing Men","Red","PTS",14,11,3,146
2012,"Boxing Men","Blue","PTS",17,16,1,147
2012,"Boxing Men","Red","PTS",15,10,5,148
2012,"Boxing Men","Red","PTS",16,11,5,149
2012,"Boxing Men","Blue","PTS",18,15,3,150
2012,"Boxing Men","Red","PTS",16,8,8,151
2012,"Boxing Men","Red","PTS",19,10,9,152
2012,"Boxing Men","Blue","PTS",20,14,6,153
2012,"Boxing Men","Red","PTS",25,8,17,154
2012,"Boxing Men","Red","PTS",17,17,0,155
2012,"Boxing Men","Red","PTS",13,6,7,156
2012,"Boxing Men","Blue","PTS",19,11,8,157
2012,"Boxing Men","Red","PTS",15,13,2,158
2012,"Boxing Men","Red","PTS",20,6,14,159
2012,"Boxing Men","Blue","PTS",10,6,4,160
2012,"Boxing Men","Red","PTS",15,14,1,161
2012,"Boxing Men","Red","PTS",20,16,4,162
2012,"Boxing Men","Blue","PTS",15,12,3,163
2012,"Boxing Men","Red","PTS",17,11,6,164
2012,"Boxing Men","Blue","PTS",24,23,1,165
2012,"Boxing Men","Red","PTS",13,5,8,166
2012,"Boxing Men","Red","PTS",18,12,6,167
2012,"Boxing Men","Red","PTS",18,6,12,168
2012,"Boxing Men","Blue","PTS",12,9,3,169
2012,"Boxing Men","Red","PTS",16,11,5,182
2012,"Boxing Men","Red","PTS",19,13,6,183
2012,"Boxing Men","Red","PTS",16,15,1,184
2012,"Boxing Men","Blue","PTS",17,15,2,185
2012,"Boxing Men","Red","PTS",17,13,4,186
2012,"Boxing Men","Red","PTS",13,10,3,187
2012,"Boxing Men","Red","PTS",19,19,0,188
2012,"Boxing Men","Blue","PTS",12,10,2,189
2012,"Boxing Men","Red","PTS",14,9,5,202
2012,"Boxing Men","Blue","PTS",19,11,8,203
2012,"Boxing Men","Blue","PTS",16,14,2,204
2012,"Boxing Men","Blue","PTS",16,13,3,205
2012,"Boxing Men","Red","PTS",15,10,5,206
2012,"Boxing Men","Blue","PTS",14,10,4,207
2012,"Boxing Men","Red","PTS",17,13,4,208
2012,"Boxing Men","Blue","PTS",17,13,4,209
2012,"Boxing Men","Red","PTS",17,14,3,210
2012,"Boxing Men","Blue","PTS",12,11,1,211
2012,"Boxing Men","Red","PTS",20,6,14,212
2012,"Boxing Men","Blue","PTS",15,11,4,213
2012,"Boxing Men","Red","PTS",23,13,10,214
2012,"Boxing Men","Blue","PTS",15,10,5,215
2012,"Boxing Men","Blue","PTS",22,18,4,216
2012,"Boxing Men","Red","PTS",16,11,5,217
2012,"Boxing Men","Red","PTS",18,18,0,218
2012,"Boxing Men","Blue","PTS",14,14,0,219
2012,"Boxing Men","Blue","PTS",16,11,5,220
2012,"Boxing Men","Blue","PTS",20,9,11,221
2012,"Boxing Men","Red","PTS",13,10,3,228
2012,"Boxing Men","Red","PTS",23,18,5,229
2012,"Boxing Men","Red","PTS",19,11,8,230
2012,"Boxing Men","Red","PTS",16,10,6,231
2012,"Boxing Men","Red","PTS",21,15,6,232
2012,"Boxing Men","Blue","PTS",16,12,4,233
2012,"Boxing Men","Blue","PTS",23,22,1,234
2012,"Boxing Men","Blue","PTS",21,13,8,235
2012,"Boxing Men","Blue","PTS",18,15,3,236
2012,"Boxing Men","Blue","PTS",19,15,4,237
2012,"Boxing Men","Red","PTS",13,10,3,238
2012,"Boxing Men","Red","PTS",19,17,2,239
2012,"Boxing Men","Red","PTS",15,15,0,243
2012,"Boxing Men","Blue","PTS",13,12,1,244
2012,"Boxing Men","Blue","PTS",19,14,5,245
2012,"Boxing Men","Red","PTS",20,11,9,246
2012,"Boxing Men","Red","PTS",15,8,7,247
2012,"Boxing Men","Blue","PTS",29,21,8,248
2012,"Boxing Men","Blue","PTS",16,9,7,249
2012,"Boxing Men","Blue","PTS",13,12,1,250
2012,"Boxing Men","Red","PTS",21,5,16,251
2012,"Boxing Men","Blue","PTS",15,13,2,252
2012,"Boxing Men","Blue","PTS",15,11,4,253
2012,"Boxing Men","Blue","PTS",20,10,10,254
2012,"Boxing Men","Red","PTS",14,11,3,255
2012,"Boxing Men","Blue","PTS",18,13,5,256
2012,"Boxing Men","Blue","PTS",11,10,1,257
2012,"Boxing Men","Blue","PTS",18,12,6,258
2012,"Boxing Men","Blue","PTS",23,11,12,259
2012,"Boxing Men","Red","PTS",13,13,0,260
2012,"Boxing Men","Blue","PTS",13,12,1,261
2012,"Boxing Men","Blue","PTS",13,11,2,262
2012,"Boxing Men","Red","PTS",13,10,3,263
2012,"Boxing Men","Blue","PTS",14,11,3,264
2012,"Boxing Men","Red","PTS",22,15,7,265
2012,"Boxing Men","Blue","PTS",14,13,1,266
2012,"Boxing Men","Red","PTS",14,11,3,267
2012,"Boxing Men","Blue","PTS",17,14,3,268
2012,"Boxing Men","Red","PTS",19,9,10,269
2012,"Boxing Men","Blue","PTS",17,9,8,270
2012,"Boxing Men","Red","PTS",15,15,0,271
2012,"Boxing Men","Blue","PTS",18,18,0,272
2012,"FreeStyle Wrestling","Red","PP",6,2,4,256
2012,"FreeStyle Wrestling","Blue","PP",3,9,6,257
2012,"FreeStyle Wrestling","Red","PP",13,2,11,266
2012,"FreeStyle Wrestling","Blue","PP",2,10,8,267
2012,"FreeStyle Wrestling","Red","PP",6,3,3,268
2012,"FreeStyle Wrestling","Red","PO",8,0,8,269
2012,"FreeStyle Wrestling","Blue","PP",3,9,6,270
2012,"FreeStyle Wrestling","Blue","PP",5,6,1,271
2012,"FreeStyle Wrestling","Red","PO",7,0,7,272
2012,"FreeStyle Wrestling","Red","PP",8,5,3,273
2012,"FreeStyle Wrestling","Blue","PP",2,7,5,281
2012,"FreeStyle Wrestling","Red","PO",5,0,5,282
2012,"FreeStyle Wrestling","Blue","PO",0,9,9,283
2012,"FreeStyle Wrestling","Blue","PO",0,9,9,284
2012,"FreeStyle Wrestling","Blue","PP",3,16,13,285
2012,"FreeStyle Wrestling","Blue","PO",0,12,12,286
2012,"FreeStyle Wrestling","Red","PO",5,0,5,287
2012,"FreeStyle Wrestling","Red","PP",11,3,8,288
2012,"FreeStyle Wrestling","Blue","PP",3,5,2,289
2012,"FreeStyle Wrestling","Red","PP",8,4,4,290
2012,"FreeStyle Wrestling","Red","PO",5,0,5,291
2012,"FreeStyle Wrestling","Blue","PO",0,6,6,292
2012,"FreeStyle Wrestling","Blue","PO",0,5,5,293
2012,"FreeStyle Wrestling","Red","VT",13,0,15,305
2012,"FreeStyle Wrestling","Blue","PP",3,6,3,306
2012,"FreeStyle Wrestling","Blue","PP",3,9,6,307
2012,"FreeStyle Wrestling","Blue","PP",2,8,6,308
2012,"FreeStyle Wrestling","Blue","PO",0,8,8,309
2012,"FreeStyle Wrestling","Blue","PO",0,8,8,310
2012,"FreeStyle Wrestling","Red","PP",16,6,10,322
2012,"FreeStyle Wrestling","Red","PP",6,3,3,323
2012,"FreeStyle Wrestling","Blue","PP",2,13,11,324
2012,"FreeStyle Wrestling","Blue","PP",2,9,7,325
2012,"FreeStyle Wrestling","Red","PP",18,3,15,326
2012,"FreeStyle Wrestling","Red","PP",6,4,2,327
2012,"FreeStyle Wrestling","Red","PP",8,2,6,338
2012,"FreeStyle Wrestling","Red","PO",5,0,5,339
2012,"FreeStyle Wrestling","Red","PO",8,0,8,340
2012,"FreeStyle Wrestling","Blue","PP",8,6,2,341
2012,"FreeStyle Wrestling","Blue","VT",0,8,15,342
2012,"FreeStyle Wrestling","Red","PP",5,2,3,343
2012,"FreeStyle Wrestling","Blue","VB",0,5,15,344
2012,"FreeStyle Wrestling","Blue","PO",0,5,5,345
2012,"FreeStyle Wrestling","Blue","PP",3,12,9,346
2012,"FreeStyle Wrestling","Blue","PO",0,5,5,347
2012,"FreeStyle Wrestling","Red","PP",10,9,1,348
2012,"FreeStyle Wrestling","Red","PP",10,6,4,349
2012,"FreeStyle Wrestling","Blue","VT",0,13,15,350
2012,"FreeStyle Wrestling","Blue","PP",3,9,6,351
2012,"FreeStyle Wrestling","Red","PP",10,2,8,352
2012,"FreeStyle Wrestling","Red","PO",9,0,9,353
2012,"FreeStyle Wrestling","Red","PP",9,2,7,354
2012,"FreeStyle Wrestling","Blue","PP",3,9,6,355
2012,"FreeStyle Wrestling","Blue","PP",2,11,9,356
2012,"FreeStyle Wrestling","Red","PP",8,2,6,357
2012,"FreeStyle Wrestling","Blue","PP",4,11,7,358
2012,"FreeStyle Wrestling","Red","PO",5,0,5,359
2012,"FreeStyle Wrestling","Blue","PP",9,9,0,367
2012,"FreeStyle Wrestling","Blue","PP",4,9,5,368
2012,"FreeStyle Wrestling","Blue","PP",4,8,4,377
2012,"FreeStyle Wrestling","Red","PP",9,2,7,378
2012,"FreeStyle Wrestling","Red","PP",8,3,5,379
2012,"FreeStyle Wrestling","Red","PP",9,3,6,380
2012,"FreeStyle Wrestling","Blue","PP",7,12,5,381
2012,"FreeStyle Wrestling","Blue","PO",0,6,6,382
2012,"FreeStyle Wrestling","Blue","PP",3,5,2,383
2012,"FreeStyle Wrestling","Red","VB",10,0,15,384
2012,"FreeStyle Wrestling","Red","PO",5,0,5,392
2012,"FreeStyle Wrestling","Blue","PO",0,5,5,393
2012,"FreeStyle Wrestling","Red","PP",9,2,7,394
2012,"FreeStyle Wrestling","Red","PP",8,2,6,395
2012,"FreeStyle Wrestling","Red","PP",5,2,3,396
2012,"FreeStyle Wrestling","Blue","PP",2,9,7,397
2012,"FreeStyle Wrestling","Blue","PP",8,11,3,398
2012,"FreeStyle Wrestling","Red","VT",12,4,15,399
2012,"FreeStyle Wrestling","Blue","PP",2,7,5,400
2012,"FreeStyle Wrestling","Blue","PP",2,9,7,401
2012,"FreeStyle Wrestling","Red","VB",5,0,15,402
2012,"FreeStyle Wrestling","Red","PO",5,0,5,403
2012,"GrecoRoman Wrestling","Red","PO",8,0,8,23
2012,"GrecoRoman Wrestling","Red","PO",6,0,6,24
2012,"GrecoRoman Wrestling","Blue","PP",3,5,2,25
2012,"GrecoRoman Wrestling","Blue","PO",0,8,8,26
2012,"GrecoRoman Wrestling","Red","PP",6,2,4,27
2012,"GrecoRoman Wrestling","Red","PP",6,3,3,28
2012,"GrecoRoman Wrestling","Red","PO",6,0,6,29
2012,"GrecoRoman Wrestling","Red","PP",10,4,6,30
2012,"GrecoRoman Wrestling","Blue","PO",0,9,9,31
2012,"GrecoRoman Wrestling","Blue","PO",0,6,6,32
2012,"GrecoRoman Wrestling","Blue","PO",0,7,7,33
2012,"GrecoRoman Wrestling","Red","PO",8,0,8,34
2012,"GrecoRoman Wrestling","Red","PO",6,0,6,35
2012,"GrecoRoman Wrestling","Red","PP",7,3,4,36
2012,"GrecoRoman Wrestling","Blue","PO",0,6,6,37
2012,"GrecoRoman Wrestling","Blue","PO",0,6,6,38
2012,"GrecoRoman Wrestling","Red","PO",6,0,6,39
2012,"GrecoRoman Wrestling","Red","PP",8,4,4,40
2012,"GrecoRoman Wrestling","Red","PP",7,2,5,41
2012,"GrecoRoman Wrestling","Red","PO",6,0,6,42
2012,"GrecoRoman Wrestling","Blue","PO",0,7,7,43
2012,"GrecoRoman Wrestling","Blue","PP",3,7,4,44
2012,"GrecoRoman Wrestling","Red","PO",5,0,5,45
2012,"GrecoRoman Wrestling","Red","PO",6,0,6,57
2012,"GrecoRoman Wrestling","Red","PO",6,0,6,58
2012,"GrecoRoman Wrestling","Blue","PO",0,5,5,59
2012,"GrecoRoman Wrestling","Blue","PP",2,9,7,60
2012,"GrecoRoman Wrestling","Blue","PP",2,7,5,61
2012,"GrecoRoman Wrestling","Blue","PO",0,5,5,62
2012,"GrecoRoman Wrestling","Red","PP",6,5,1,75
2012,"GrecoRoman Wrestling","Red","PO",7,0,7,76
2012,"GrecoRoman Wrestling","Red","PP",7,6,1,77
2012,"GrecoRoman Wrestling","Blue","VT",1,10,13,78
2012,"GrecoRoman Wrestling","Blue","PP",2,9,7,79
2012,"GrecoRoman Wrestling","Red","PP",10,4,6,80
2012,"GrecoRoman Wrestling","Blue","PO",0,7,7,93
2012,"GrecoRoman Wrestling","Blue","PO",0,5,5,94
2012,"GrecoRoman Wrestling","Blue","PO",0,5,5,95
2012,"GrecoRoman Wrestling","Red","PO",7,0,7,96
2012,"GrecoRoman Wrestling","Red","PO",6,0,6,97
2012,"GrecoRoman Wrestling","Red","PP",5,2,3,98
2012,"GrecoRoman Wrestling","Blue","PP",3,8,5,99
2012,"GrecoRoman Wrestling","Blue","PP",4,7,3,100
2012,"GrecoRoman Wrestling","Blue","PP",4,13,9,101
2012,"GrecoRoman Wrestling","Blue","PP",5,10,5,102
2012,"GrecoRoman Wrestling","Blue","PO",0,6,6,103
2012,"GrecoRoman Wrestling","Red","PO",6,0,6,104
2012,"GrecoRoman Wrestling","Blue","PO",0,6,6,105
2012,"GrecoRoman Wrestling","Red","PO",8,0,8,106
2012,"GrecoRoman Wrestling","Blue","VT",3,12,13,107
2012,"GrecoRoman Wrestling","Blue","PO",0,5,5,108
2012,"GrecoRoman Wrestling","Red","PP",6,2,4,109
2012,"GrecoRoman Wrestling","Blue","PO",0,5,5,110
2012,"GrecoRoman Wrestling","Red","PO",6,0,6,111
2012,"GrecoRoman Wrestling","Blue","PO",0,5,5,112
2012,"GrecoRoman Wrestling","Blue","PP",2,5,3,113
2012,"GrecoRoman Wrestling","Red","PO",6,0,6,114
2012,"GrecoRoman Wrestling","Blue","PP",3,6,3,121
2012,"GrecoRoman Wrestling","Red","PO",9,0,9,122
2012,"GrecoRoman Wrestling","Red","PO",7,0,7,131
2012,"GrecoRoman Wrestling","Red","PO",7,0,7,132
2012,"GrecoRoman Wrestling","Red","PO",7,0,7,133
2012,"GrecoRoman Wrestling","Blue","PO",0,7,7,134
2012,"GrecoRoman Wrestling","Red","PO",10,0,10,135
2012,"GrecoRoman Wrestling","Blue","PP",3,6,3,136
2012,"GrecoRoman Wrestling","Red","PO",6,0,6,137
2012,"GrecoRoman Wrestling","Red","PO",7,0,7,138
2012,"GrecoRoman Wrestling","Red","PO",6,0,6,147
2012,"GrecoRoman Wrestling","Blue","PO",0,5,5,148
2012,"GrecoRoman Wrestling","Blue","PO",0,6,6,149
2012,"GrecoRoman Wrestling","Blue","PO",0,6,6,150
2012,"GrecoRoman Wrestling","Red","PO",13,0,13,151
2012,"GrecoRoman Wrestling","Blue","PP",2,5,3,152
2012,"GrecoRoman Wrestling","Red","PP",7,2,5,153
2012,"GrecoRoman Wrestling","Blue","PP",2,6,4,154
2012,"GrecoRoman Wrestling","Blue","PO",0,8,8,155
2012,"GrecoRoman Wrestling","Blue","PO",0,6,6,156
2012,"GrecoRoman Wrestling","Red","PO",6,0,6,157
2012,"GrecoRoman Wrestling","Red","PP",8,4,4,158
2012,"GrecoRoman Wrestling","Red","PO",6,0,6,159
2012,"Taekwondo Men","Blue","PTF",7,6,1,102
2012,"Taekwondo Men","Red","PTF",9,4,5,104
2012,"Taekwondo Men","Red","PTF",8,1,7,106
2012,"Taekwondo Men","Blue","PTF",8,3,5,108
2012,"Taekwondo Men","Red","SDP",8,7,0,110
2012,"Taekwondo Men","Red","SDP",1,0,0,112
2012,"Taekwondo Men","Blue","PTF",5,2,3,114
2012,"Taekwondo Men","Red","PTF",5,1,4,116
2012,"Taekwondo Men","Blue","PTF",5,3,2,118
2012,"Taekwondo Men","Blue","PTG",14,2,12,120
2012,"Taekwondo Men","Blue","SDP",11,10,0,122
2012,"Taekwondo Men","Blue","SDP",10,7,0,124
2012,"Taekwondo Men","Blue","PTF",13,4,9,126
2012,"Taekwondo Men","Blue","PTF",7,6,1,128
2012,"Taekwondo Men","Blue","SDP",4,1,0,130
2012,"Taekwondo Men","Blue","PTF",6,4,2,132
2012,"Taekwondo Men","Blue","PTF",3,1,2,134
2012,"Taekwondo Men","Red","PTF",6,4,2,136
2012,"Taekwondo Men","Blue","PTF",17,8,9,138
2012,"Taekwondo Men","Blue","PTF",8,6,2,202
2012,"Taekwondo Men","Blue","PTF",10,6,4,204
2012,"Taekwondo Men","Red","PTF",5,3,2,206
2012,"Taekwondo Men","Red","PTF",5,2,3,208
2012,"Taekwondo Men","Blue","PTG",13,1,12,210
2012,"Taekwondo Men","Red","SDP",3,2,0,212
2012,"Taekwondo Men","Blue","PTF",12,5,7,214
2012,"Taekwondo Men","Red","PTF",7,2,5,216
2012,"Taekwondo Men","Blue","PTF",9,2,7,218
2012,"Taekwondo Men","Red","PTF",8,3,5,220
2012,"Taekwondo Men","Red","PTF",7,5,2,222
2012,"Taekwondo Men","Red","SDP",5,4,0,224
2012,"Taekwondo Men","Blue","PTF",9,6,3,226
2012,"Taekwondo Men","Red","SUP",5,5,0,228
2012,"Taekwondo Men","Red","PTF",3,2,1,230
2012,"Taekwondo Men","Red","PTG",14,2,12,232
2012,"Taekwondo Men","Red","PTF",8,5,3,234
2012,"Taekwondo Men","Blue","PTF",5,3,2,236
2012,"Taekwondo Men","Blue","PTF",6,5,1,238
2012,"Taekwondo Men","Blue","PTF",3,2,1,302
2012,"Taekwondo Men","Red","PTF",5,1,4,304
2012,"Taekwondo Men","Blue","PTF",8,2,6,306
2012,"Taekwondo Men","Red","PTF",7,1,6,308
2012,"Taekwondo Men","Red","SDP",9,8,0,310
2012,"Taekwondo Men","Blue","PTF",8,4,4,312
2012,"Taekwondo Men","Blue","PTF",9,5,4,314
2012,"Taekwondo Men","Blue","PTF",4,3,1,316
2012,"Taekwondo Men","Red","PTF",2,1,1,318
2012,"Taekwondo Men","Blue","PTF",7,3,4,320
2012,"Taekwondo Men","Red","PTF",6,4,2,322
2012,"Taekwondo Men","Blue","PTF",9,1,8,324
2012,"Taekwondo Men","Red","PTF",2,1,1,326
2012,"Taekwondo Men","Red","PTF",2,1,1,328
2012,"Taekwondo Men","Blue","PTF",11,7,4,330
2012,"Taekwondo Men","Red","PTF",11,6,5,332
2012,"Taekwondo Men","Red","PTF",9,3,6,334
2012,"Taekwondo Men","Red","PTF",4,0,4,336
2012,"Taekwondo Men","Red","PTF",1,0,1,338
2012,"Taekwondo Men","Blue","PTF",9,4,5,402
2012,"Taekwondo Men","Red","PTF",7,3,4,404
2012,"Taekwondo Men","Blue","PTF",9,2,7,406
2012,"Taekwondo Men","Red","PTF",1,0,1,408
2012,"Taekwondo Men","Blue","PTF",7,3,4,410
2012,"Taekwondo Men","Red","PTF",6,4,2,412
2012,"Taekwondo Men","Red","PTF",13,4,9,414
2012,"Taekwondo Men","Red","PTF",7,3,4,416
2012,"Taekwondo Men","Red","PTF",4,1,3,418
2012,"Taekwondo Men","Blue","SDP",7,6,0,420
2012,"Taekwondo Men","Blue","SDP",6,5,0,422
2012,"Taekwondo Men","Blue","PTF",11,6,5,424
2012,"Taekwondo Men","Red","PTF",3,2,1,426
2012,"Taekwondo Men","Blue","PTF",6,4,2,428
2012,"Taekwondo Men","Blue","PTG",14,2,12,430
2012,"Taekwondo Men","Red","PTF",6,1,5,432
2012,"Taekwondo Men","Blue","PTF",3,2,1,436
2012,"Taekwondo Men","Red","SUP",9,9,0,438
2016,"Boxing Men","Blue","WP",25.33,29.67,4.34,1
2016,"Boxing Men","Blue","WP",26.67,29.67,3,2
2016,"Boxing Men","Blue","WP",27,30,3,3
2016,"Boxing Men","Blue","WP",27.33,29.67,2.34,4
2016,"Boxing Men","Blue","WP",28.33,28.67,0.340000000000003,5
2016,"Boxing Men","Blue","WP",28,29,1,6
2016,"Boxing Men","Red","WP",28.67,28.33,0.340000000000003,8
2016,"Boxing Men","Red","WP",30,26.67,3.33,9
2016,"Boxing Men","Blue","WP",27.33,29.67,2.34,10
2016,"Boxing Men","Red","WP",29.33,27.67,1.66,11
2016,"Boxing Men","Red","WP",29.33,27.67,1.66,12
2016,"Boxing Men","Red","WP",30,26.33,3.67,13
2016,"Boxing Men","Blue","WP",28,29,1,14
2016,"Boxing Men","Red","WP",29.67,27.33,2.34,15
2016,"Boxing Men","Red","WP",29.67,27.33,2.34,16
2016,"Boxing Men","Blue","WP",27.33,29.67,2.34,17
2016,"Boxing Men","Red","WP",29,28,1,18
2016,"Boxing Men","Red","WP",29,28,1,19
2016,"Boxing Men","Blue","WP",27.67,29.33,1.66,20
2016,"Boxing Men","Blue","WP",28,29,1,21
2016,"Boxing Men","Red","WP",28.67,28.33,0.340000000000003,22
2016,"Boxing Men","Red","WP",29.67,27.33,2.34,23
2016,"Boxing Men","Blue","WP",27,29.67,2.67,24
2016,"Boxing Men","Red","WP",30,27,3,25
2016,"Boxing Men","Blue","WP",28,29,1,26
2016,"Boxing Men","Blue","TKO",NA,NA,4.3,27
2016,"Boxing Men","Blue","WP",28.33,28.67,0.340000000000003,28
2016,"Boxing Men","Red","WP",30,27,3,29
2016,"Boxing Men","Red","WP",29.67,27.33,2.34,30
2016,"Boxing Men","Red","WP",29.67,27.33,2.34,31
2016,"Boxing Men","Blue","WP",27,30,3,32
2016,"Boxing Men","Blue","WP",27,30,3,33
2016,"Boxing Men","Red","WP",30,27,3,34
2016,"Boxing Men","Red","WP",28.67,28.33,0.340000000000003,35
2016,"Boxing Men","Red","WP",29,28,1,36
2016,"Boxing Men","Red","WP",29,28,1,37
2016,"Boxing Men","Blue","WP",28,29,1,38
2016,"Boxing Men","Red","WP",28.67,28.33,0.340000000000003,39
2016,"Boxing Men","Red","WP",28.67,28.33,0.340000000000003,40
2016,"Boxing Men","Blue","WP",27.67,29.33,1.66,41
2016,"Boxing Men","Red","WP",28.67,28.33,0.340000000000003,42
2016,"Boxing Men","Red","WP",29.67,27.33,2.34,43
2016,"Boxing Men","Red","WP",28.67,28.33,0.340000000000003,44
2016,"Boxing Men","Red","WP",29.33,27.67,1.66,45
2016,"Boxing Men","Red","WP",29,28,1,46
2016,"Boxing Men","Red","WP",29.33,27.67,1.66,47
2016,"Boxing Men","Blue","WP",27.67,29.33,1.66,48
2016,"Boxing Men","Red","WP",29.67,27.33,2.34,49
2016,"Boxing Men","Blue","TKO-I",NA,NA,4.3,50
2016,"Boxing Men","Red","WP",29,28,1,51
2016,"Boxing Men","Blue","WP",27.33,29.67,2.34,52
2016,"Boxing Men","Blue","WP",27.33,29.67,2.34,53
2016,"Boxing Men","Red","WP",29,28,1,54
2016,"Boxing Men","Blue","WP",28.67,28.33,0.340000000000003,55
2016,"Boxing Men","Red","WP",30,27,3,56
2016,"Boxing Men","Blue","WP",27.33,29.67,2.34,57
2016,"Boxing Men","Red","WP",30,26.33,3.67,58
2016,"Boxing Men","Red","TKO",NA,NA,4.3,59
2016,"Boxing Men","Blue","WP",28.33,28.67,0.340000000000003,60
2016,"Boxing Men","Red","WP",28.33,28.67,0.340000000000003,61
2016,"Boxing Men","Blue","WP",27,30,3,62
2016,"Boxing Men","Red","WP",29.67,27.33,2.34,63
2016,"Boxing Men","Blue","WP",27.33,29.67,2.34,64
2016,"Boxing Men","Red","WP",28.67,27.33,1.34,65
2016,"Boxing Men","Blue","TKO",NA,NA,4.3,66
2016,"Boxing Men","Red","WP",29.33,27.67,1.66,67
2016,"Boxing Men","Blue","WP",27,30,3,68
2016,"Boxing Men","Red","WP",29,28,1,69
2016,"Boxing Men","Red","WP",28.33,28.67,0.340000000000003,70
2016,"Boxing Men","Red","WP",29,28,1,71
2016,"Boxing Men","Red","WP",28.33,28.67,0.340000000000003,72
2016,"Boxing Men","Blue","WP",26.67,29.33,2.66,73
2016,"Boxing Men","Red","TKO",NA,NA,4.3,74
2016,"Boxing Men","Blue","WP",28,29,1,75
2016,"Boxing Men","Blue","WP",27,30,3,76
2016,"Boxing Men","Red","WP",29,28,1,77
2016,"Boxing Men","Red","WP",28.67,28.33,0.340000000000003,78
2016,"Boxing Men","Blue","WP",28.33,28.67,0.340000000000003,79
2016,"Boxing Men","Red","WP",29.67,27.33,2.34,80
2016,"Boxing Men","Red","WP",30,26.67,3.33,81
2016,"Boxing Men","Red","WP",28.67,28.33,0.340000000000003,82
2016,"Boxing Men","Red","WP",28.67,28.33,0.340000000000003,83
2016,"Boxing Men","Blue","WP",28,29,1,84
2016,"Boxing Men","Blue","WP",27,29.67,2.67,85
2016,"Boxing Men","Blue","WP",27.33,29.67,2.34,86
2016,"Boxing Men","Blue","WP",28.33,28.67,0.340000000000003,87
2016,"Boxing Men","Red","WP",30,26.33,3.67,89
2016,"Boxing Men","Blue","WP",28,29,1,90
2016,"Boxing Men","Red","WP",29.67,27.33,2.34,91
2016,"Boxing Men","Red","WP",29,28,1,92
2016,"Boxing Men","Red","WP",30,27,3,93
2016,"Boxing Men","Blue","WP",28,29,1,94
2016,"Boxing Men","Red","WP",28.33,28.67,0.340000000000003,95
2016,"Boxing Men","Blue","WP",27.33,29.33,2,96
2016,"Boxing Men","Red","WP",29,28,1,97
2016,"Boxing Men","Red","TKO",NA,NA,4.3,98
2016,"Boxing Men","Red","WP",28.67,28.33,0.340000000000003,99
2016,"Boxing Men","Blue","WP",27.33,29.67,2.34,100
2016,"Boxing Men","Red","WP",30,27,3,101
2016,"Boxing Men","Red","WP",27.67,27.33,0.340000000000003,102
2016,"Boxing Men","Red","WP",30,27,3,103
2016,"Boxing Men","Blue","WP",27.67,29.33,1.66,104
2016,"Boxing Men","Blue","WP",27.67,29.33,1.66,105
2016,"Boxing Men","Blue","WP",27,29,2,106
2016,"Boxing Men","Blue","WP",26.33,30,3.67,107
2016,"Boxing Men","Blue","WP",27.67,29.33,1.66,108
2016,"Boxing Men","Red","WP",30,27,3,109
2016,"Boxing Men","Red","WP",29,28,1,110
2016,"Boxing Men","Red","WP",29.33,27.67,1.66,111
2016,"Boxing Men","Blue","WP",28,29,1,112
2016,"Boxing Men","Blue","WP",27.33,29.67,2.34,113
2016,"Boxing Men","Blue","TKO-I",NA,NA,4.3,114
2016,"Boxing Men","Blue","KO",NA,NA,4.3,115
2016,"Boxing Men","Blue","WP",28,28.67,0.670000000000002,116
2016,"Boxing Men","Red","WP",29,28,1,117
2016,"Boxing Men","Red","WP",30,26.33,3.67,118
2016,"Boxing Men","Blue","WP",28.33,28.67,0.340000000000003,119
2016,"Boxing Men","Red","WP",30,27,3,120
2016,"Boxing Men","Blue","WP",28,29,1,121
2016,"Boxing Men","Blue","WP",27.67,29.33,1.66,122
2016,"Boxing Men","Blue","WP",28,29,1,123
2016,"Boxing Men","Red","WP",29,28,1,124
2016,"Boxing Men","Blue","WP",27,30,3,126
2016,"Boxing Men","Blue","WP",28,29,1,127
2016,"Boxing Men","Blue","WP",27.33,29.67,2.34,128
2016,"Boxing Men","Blue","WP",27.67,29.33,1.66,133
2016,"Boxing Men","Red","WP",29.33,27.67,1.66,134
2016,"Boxing Men","Red","WP",30,27,3,135
2016,"Boxing Men","Blue","WP",27.33,29.67,2.34,136
2016,"Boxing Men","Red","TKO",NA,NA,4.3,137
2016,"Boxing Men","Red","WP",28.67,28.33,0.340000000000003,138
2016,"Boxing Men","Red","WP",30,27,3,139
2016,"Boxing Men","Red","WP",29.33,27.67,1.66,144
2016,"Boxing Men","Red","WP",29.33,27.67,1.66,145
2016,"Boxing Men","Red","WP",28.67,28.33,0.340000000000003,146
2016,"Boxing Men","Blue","WP",27.33,29.67,2.34,148
2016,"Boxing Men","Red","WP",29.33,27.67,1.66,149
2016,"Boxing Men","Blue","WP",26.67,30,3.33,150
2016,"Boxing Men","Blue","WP",28,29,1,151
2016,"Boxing Men","Red","WP",30,26.67,3.33,152
2016,"Boxing Men","Blue","WP",27,29,2,153
2016,"Boxing Men","Red","WP",29.67,27.33,2.34,154
2016,"Boxing Men","Blue","WP",28.33,28.67,0.340000000000003,155
2016,"Boxing Men","Red","WP",28.33,27.67,0.659999999999997,156
2016,"Boxing Men","Red","WP",29.33,27.67,1.66,157
2016,"Boxing Men","Red","WP",29.67,27.33,2.34,158
2016,"Boxing Men","Red","WP",30,27,3,159
2016,"Boxing Men","Red","WP",28.67,28.33,0.340000000000003,160
2016,"Boxing Men","Red","WP",29.67,27.33,2.34,161
2016,"Boxing Men","Blue","WP",26.67,30,3.33,162
2016,"Boxing Men","Red","WP",29.67,27.33,2.34,163
2016,"Boxing Men","Red","WP",29,28,1,164
2016,"Boxing Men","Red","WP",28.67,28.33,0.340000000000003,165
2016,"Boxing Men","Blue","WP",28.33,28.67,0.340000000000003,166
2016,"Boxing Men","Red","WP",29.67,27.33,2.34,167
2016,"Boxing Men","Red","WP",29.33,27.67,1.66,168
2016,"Boxing Men","Blue","WP",28,29,1,169
2016,"Boxing Men","Red","WP",29.33,27.67,1.66,170
2016,"Boxing Men","Red","TKO",NA,NA,4.3,171
2016,"Boxing Men","Blue","TKO",NA,NA,4.3,172
2016,"Boxing Men","Red","KO",NA,NA,4.3,173
2016,"Boxing Men","Blue","WP",18,20,2,174
2016,"Boxing Men","Red","WP",29.67,27.33,2.34,177
2016,"Boxing Men","Blue","WP",28.33,28.67,0.340000000000003,178
2016,"Boxing Men","Blue","WP",28.33,28.67,0.340000000000003,179
2016,"Boxing Men","Blue","WP",27.67,29.33,1.66,180
2016,"Boxing Men","Blue","WP",28,29,1,181
2016,"Boxing Men","Red","WP",30,27,3,182
2016,"Boxing Men","Blue","WP",28.33,28.67,0.340000000000003,183
2016,"Boxing Men","Red","WP",30,27,3,184
2016,"Boxing Men","Red","WP",28.67,28.33,0.340000000000003,185
2016,"Boxing Men","Red","WP",30,27,3,186
2016,"Boxing Men","Red","TKO",NA,NA,4.3,187
2016,"Boxing Men","Blue","WP",27.33,29.67,2.34,188
2016,"Boxing Men","Red","WP",30,27,3,191
2016,"Boxing Men","Blue","WP",28,29,1,192
2016,"Boxing Men","Red","WP",20,18,2,193
2016,"Boxing Men","Blue","WP",28,29,1,194
2016,"Boxing Men","Blue","WP",28,29,1,195
2016,"Boxing Men","Red","WP",28.67,28,0.670000000000002,196
2016,"Boxing Men","Red","WP",29,28,1,197
2016,"Boxing Men","Red","WP",29.33,27.67,1.66,198
2016,"Boxing Men","Blue","WP",28.67,28.33,0.340000000000003,199
2016,"Boxing Men","Red","WP",30,26,4,200
2016,"Boxing Men","Blue","WP",27,30,3,201
2016,"Boxing Men","Red","WP",29,28,1,204
2016,"Boxing Men","Red","WP",29.33,27.67,1.66,205
2016,"Boxing Men","Blue","WP",27,30,3,206
2016,"Boxing Men","Blue","WP",28,29,1,207
2016,"Boxing Men","Blue","WP",27,30,3,208
2016,"Boxing Men","Red","WP",29,28,1,209
2016,"Boxing Men","Blue","WP",28.33,28.67,0.340000000000003,210
2016,"Boxing Men","Red","WP",29.33,27.67,1.66,213
2016,"Boxing Men","Blue","WP",27.33,29.67,2.34,214
2016,"Boxing Men","Red","WP",29.33,27.67,1.66,215
2016,"Boxing Men","Blue","WP",28,29,1,216
2016,"Boxing Men","Blue","WP",18,20,2,217
2016,"Boxing Men","Red","WP",28,27,1,218
2016,"Boxing Men","Blue","WP",26.33,30,3.67,219
2016,"Boxing Men","Red","WP",29,28,1,220
2016,"Boxing Men","Blue","WP",28,29,1,223
2016,"Boxing Men","Blue","WP",27,30,3,224
2016,"Boxing Men","Red","WP",30,27,3,225
2016,"Boxing Men","Red","WP",28.67,28.33,0.340000000000003,226
2016,"Boxing Men","Red","WP",30,27,3,227
2016,"Boxing Men","Red","WP",29.67,27.33,2.34,228
2016,"Boxing Men","Blue","TKO",NA,NA,4.3,229
2016,"Boxing Men","Blue","WP",27.33,29.33,2,232
2016,"Boxing Men","Blue","TKO",NA,NA,4.3,233
2016,"Boxing Men","Red","WP",29,27,2,234
2016,"Boxing Men","Red","WP",30,27,3,235
2016,"Boxing Men","Blue","WP",28,29,1,236
2016,"Boxing Men","Red","WP",30,26.33,3.67,237
2016,"Boxing Men","Blue","WP",28,29,1,238
2016,"Boxing Men","Red","WP",29.33,27.67,1.66,239
2016,"Boxing Men","Blue","WP",27,30,3,246
2016,"Boxing Men","Red","WP",29.67,27.33,2.34,247
2016,"Boxing Men","Red","WP",29,28,1,248
2016,"Boxing Men","Red","WP",28.67,28.33,0.340000000000003,249
2016,"Boxing Men","Blue","WP",28,29,1,250
2016,"Boxing Men","Red","WP",29.33,27.67,1.66,254
2016,"Boxing Men","Red","WP",29.67,27.33,2.34,255
2016,"Boxing Men","Blue","WP",27.33,29.67,2.34,256
2016,"Boxing Men","Red","WP",29,28,1,257
2016,"Boxing Men","Red","WP",29.33,27.33,2,258
2016,"Boxing Men","Red","WP",29,28,1,259
2016,"Boxing Men","Blue","WP",28.33,28.67,0.340000000000003,260
2016,"Boxing Men","Blue","WP",27.33,29.67,2.34,261
2016,"Boxing Men","Red","WP",28.67,28.33,0.340000000000003,262
2016,"Boxing Men","Red","WP",29,28,1,263
2016,"Boxing Men","Blue","WP",28.33,28.67,0.340000000000003,268
2016,"Boxing Men","Red","WP",29.33,27.67,1.66,269
2016,"Boxing Men","Red","WP",29.33,27.67,1.66,271
2016,"Boxing Men","Red","WP",28.67,28.33,0.340000000000003,272
2016,"Boxing Men","Red","WP",29,28,1,273
2016,"Taekwondo Men","Red","PTG",16,2,14,102
2016,"Taekwondo Men","Blue","PTG",9,23,14,104
2016,"Taekwondo Men","Red","PTF",3,7,4,106
2016,"Taekwondo Men","Red","PTF",3,4,1,108
2016,"Taekwondo Men","Blue","PTF",12,10,2,110
2016,"Taekwondo Men","Red","PTF",1,8,7,112
2016,"Taekwondo Men","Blue","PTG",14,2,12,116
2016,"Taekwondo Men","Red","PTF",5,8,3,118
2016,"Taekwondo Men","Blue","PTF",8,1,7,120
2016,"Taekwondo Men","Blue","PTF",11,9,2,122
2016,"Taekwondo Men","Blue","PTF",4,1,3,124
2016,"Taekwondo Men","Red","PTF",4,9,5,126
2016,"Taekwondo Men","Blue","PTF",11,7,4,128
2016,"Taekwondo Men","Blue","PTF",6,4,2,130
2016,"Taekwondo Men","Red","PTF",1,4,3,132
2016,"Taekwondo Men","Blue","PTF",4,1,3,134
2016,"Taekwondo Men","Blue","GDP",6,5,0,136
2016,"Taekwondo Men","Blue","PTF",7,5,2,138
2016,"Taekwondo Men","Red","PTF",2,12,10,202
2016,"Taekwondo Men","Blue","PTG",14,1,13,204
2016,"Taekwondo Men","Red","PTF",12,15,3,206
2016,"Taekwondo Men","Blue","PTG",15,1,14,208
2016,"Taekwondo Men","Red","PTF",1,9,8,212
2016,"Taekwondo Men","Red","PTF",3,4,1,214
2016,"Taekwondo Men","Red","PTF",11,12,1,216
2016,"Taekwondo Men","Blue","PTG",19,6,13,218
2016,"Taekwondo Men","Red","PTF",7,9,2,220
2016,"Taekwondo Men","Red","PTF",8,11,3,222
2016,"Taekwondo Men","Blue","PTF",7,4,3,224
2016,"Taekwondo Men","Blue","PTF",6,1,5,226
2016,"Taekwondo Men","Blue","PTF",12,7,5,228
2016,"Taekwondo Men","Red","GDP",4,5,0,230
2016,"Taekwondo Men","Red","PTF",6,14,8,232
2016,"Taekwondo Men","Blue","PTF",4,3,1,234
2016,"Taekwondo Men","Blue","PTF",11,7,4,236
2016,"Taekwondo Men","Red","PTF",6,10,4,238
2016,"Taekwondo Men","Blue","PTF",7,4,3,302
2016,"Taekwondo Men","Blue","PTG",14,0,14,304
2016,"Taekwondo Men","Blue","PTF",13,6,7,306
2016,"Taekwondo Men","Blue","PTG",13,1,12,308
2016,"Taekwondo Men","Blue","PTG",14,2,12,310
2016,"Taekwondo Men","Red","GDP",8,11,0,312
2016,"Taekwondo Men","Red","PTF",2,4,2,314
2016,"Taekwondo Men","Blue","PTF",8,2,6,316
2016,"Taekwondo Men","Red","PTF",2,9,7,318
2016,"Taekwondo Men","Blue","PTG",17,5,12,320
2016,"Taekwondo Men","Red","GDP",0,1,0,322
2016,"Taekwondo Men","Red","PTF",1,7,6,324
2016,"Taekwondo Men","Blue","PTF",12,7,5,326
2016,"Taekwondo Men","Red","PTF",6,7,1,328
2016,"Taekwondo Men","Blue","SUP",0,0,0,330
2016,"Taekwondo Men","Blue","GDP",6,5,0,332
2016,"Taekwondo Men","Blue","PTF",14,5,9,334
2016,"Taekwondo Men","Red","PTG",0,12,12,336
2016,"Taekwondo Men","Red","PTF",6,8,2,338
2016,"Taekwondo Men","Red","PTF",7,9,2,402
2016,"Taekwondo Men","Red","PTF",0,6,6,404
2016,"Taekwondo Men","Blue","PTF",13,4,9,406
2016,"Taekwondo Men","Blue","PTF",15,8,7,408
2016,"Taekwondo Men","Red","PTG",1,16,15,410
2016,"Taekwondo Men","Red","PTF",6,12,6,412
2016,"Taekwondo Men","Blue","PTF",11,2,9,416
2016,"Taekwondo Men","Red","PTF",1,6,5,418
2016,"Taekwondo Men","Red","SUP",1,1,0,420
2016,"Taekwondo Men","Red","GDP",3,4,0,422
2016,"Taekwondo Men","Red","PTF",8,12,4,424
2016,"Taekwondo Men","Blue","PTF",8,2,6,426
2016,"Taekwondo Men","Red","PTF",1,4,3,428
2016,"Taekwondo Men","Blue","PTF",5,2,3,430
2016,"Taekwondo Men","Red","PTF",8,15,7,432
2016,"Taekwondo Men","Red","PTF",4,5,1,434
2016,"Taekwondo Men","Blue","GDP",4,3,0,436
2016,"Taekwondo Men","Red","PTF",6,2,4,438
2020,"Boxing Men","Blue","WP",27.8,29.2,1.4,5
2020,"Boxing Men","Blue","WP",26.2,30,3.8,6
2020,"Boxing Men","Red","WP",28.4,28.6,0.200000000000003,7
2020,"Boxing Men","Blue","WP",28.4,28.6,0.200000000000003,8
2020,"Boxing Men","Blue","WP",26.8,30,3.2,9
2020,"Boxing Men","Blue","WP",27.8,28.2,0.399999999999999,10
2020,"Boxing Men","Red","RSC",NA,NA,6.8,11
2020,"Boxing Men","Red","WP",29.8,27.2,2.6,12
2020,"Boxing Men","Blue","WP",28,29,1,13
2020,"Boxing Men","Red","WP",29.4,27.6,1.8,17
2020,"Boxing Men","Red","WP",29.4,27.6,1.8,18
2020,"Boxing Men","Red","WP",29,28,1,19
2020,"Boxing Men","Red","WP",28.6,28.2,0.400000000000002,20
2020,"Boxing Men","Red","WP",28.6,28.4,0.200000000000003,21
2020,"Boxing Men","Blue","WP",27.6,29.2,1.6,22
2020,"Boxing Men","Red","WP",30,26.8,3.2,23
2020,"Boxing Men","Red","WP",28.6,28.4,0.200000000000003,24
2020,"Boxing Men","Blue","RSC-I",NA,NA,6.8,25
2020,"Boxing Men","Blue","WP",26.8,30,3.2,26
2020,"Boxing Men","Red","WP",28.8,28,0.800000000000001,27
2020,"Boxing Men","Blue","WP",26.6,30,3.4,33
2020,"Boxing Men","Blue","WP",28,29,1,34
2020,"Boxing Men","Blue","WP",27,30,3,35
2020,"Boxing Men","Red","WP",30,23.2,6.8,36
2020,"Boxing Men","Blue","WP",27.4,29.6,2.2,37
2020,"Boxing Men","Red","WP",29.2,27.8,1.4,38
2020,"Boxing Men","Blue","RSC",NA,NA,6.8,39
2020,"Boxing Men","Blue","WP",27,29,2,40
2020,"Boxing Men","Blue","WP",27.6,29.4,1.8,41
2020,"Boxing Men","Blue","WP",28,29,1,47
2020,"Boxing Men","Blue","WP",28,29,1,48
2020,"Boxing Men","Red","WP",29.4,27.6,1.8,49
2020,"Boxing Men","Blue","WP",24.4,30,5.6,50
2020,"Boxing Men","Red","WP",29.6,27.4,2.2,51
2020,"Boxing Men","Red","WP",29.6,27.4,2.2,52
2020,"Boxing Men","Red","WP",30,27,3,53
2020,"Boxing Men","Red","WP",28.8,28.2,0.600000000000001,54
2020,"Boxing Men","Red","WP",27.6,27.4,0.200000000000003,55
2020,"Boxing Men","Blue","WP",27.4,29.6,2.2,56
2020,"Boxing Men","Blue","WP",26.6,30,3.4,57
2020,"Boxing Men","Red","WP",30,27,3,58
2020,"Boxing Men","Red","WP",29.4,27.6,1.8,59
2020,"Boxing Men","Red","WP",30,26.4,3.6,60
2020,"Boxing Men","Blue","WP",27.8,29.2,1.4,61
2020,"Boxing Men","Blue","WP",28.2,28.8,0.600000000000001,62
2020,"Boxing Men","Blue","WP",28,29,1,63
2020,"Boxing Men","Red","WP",29.8,27.2,2.6,64
2020,"Boxing Men","Blue","RSC",NA,NA,6.8,65
2020,"Boxing Men","Blue","WP",27,29.4,2.4,66
2020,"Boxing Men","Red","WP",29,28,1,71
2020,"Boxing Men","Blue","RSC",NA,NA,6.8,72
2020,"Boxing Men","Blue","WP",27.6,29.4,1.8,73
2020,"Boxing Men","Blue","WP",27.4,29.6,2.2,74
2020,"Boxing Men","Red","WP",29.2,27.8,1.4,75
2020,"Boxing Men","Red","WP",30,27,3,76
2020,"Boxing Men","Blue","WP",28,29,1,77
2020,"Boxing Men","Red","WP",20,18,2,78
2020,"Boxing Men","Red","WP",28.6,28.4,0.200000000000003,79
2020,"Boxing Men","Red","WP",30,27,3,80
2020,"Boxing Men","Red","WP",29.8,27.2,2.6,85
2020,"Boxing Men","Blue","WP",27.2,28.8,1.6,86
2020,"Boxing Men","Red","WP",29.4,25.6,3.8,87
2020,"Boxing Men","Red","WP",28.2,28.8,0.600000000000001,88
2020,"Boxing Men","Red","WP",30,27,3,89
2020,"Boxing Men","Red","WP",30,27,3,90
2020,"Boxing Men","Blue","WP",28.2,28.8,0.600000000000001,91
2020,"Boxing Men","Blue","WP",27,30,3,92
2020,"Boxing Men","Red","WP",27.6,28.4,0.799999999999997,100
2020,"Boxing Men","Red","WP",29.2,27.8,1.4,101
2020,"Boxing Men","Blue","WP",27,29,2,102
2020,"Boxing Men","Blue","WP",28.2,28.8,0.600000000000001,103
2020,"Boxing Men","Blue","WP",27,29,2,104
2020,"Boxing Men","Red","WP",28.8,28.2,0.600000000000001,105
2020,"Boxing Men","Blue","WP",24.2,30,5.8,106
2020,"Boxing Men","Red","KO",NA,NA,6.8,107
2020,"Boxing Men","Blue","WP",28.4,28.6,0.200000000000003,120
2020,"Boxing Men","Blue","WP",27.4,29.6,2.2,121
2020,"Boxing Men","Red","WP",29.2,27.8,1.4,122
2020,"Boxing Men","Red","WP",28.8,28,0.800000000000001,123
2020,"Boxing Men","Blue","WP",27.8,29.2,1.4,124
2020,"Boxing Men","Red","WP",28.4,28.6,0.200000000000003,125
2020,"Boxing Men","Red","WP",20,17.8,2.2,126
2020,"Boxing Men","Red","WP",29.8,27,2.8,127
2020,"Boxing Men","Red","RSC-I",NA,NA,6.8,134
2020,"Boxing Men","Red","WP",28.8,28.2,0.600000000000001,135
2020,"Boxing Men","Blue","WP",27.2,29.8,2.6,136
2020,"Boxing Men","Blue","WP",27.6,29.4,1.8,137
2020,"Boxing Men","Red","WP",30,26,4,138
2020,"Boxing Men","Blue","WP",28.2,28.8,0.600000000000001,139
2020,"Boxing Men","Blue","RSC",NA,NA,6.8,140
2020,"Boxing Men","Blue","WP",27.6,29.4,1.8,141
2020,"Boxing Men","Red","WP",30,26.6,3.4,142
2020,"Boxing Men","Blue","WP",28.6,28.4,0.200000000000003,143
2020,"Boxing Men","Red","WP",29.2,26.6,2.6,144
2020,"Boxing Men","Blue","RSC-I",NA,NA,6.8,145
2020,"Boxing Men","Red","WP",30,26.8,3.2,146
2020,"Boxing Men","Red","WP",29.6,27.2,2.4,147
2020,"Boxing Men","Blue","WP",27.4,29.6,2.2,148
2020,"Boxing Men","Blue","WP",26.2,30,3.8,149
2020,"Boxing Men","Red","WP",28.8,28.2,0.600000000000001,154
2020,"Boxing Men","Blue","WP",27.6,29,1.4,155
2020,"Boxing Men","Red","WP",29,28,1,156
2020,"Boxing Men","Blue","WP",28.2,28.8,0.600000000000001,157
2020,"Boxing Men","Red","WP",30,26.2,3.8,158
2020,"Boxing Men","Red","WP",29.6,27.4,2.2,159
2020,"Boxing Men","Red","WP",29.4,27.6,1.8,160
2020,"Boxing Men","Blue","WP",27,30,3,161
2020,"Boxing Men","Red","WP",29.2,27.8,1.4,172
2020,"Boxing Men","Red","WP",29.4,27.6,1.8,173
2020,"Boxing Men","Red","KO",NA,NA,6.8,174
2020,"Boxing Men","Blue","WP",28.4,28.6,0.200000000000003,175
2020,"Boxing Men","Red","WP",29.8,27,2.8,176
2020,"Boxing Men","Blue","WP",27,29.8,2.8,177
2020,"Boxing Men","Red","WP",29.6,27.4,2.2,184
2020,"Boxing Men","Blue","WP",27,30,3,185
2020,"Boxing Men","Red","WP",30,27,3,186
2020,"Boxing Men","Blue","WP",26.6,28.4,1.8,187
2020,"Boxing Men","Blue","WP",28,29,1,188
2020,"Boxing Men","Red","WP",29,28,1,189
2020,"Boxing Men","Blue","WP",27.8,29,1.2,190
2020,"Boxing Men","Blue","WP",18.6,19.4,0.799999999999997,191
2020,"Boxing Men","Blue","WP",26.8,30,3.2,192
2020,"Boxing Men","Red","WP",30,27,3,193
2020,"Boxing Men","Blue","RSC",NA,NA,6.8,194
2020,"Boxing Men","Blue","WP",27.2,29.8,2.6,195
2020,"Boxing Men","Red","WP",29,28,1,196
2020,"Boxing Men","Blue","WP",27.6,29.4,1.8,197
2020,"Boxing Men","Red","WP",30,26.4,3.6,201
2020,"Boxing Men","Blue","WP",28,29,1,202
2020,"Boxing Men","Blue","WP",28.2,28.8,0.600000000000001,203
2020,"Boxing Men","Red","WP",29,28,1,204
2020,"Boxing Men","Red","WP",30,26.8,3.2,205
2020,"Boxing Men","Blue","WP",28,28.8,0.800000000000001,206
2020,"Boxing Men","Red","WP",29.6,27.4,2.2,208
2020,"Boxing Men","Blue","WP",28.4,28.6,0.200000000000003,214
2020,"Boxing Men","Red","WP",28.6,28.4,0.200000000000003,215
2020,"Boxing Men","Red","WP",29.4,27.6,1.8,217
2020,"Boxing Men","Blue","KO",NA,NA,6.8,218
2020,"Boxing Men","Blue","WP",28,29,1,219
2020,"Boxing Men","Red","WP",30,27,3,220
2020,"Boxing Men","Red","WP",28.6,28.4,0.200000000000003,224
2020,"Boxing Men","Blue","WP",28.4,28.4,0,225
2020,"Boxing Men","Red","WP",29.2,27.8,1.4,226
2020,"Boxing Men","Red","WP",28.8,28.2,0.600000000000001,227
2020,"Boxing Men","Blue","WP",26.8,29.2,2.4,228
2020,"Boxing Men","Red","WP",29,28,1,229
2020,"Boxing Men","Red","WP",28.8,28.2,0.600000000000001,230
2020,"Boxing Men","Blue","WP",28.2,28.8,0.600000000000001,231
2020,"Boxing Men","Blue","WP",28.2,28.8,0.600000000000001,232
2020,"Boxing Men","Blue","WP",18.2,19.8,1.6,233
2020,"Boxing Men","Red","WP",29,28,1,234
2020,"Boxing Men","Red","WP",28.8,28.2,0.600000000000001,235
2020,"Boxing Men","Red","WP",30,27,3,236
2020,"Boxing Men","Red","WP",29.2,27.8,1.4,237
2020,"Boxing Men","Blue","WP",27.8,29.2,1.4,243
2020,"Boxing Men","Blue","WP",28.6,28.4,0.200000000000003,244
2020,"Boxing Men","Blue","WP",28.6,28.4,0.200000000000003,245
2020,"Boxing Men","Red","WP",29.4,27.6,1.8,246
2020,"Boxing Men","Blue","WP",28.4,28.6,0.200000000000003,247
2020,"Boxing Men","Blue","WP",27.8,29.2,1.4,248
2020,"Boxing Men","Blue","WP",27.4,29.6,2.2,249
2020,"Boxing Men","Red","RSC-I",NA,NA,6.8,254
2020,"Boxing Men","Red","RSC-I",NA,NA,6.8,255
2020,"Boxing Men","Blue","WP",28,29,1,256
2020,"Boxing Men","Blue","WP",27.2,29.8,2.6,259
2020,"Boxing Men","Red","WP",28.8,28.2,0.600000000000001,260
2020,"Boxing Men","Red","WP",28.8,28.2,0.600000000000001,261
2020,"Boxing Men","Red","WP",29.2,27.8,1.4,262
2020,"Boxing Men","Blue","WP",28.2,28.8,0.600000000000001,263
2020,"Boxing Men","Red","WP",28.4,27.6,0.799999999999997,266
2020,"Boxing Men","Red","WP",30,26.6,3.4,267
2020,"Boxing Men","Blue","WP",27.6,29.4,1.8,268
2020,"Boxing Men","Blue","WP",28.2,28.8,0.600000000000001,269
2020,"Boxing Men","Blue","KO",NA,NA,6.8,271
2020,"Boxing Men","Blue","WP",28.2,28.8,0.600000000000001,274
2020,"Boxing Men","Red","WP",29.4,26.4,3,276
2020,"Taekwondo Men","Blue","PTG",22,2,20,103
2020,"Taekwondo Men","Red","PTF",25,18,7,105
2020,"Taekwondo Men","Red","PTF",24,9,15,107
2020,"Taekwondo Men","Blue","PTG",26,6,20,109
2020,"Taekwondo Men","Red","PTF",26,13,13,111
2020,"Taekwondo Men","Red","PTF",23,7,16,113
2020,"Taekwondo Men","Blue","PTF",22,19,3,115
2020,"Taekwondo Men","Blue","PTF",22,19,3,117
2020,"Taekwondo Men","Red","PTG",32,9,23,119
2020,"Taekwondo Men","Red","PTF",24,19,5,121
2020,"Taekwondo Men","Blue","PTG",37,17,20,123
2020,"Taekwondo Men","Blue","PTG",26,6,20,125
2020,"Taekwondo Men","Blue","PTF",25,19,6,127
2020,"Taekwondo Men","Blue","PTF",29,10,19,129
2020,"Taekwondo Men","Red","PTG",27,5,22,134
2020,"Taekwondo Men","Blue","PTG",43,22,21,136
2020,"Taekwondo Men","Red","PTF",15,10,5,140
2020,"Taekwondo Men","Red","PTF",46,16,30,142
2020,"Taekwondo Men","Red","PTF",16,12,4,144
2020,"Taekwondo Men","Red","PTG",38,17,21,202
2020,"Taekwondo Men","Blue","PTG",22,2,20,204
2020,"Taekwondo Men","Red","PTF",22,20,2,206
2020,"Taekwondo Men","Red","PTF",18,15,3,208
2020,"Taekwondo Men","Red","GDP",21,19,1,210
2020,"Taekwondo Men","Red","PTG",53,8,45,212
2020,"Taekwondo Men","Red","PTF",25,18,7,214
2020,"Taekwondo Men","Blue","PTF",18,11,7,216
2020,"Taekwondo Men","Blue","PTF",22,20,2,218
2020,"Taekwondo Men","Blue","PTF",8,7,1,220
2020,"Taekwondo Men","Red","PTF",34,22,12,222
2020,"Taekwondo Men","Blue","PTG",39,19,20,224
2020,"Taekwondo Men","Red","PTF",13,8,5,226
2020,"Taekwondo Men","Red","PTF",28,5,23,228
2020,"Taekwondo Men","Blue","PTF",33,25,8,230
2020,"Taekwondo Men","Red","PTF",11,9,2,232
2020,"Taekwondo Men","Red","PTF",30,21,9,236
2020,"Taekwondo Men","Red","PTF",23,8,15,238
2020,"Taekwondo Men","Blue","PTF",17,15,2,242
2020,"Taekwondo Men","Blue","PTF",22,13,9,244
2020,"Taekwondo Men","Blue","PTF",34,29,5,246
2020,"Taekwondo Men","Blue","RSC",NA,NA,45,302
2020,"Taekwondo Men","Blue","PTF",11,1,10,304
2020,"Taekwondo Men","Blue","PTF",21,15,6,306
2020,"Taekwondo Men","Blue","PTF",13,6,7,308
2020,"Taekwondo Men","Red","PTF",15,11,4,310
2020,"Taekwondo Men","Blue","PTF",17,7,10,312
2020,"Taekwondo Men","Red","PTF",5,4,1,314
2020,"Taekwondo Men","Red","PTF",21,11,10,316
2020,"Taekwondo Men","Red","PTF",6,5,1,318
2020,"Taekwondo Men","Red","PTG",22,0,22,320
2020,"Taekwondo Men","Red","PTF",12,1,11,322
2020,"Taekwondo Men","Blue","PTF",17,15,2,324
2020,"Taekwondo Men","Red","PTF",13,1,12,326
2020,"Taekwondo Men","Red","GDP",13,11,1,328
2020,"Taekwondo Men","Blue","PTG",30,10,20,332
2020,"Taekwondo Men","Blue","PTF",25,10,15,334
2020,"Taekwondo Men","Red","PTF",24,18,6,338
2020,"Taekwondo Men","Red","PTF",12,4,8,340
2020,"Taekwondo Men","Blue","PTF",20,9,11,342
2020,"Taekwondo Men","Blue","PTF",6,4,2,402
2020,"Taekwondo Men","Red","GDP",7,4,1,404
2020,"Taekwondo Men","Red","PTG",26,5,21,406
2020,"Taekwondo Men","Blue","PTG",24,3,21,408
2020,"Taekwondo Men","Red","PTF",13,12,1,410
2020,"Taekwondo Men","Red","PTF",11,7,4,412
2020,"Taekwondo Men","Blue","PTF",15,9,6,414
2020,"Taekwondo Men","Red","PTF",11,8,3,416
2020,"Taekwondo Men","Red","PTF",8,6,2,418
2020,"Taekwondo Men","Red","PTF",16,3,13,420
2020,"Taekwondo Men","Blue","PTF",10,2,8,422
2020,"Taekwondo Men","Red","PTF",9,4,5,424
2020,"Taekwondo Men","Red","PTF",30,3,27,426
2020,"Taekwondo Men","Red","PTF",12,6,6,428
2020,"Taekwondo Men","Blue","PTG",22,1,21,432
2020,"Taekwondo Men","Blue","PTF",8,2,6,434
2020,"Taekwondo Men","Blue","PTF",5,4,1,438
2020,"Taekwondo Men","Blue","PTF",5,4,1,440
2020,"Taekwondo Men","Blue","PTF",15,9,6,442
